ref,category,aisle,kcal,protein_g,carbs_g,fat_g,fibre_g,sugars_g,salt_g,sodium,potassium,calcium,magnesium,phosphorus,iron,zinc,selenium,iodine,vitamin_a,vitamin_b1,vitamin_b2,vitamin_b6,vitamin_b12,niacin,folate,pantothenic_acid,vitamin_c,vitamin_d,vitamin_e,cholesterol,saturated_fat
10533,Various/Gelling and binding agents,GROCERY,160,2.4,0,0.2,74.1,,0.3,130,52,660,100,34,4.5,1.5,,,,,,,,,,,,,,,
10536,Sweets/Sugar and sweeteners,GROCERY,310,0.1,76.2,0.5,0.2,68,0,4,4,1,1,1,0.1,0,1.7,,8,0.12,0.17,0.23,0,0.69,30,,17,,0.98,0,0
273,"Nuts, seeds and oleaginous fruit",GROCERY,624,25.6,7.8,52.1,10.6,6.6,0,1.1,740,270,240,510,3.3,3.3,2.2,0.2,0,0.15,0.94,0.13,0,1.88,55.9,0.48,0,0,25.44,0,4.3
14113,Plant based protein foods and alternaives to animal products/Plant based drinks,DAIRY,33,1.1,1.3,2.6,0.3,1.3,0.1,36,34,12,9.5,16,0.1,0.1,0.2,0.4,0,0.01,0.02,0,0,0.16,1.9,0.02,0,0,0.86,0,0.2
14131,Plant based protein foods and alternaives to animal products/Plant based drinks,DAIRY,33,1.1,1.3,2.6,0.3,1.3,0.1,36,34,110,9.5,43,0.1,0.1,0.2,0.4,0,0.01,0.2,0,0.36,0.16,1.9,0.02,0,0.7,1.71,0,0.2
278,"Savoury snacks/Salted nuts, seeds and kernels",GROCERY,637,25.4,10.1,52.5,10.9,4.9,0.6,230,710,270,280,470,3.7,3.3,2,2.4,0,0.08,1.2,0.14,0,3.64,55,0.32,0,0,23.9,0,4.1
269,"Savoury snacks/Salted nuts, seeds and kernels",GROCERY,649,25.6,7.2,55.2,10.5,4.6,0.8,330,670,240,270,470,3.3,3.1,2,2.4,0,0.09,0.78,0.12,0,3.67,27,0.23,0,0,26,0,4.2
13398,"Cereal products, pulses and potatoes/Other cereal products",GROCERY,119,5,18.1,2.1,3.5,0.5,0,1.9,150,58,84,180,3,1.2,,0.8,0,0.02,0.06,0.11,0,0.34,16.2,0.27,1,0,0.4,0,0.4
13397,"Cereal products, pulses and potatoes/Other cereal products",GROCERY,376,15.8,56.8,7,11,1.7,0,4,480,160,250,560,9,3.7,,2.5,0,0.08,0.19,0.53,0,1.2,64.3,0.95,4.2,0,1.19,0,1.5
868,Sweets/Cookies/Biscuits,GROCERY,464,8.8,76.7,13,2.6,76.4,0.1,42,220,69,62,130,0.9,0.8,3.2,1.7,0,0.04,0.31,0.04,0.07,0.48,15,0.17,0.1,0,6.33,0,1.1
14295,Sweets/Cookies/Biscuits,GROCERY,464,12.4,53.5,21.3,4.3,53,0.1,33,330,110,100,210,1.4,1.4,2.9,1.4,0,0.06,0.45,0.06,0.06,0.78,23.8,0.24,0.2,0,10.41,0,1.8
10532,Various/Spreads,GROCERY,272,19.8,0.2,21.3,0,0.1,19,7720,190,220,170,210,2.1,1.3,6,25,10,0.03,0.19,0.28,15.68,2.93,12,0.47,0.4,1.3,5.19,57,4.1
554,Milk and dairy products/Hard cheese,DAIRY,235,33.1,0,11.4,0,0,2,810,120,1090,36,730,0.2,2.5,6.8,35,136,0.04,0.5,0.07,1.3,0.1,15,0.54,0,0.3,0.36,34,6.8
553,Milk and dairy products/Hard cheese,DAIRY,383,24.3,0,31.7,0,0,1.6,620,82,740,29,540,0.3,4,8,8.4,366,0.04,0.36,0.07,1.06,0.1,15,0.33,0,0.5,0.95,95,19
568,Fruit/Fruit juices;Non-alcoholic beverages/Fruit and vegetable juices,PRODUCE,48,0.2,11.4,0.1,0.2,10.9,0,13,110,4.3,4.6,6.6,0.3,0,0.1,1,1,0.01,0,0.04,0,0.04,6.8,0.05,7.1,0,0,0,0
1480,"Sweets/Cakes and tarts;Prepared dishes/Cakes, pies and gratins",GROCERY,162,2.9,20.5,7.3,1.5,10.4,0.2,98,140,21,11,48,0.4,0.3,2.2,3.8,11,0.04,0.05,0.06,0.08,0.12,7.6,0.24,5.4,0.2,0.74,20,3.3
1479,"Sweets/Cakes and tarts;Prepared dishes/Cakes, pies and gratins",GROCERY,160,2.7,19.7,7.5,1.4,10.4,0.3,120,130,20,8.3,38,0.2,0.2,2.1,3.8,11,0.03,0.04,0.04,0.08,0.11,7.1,0.22,5.4,0.2,0.78,20,3.3
378,Fruit/Fresh fruit,PRODUCE,52,0.3,11.6,0.3,1.4,11.5,0,1.5,120,5.3,6.5,14,0.1,0.1,0.7,0.8,2,0.01,0.01,0.04,0,0.08,6,0.08,7.2,0,0.09,0,0.1
435,Fruit/Dried fruit,PRODUCE,264,1.4,55.4,1.6,11.2,50,0,10,620,30,23,50,1.2,0.2,0.5,4.1,0,0.04,0.03,0.12,0,0.48,14,0.28,1.8,0,1.57,0,0.7
1049,Fruit/Cooked fruit (incl. cans),PRODUCE,56,0.3,12.2,0.3,1.5,12.1,0,1.2,94,6.7,6.8,15,0.1,0.1,0.9,1.1,2,0.01,0.01,0.04,0,0.09,4,0.09,3.8,0,0.12,0,0.1
627,Fruit/Cooked fruit (incl. cans),PRODUCE,89,0.3,20.5,0.3,1.9,20.4,0,3.6,97,4.4,3.6,8.1,0.2,0.1,,0.7,,0.02,0.02,0.04,0,0.08,5.9,0.08,2.3,0,0.34,0,0.1
628,Fruit/Cooked fruit (incl. cans),PRODUCE,55,0.3,11.7,0.3,2.1,11.6,0,4,110,4.8,4,9,0.2,0.1,,0.8,,0.02,0.02,0.05,0,0.09,6.5,0.09,2.5,0,0.43,0,0.1
621,Fruit/Cooked fruit (incl. cans),PRODUCE,62,0.9,13.7,0.1,1.4,13.3,0,9.7,140,18,4.9,11,0.1,0.1,0.2,0.5,77,0.02,0,0.02,0,0.11,6.9,0.12,2.2,0,0.45,0,0
1482,"Sweets/Cakes and tarts;Prepared dishes/Cakes, pies and gratins",GROCERY,156,3.3,18.6,7.2,1.7,6.9,0.2,97,240,28,13,53,0.5,0.3,2.2,3.6,132,0.04,0.05,0.07,0.08,0.33,7.3,0.31,2.7,0.2,1.15,20,3.2
1481,"Sweets/Cakes and tarts;Prepared dishes/Cakes, pies and gratins",GROCERY,154,3.1,17.8,7.4,1.7,6.9,0.3,120,240,27,9.8,44,0.3,0.2,2.1,3.6,132,0.04,0.05,0.06,0.08,0.33,6.8,0.29,2.7,0.2,1.19,20,3.3
14097,Fruit/Cooked fruit (incl. cans),PRODUCE,41,0.9,8.2,0.1,1.5,6.1,0,0,180,16,7.6,20,0.2,0.1,0.8,0.6,164,0.02,0.02,0.05,0,0.34,3.2,0.16,1.6,0,0.74,0,0
469,Fruit/Dried fruit,PRODUCE,239,2.9,59.1,0.5,8.3,34.3,0,11,1370,82,50,110,1.4,0.4,2.2,2.7,210,0.01,0.04,0.15,0,2.69,8.9,0.58,0.2,0,4,0,0.2
379,Fruit/Fresh fruit,PRODUCE,44,0.8,9,0.1,1.7,6.7,0,0,260,15,8.4,22,0.2,0.1,0.7,0.5,192,0.02,0.02,0.06,0,0.38,5.6,0.18,3.6,0,0.65,0,0
1051,Fruit/Cooked fruit (incl. cans),PRODUCE,45,1,9,0.2,1.7,6.7,0,0,200,18,8.4,22,0.2,0.1,0.9,0.6,180,0.02,0.02,0.05,0,0.38,3.5,0.18,1.8,0,0.82,0,0
13449,Vegetables/Cooked vegetables (incl. cans),PRODUCE,27,1.8,2.3,0,3.2,1.2,0.8,310,150,25,18,34,0.4,0.3,,0,2,0.02,0.03,0.03,0,0.39,54.3,0.13,12.2,0,1.12,0,0
443,Vegetables/Fresh vegetables,PRODUCE,26,2.2,2.8,0.3,1.8,1.9,0,2.1,220,16,11,50,0.4,0.5,1,5,13,0.12,0.18,0.08,0,0.61,79.4,0.22,14.8,0,1.13,0,0.1
1024,Vegetables/Cooked vegetables (incl. cans),PRODUCE,25,2,2.7,0.3,1.7,1.8,0,1.8,190,15,9.8,48,0.3,0.5,0.9,4.8,12,0.09,0.16,0.07,0,0.49,47.6,0.19,11.1,0,1.13,0,0.1
14162,Vegetables/Fresh vegetables,PRODUCE,26,1.9,3.1,0.3,1.8,1.9,0,2,250,17,13,59,0.4,0.6,0.6,4,25,0.13,0.12,0.11,0,0.24,98.5,0.27,12.5,0,2,0,0.1
14161,Vegetables/Fresh vegetables,PRODUCE,26,2.4,2.5,0.3,1.8,1.9,0,1.8,190,16,8.9,41,0.4,0.4,0.6,4,0,0.09,0.23,0.06,0,0.98,61.2,0.16,17.7,0,1.13,0,0.1
380,"Nuts, seeds and oleaginous fruit",GROCERY,158,1.6,1.2,15.1,5.5,1.1,0,2.4,430,15,29,45,0.5,0.5,0,0,9,0.05,0.11,0.14,0,1.22,57.9,0.94,3.7,0,1.94,0,2.8
704,Sausages and cold meats/Raw sausage products,MEAT_FISH,322,17.8,0.6,27.6,0,0.6,2.8,1130,270,10,16,150,0.4,2,11,1.1,6,0.62,0.14,0.22,0.35,4.08,3,0.6,24.3,0.6,0.29,49,10.6
707,Sausages and cold meats/Raw sausage products,MEAT_FISH,400,22.1,0.6,34.3,0,0.6,3.8,1520,400,0,22,210,0,2.3,9.6,0,4,0.56,0.14,0.3,0.5,6.9,0,1.1,8.3,1.7,0,62,13.1
845,"Bread, flakes and breakfast cereals/Bread and bread products",BAKERY,255,9,51.2,0.9,2.9,0.5,1.6,660,140,10,22,81,0.9,0.7,2.7,1,0,0.12,0.03,0.09,0.01,0.46,8.8,0.26,0,0,0.36,0,0.2
13455,"Various/Salt, spices and flavours",GROCERY,128,0.7,25.8,0,0.5,19.1,0.1,27,160,18,12,24,1,0.1,0,0,0,0,0,1.71,0,0,5.5,0.07,0,0,0,0,0
1577,Prepared dishes/Asian dishes,GROCERY,130,13.5,13.1,2.4,0.9,1.3,1,400,200,9,18,120,0.7,0.6,22,1.5,26,0.11,0.08,0.14,0.05,3.57,5,0.32,11.6,0.3,0.41,44,0.3
741,Fruit/Dried fruit,PRODUCE,273,3,60.2,1,5.5,43.7,0,8,1150,20,90,75,1.3,0.6,,8.1,8,0.1,0.18,0.81,0,2,33.3,0.54,4,0,0.6,0,0.4
740,Fruit/Dried fruit,PRODUCE,370,3.9,80.7,1.8,7.6,65.3,0,3,1490,22,110,74,1.2,0,,0,30,0.18,0.24,0,0,2.8,0,0,7,0,0,0,0.7
381,Fruit/Fresh fruit,PRODUCE,90,1.1,19.7,0.2,2.7,15.6,0,0,320,5.1,28,29,0.2,0.1,0.5,3,7,0.05,0.03,0.25,0,0.6,25.6,0.23,11.9,0,0,0,0.1
13937,Various/Sauces,GROCERY,131,0.6,30.3,0.6,1.2,27.5,1.8,710,220,46,12,15,0.9,0.1,0,2.1,7,0,0,0.04,0,0.53,9.3,0.1,0,0,1.17,0,0.1
739,"Bread, flakes and breakfast cereals/Flakes, bran and germs",GROCERY,333,8.5,66.1,1.5,10.3,2.2,0,3,160,16,66,190,2,1.3,1,1,0,0.2,0.08,0.29,0,3.1,19,0.49,0,0,0.25,0,0.3
1587,"Cereal products, pulses and potatoes/Other cereal products",GROCERY,134,3.2,22.3,2.4,4.8,1.1,0.8,340,120,12,26,88,0.7,0.7,1,0.8,0,0.07,0.02,0.08,0,0.43,16.3,0.07,0.6,0,0.4,0,0.3
464,Vegetables/Herbs,PRODUCE,46,3.1,5.1,0.8,3.1,5,0,9,300,250,11,37,5.5,0.7,,0.9,405,0.08,0.31,0.18,0,1.1,50,0.2,26,0,1,0,0.1
1248,Sweets/Cookies/Biscuits,GROCERY,412,7.5,75,7.9,2.8,52,0,2.7,180,51,40,98,1,0.7,1.1,0.4,1,0.06,0.15,0.11,0,0.44,11.4,0.18,1.1,0,3.82,0,0.7
473,Vegetables/Dried vegetables,PRODUCE,318,20.2,42.1,2,25.3,22.2,0.1,21,2510,540,230,400,7.2,2.5,,25,114,0.45,0.71,1.33,0,4.1,186,2.19,67.6,0,1,0,0.4
353,Vegetables/Fresh vegetables,PRODUCE,32,1.9,4.1,0.2,3,3.3,0,3.9,260,52,25,38,1,0.4,1,2.5,29,0.12,0.09,0.09,0,0.8,53.3,0.13,10.8,0,0.36,0,0.1
12981,Various/Sauces,GROCERY,146,4.2,10.1,9.8,0.2,4.8,0.7,290,170,120,12,100,0.1,0.4,1.3,9.9,74,0.03,0.21,0.03,0.15,0.13,2.7,0.31,0.7,0.2,0.2,31,5.9
1103,Meat and offal/Beef,MEAT_FISH,137,21.4,0,5.7,0,0,0.1,45,330,4.5,20,180,1.8,4.5,8.5,1.6,6,0.07,0.15,0.31,2.85,4.82,5.9,0.68,0,0.2,0.44,53,2.5
1672,Prepared dishes/Other savoury dishes,GROCERY,90,12.3,3.1,3,0.6,1.3,0.8,320,240,9.3,13,110,0.8,2.2,3.5,2.3,63,0.01,0.07,0.16,0.56,2.12,10,0.39,0.9,0.2,0.32,31,0.5
14280,Meat and offal/Beef,MEAT_FISH,126,16.1,3.2,5.2,0.6,2.2,1.2,500,320,13,23,120,2.2,3.2,6.5,0.6,24,0.08,0.12,0.16,1.43,3.5,10.1,0.74,1.7,0,0.97,25,1.6
13292,Meat and offal/Beef,MEAT_FISH,186,31.1,0,6.9,0,0,0.1,43,270,5.9,18,190,2.8,8.2,12,5,7,0.03,0.17,0.37,1.4,4.25,6.5,0.74,0,0.6,0.33,98,3.2
13291,Meat and offal/Beef,MEAT_FISH,276,26.6,0,18.9,0,0,0.1,41,230,5,16,160,1.8,5.3,15,4.5,7,0.02,0.16,0.32,1.27,5.3,5.9,0.67,0,0.5,0.3,80,7.9
36,Meat and offal/Beef,MEAT_FISH,132,20.7,0,5.5,0,0,0.1,57,320,4.4,18,180,1.7,4.9,7.2,3,6,0.04,0.13,0.55,1.4,5.1,6,0.74,0,0.5,0.26,59,2.5
35,Meat and offal/Beef,MEAT_FISH,227,19.5,0,16.6,0,0,0.2,60,300,4.1,18,160,1.2,3.5,9.6,3,6,0.04,0.13,0.53,1.4,7,6,0.74,0,0.5,0.26,53,7
1072,Meat and offal/Beef,MEAT_FISH,254,28.3,0,15.6,0,0,0.1,36,230,5.3,18,210,3.6,8,14,0.5,7,0.06,0.24,0.11,4.6,3.91,3.3,0.53,0,0,0.53,100,6.7
719,Meat and offal/Beef,MEAT_FISH,188,18.9,0,12.5,0,0,0.1,48,270,4,18,190,2.2,4.8,8.1,0.3,6,0.09,0.18,0.17,4.6,4.7,3,0.53,0,0,0.43,60,5.4
37,Meat and offal/Beef,MEAT_FISH,102,22.2,0,1.5,0,0,0.1,44,360,4.2,20,190,1.4,3.5,7.6,3,6,0.08,0.13,0.26,1.18,5.03,6,0.74,0,0.5,0.26,56,0.6
13258,Meat and offal/Beef,MEAT_FISH,162,30.2,0,4.6,0,0,0.1,49,290,6,23,210,1.7,4.7,12,4.1,4,0.03,0.12,0.45,1.34,5.48,7,0.76,0,0.4,0.68,63,2
30,Meat and offal/Beef,MEAT_FISH,133,23.2,0,4.5,0,0,0.1,42,360,4.9,20,180,1.3,3.4,9,3,6,0.05,0.1,0.73,1.4,5,6,0.69,0,0.5,0.9,46,2
34,Meat and offal/Beef,MEAT_FISH,106,22.4,0,1.8,0,0,0.1,39,380,5.1,20,190,1,2.8,8,3,6,0.02,0.12,0.63,1.4,4.5,6,0.72,0,0.5,0.9,52,0.7
13262,Meat and offal/Beef,MEAT_FISH,147,27.7,0,4,0,0,0.1,48,330,3.6,25,190,2.9,5.9,12,0.1,5,0.08,0.15,0.13,2,4.91,11.3,1.07,0,0,0.18,47,1.8
639,Meat and offal/Beef,MEAT_FISH,123,21.9,0,4,0,0,0.1,42,340,3,22,160,2.3,4.4,9,0.1,6,0.1,0.13,0.19,2,4.6,10,1,0,0,0.24,35,1.8
657,Meat and offal/Beef,MEAT_FISH,142,20.5,5.3,4.3,0,0,0.3,120,290,7,17,360,7,4.8,40,13,4179,0.28,2.88,0.83,65,14.7,220,7.3,23,1.7,0.75,354,1.1
6,Meat and offal/Beef,MEAT_FISH,154,21.6,0,7.5,0,0,0.2,61,310,5,17,160,2,4.4,7.6,3,7,0.06,0.12,0.45,1.41,3.86,10,0.31,0,0.5,0.26,56,3.2
13297,Meat and offal/Beef,MEAT_FISH,211,32.6,0,8.9,0,0,0.2,82,290,7.1,23,220,3,7,12,4.8,6,0.05,0.16,0.32,1.57,4.9,13.5,0.39,0,0.4,0.23,89,3.8
14237,Meat and offal/Beef,MEAT_FISH,208,19.2,0,14.6,0,0,0.1,54,290,4.1,18,180,1.7,4.2,8.9,1.7,6,0.06,0.15,0.35,3,5.85,4.5,0.64,0,0.2,0.34,57,6.2
32,Meat and offal/Beef,MEAT_FISH,165,21.1,0,9,0,0,0.1,45,330,4.4,18,170,1.5,5,11,3,6,0.04,0.13,0.41,1.4,5,6,0.72,0,0.5,0.26,58,4
648,Meat and offal/Beef,MEAT_FISH,150,19.3,0,8.1,0,0,0.1,45,300,6.8,18,160,2.1,5.7,6.6,0.2,6,0.09,0.19,0.18,4.8,5.2,3,0.57,0,0,0.46,60,4
38,Meat and offal/Beef,MEAT_FISH,97,21.2,0,1.3,0,0,0.1,49,350,3.9,18,180,1.2,3.7,6,3,6,0.01,0.12,0.42,1.4,4.5,6,0.74,0,0.5,0.26,54,0.6
640,Meat and offal/Beef,MEAT_FISH,111,22.6,0,2.3,0,0,0.1,50,360,3.8,23,200,2.2,3.9,6.1,3,6,0.09,0.17,0,2.2,4.5,9.9,0.59,0,0,0,55,1.1
638,Meat and offal/Beef,MEAT_FISH,117,21.6,0,3.5,0,0,0.1,50,300,4,19,210,1.8,5.8,10,0.1,6,0.09,0.19,0.19,5,5.1,3,0.6,0,0,0.31,61,1.2
1075,Meat and offal/Beef,MEAT_FISH,146,28.5,0,3.6,0,0,0.1,59,300,5,22,260,2.4,8.1,14,0.1,5,0.07,0.23,0.14,5.21,5.67,3.5,0.67,0,0,0.24,85,1.3
1074,Meat and offal/Beef,MEAT_FISH,135,26.3,0,3.3,0,0,0.1,54,280,4.6,21,240,2.2,7.4,13,0.1,5,0.07,0.21,0.13,4.81,5.23,3.3,0.62,0,0,0.22,78,1.2
1076,Meat and offal/Beef,MEAT_FISH,170,33.1,0,4.2,0,0,0.2,69,350,5.8,26,300,2.8,9.4,16,0.2,6,0.08,0.27,0.16,6.05,6.58,4.1,0.77,0,0,0.28,98,1.5
656,Meat and offal/Beef,MEAT_FISH,196,16,3.7,13,0,0,0.2,80,260,10,18,160,3,2.9,12,2.3,14,0.13,0.29,0.13,5,4.6,7,2,3,0,0.26,108,4.7
1183,Alcoholic beverages/Beer,GROCERY,38,0.2,7.1,0,0,6.8,0,2.6,23,4.4,10,7,0.1,0,,1.7,0,0,0.02,0.02,0.01,0.27,2.1,0.01,0,0,0,0,0
817,Alcoholic beverages/Beer,GROCERY,39,0.6,2,0,0,2,0,1.4,43,3.6,11,16,0,0,,0,0,0,0.04,0.09,0.1,0.76,5,0.09,0,0,0,0,0
816,Alcoholic beverages/Beer,GROCERY,42,0.5,3.1,0,0,2.2,0,1.9,55,3.5,9.6,19,0,0,,1.5,0,0,0.03,0.06,0.02,0.77,6.3,0.03,0,0,0,0,0
13420,Alcoholic beverages/Beer,GROCERY,23,0.4,4.9,0,0,2.6,0,1.5,34,4.8,6.2,11,0,0,,1,0,0.01,0.01,0.04,0.02,0.65,5,0.08,0,0,0,0,0
451,Vegetables/Fresh vegetables,PRODUCE,48,1.7,8.4,0.3,2.3,8.4,0.1,47,410,18,20,22,0.3,0.3,0.2,0.5,1,0.02,0.04,0.04,0,0.2,91,0.15,4.8,0,0.08,0,0
1019,Vegetables/Cooked vegetables (incl. cans),PRODUCE,56,2,10,0.4,2.7,10,0.1,47,440,21,21,26,0.3,0.4,0.2,0.6,1,0.02,0.05,0.04,0,0.2,68.3,0.16,4.8,0,0.1,0,0.1
359,Vegetables/Fresh vegetables,PRODUCE,22,0.9,3,0.3,1.8,2.6,0,6,190,8.6,11,27,0.4,0.1,0.1,0.4,21,0.03,0.03,0.25,0,0.6,27.8,0.15,122,0,0.63,0,0.1
1017,Vegetables/Cooked vegetables (incl. cans),PRODUCE,27,1.1,3.7,0.4,2.2,3.2,0,6.9,190,11,12,34,0.4,0.1,0.1,0.5,25,0.03,0.03,0.26,0,0.63,22,0.16,117.2,0,0.82,0,0.1
360,Vegetables/Fresh vegetables,PRODUCE,32,0.9,5.9,0.1,1.7,5.2,0,0.4,240,6.6,12,25,0.3,0.1,0.1,0.1,36,0.03,0.08,0.29,0,0.98,41.4,0.16,149,0,2.26,0,0
1018,Vegetables/Cooked vegetables (incl. cans),PRODUCE,39,1.1,7.2,0.1,2.1,6.4,0,0.4,250,8.5,13,31,0.4,0.1,0.2,0.2,43,0.03,0.08,0.31,0,1.04,32.7,0.18,143.1,0,2.97,0,0
851,Sweets/Other sweet pastries,GROCERY,329,6.2,44,13.7,2.4,15.6,0.4,160,110,27,10,72,0.6,0.5,,11,66,0,0,0,0.4,0.7,26,0.4,4.3,0,0.48,68,6.9
1211,Milk and dairy products/Hard cheese,DAIRY,453,27.1,0,38.3,0,,1.6,660,,920,,,,,,,,,,,,,,,,,,,23
1212,Milk and dairy products/Hard cheese,DAIRY,491,30,0,41.2,0,,1.7,690,,,,,,,,,,,0.56,,0.83,,,0.43,,0.8,,,24.7
790,Sausages and cold meats/Boiled sausage products,MEAT_FISH,333,17.3,0,29.4,0,0,1.5,610,220,3.4,20,100,1.3,2.4,,0.7,7,0.53,0.2,0.31,2.61,4.95,2.3,0.54,0,0,0.52,63,10.8
1122,Fruit/Cooked fruit (incl. cans),PRODUCE,38,0.9,5.9,0.5,3.1,5.5,0,0.9,95,20,11,21,0.3,0.1,0.4,1.5,1,0.01,0.03,0.03,0,0.3,15.3,0.17,19.9,0,0.7,0,0.1
1119,Fruit/Fresh fruit,PRODUCE,43,0.9,7,0.5,3.7,6.6,0,1.4,150,20,13,25,0.3,0.1,0.4,1.4,1,0.02,0.03,0.04,0,0.35,29.1,0.2,47.3,0,0.67,0,0.1
859,Sweets/Other sweet pastries,GROCERY,392,8.5,65.1,10.2,3.1,35.7,0.2,74,200,82,38,160,1.5,0.9,2.8,1.4,0,0.1,0.12,0.13,0.04,0.44,14.8,0.31,0.5,0,3.29,0,0.9
789,Sausages and cold meats/Boiled sausage products,MEAT_FISH,291,15.6,0,25.4,0,0,1.4,570,120,2.9,13,79,1.2,2.1,,0.7,5,0.23,0.16,0.13,1.52,2.65,1.6,0.29,0,0,0.43,63,9.4
1198,Prepared dishes/Muesli and pudding,GROCERY,86,2.6,11.1,3.1,1.5,8.2,0,19,160,58,19,78,0.3,0.4,,5.8,16,0.04,0.09,0.05,0.09,0.19,8,0.22,4.7,0,0.41,5,1.1
862,Sweets/Other sweet pastries,GROCERY,363,4.9,57.2,10.4,6.9,33.5,0.8,300,320,64,32,75,1.6,0.6,1.8,2.2,80,0.08,0.06,0.09,0,0.5,15.8,0.24,0.7,0.2,0.43,25,5.9
881,Sweets/Cookies/Biscuits,GROCERY,380,5.5,87.5,0.6,1.5,55.6,0.3,140,87,20,16,150,0.8,0.6,1.1,0.5,0,0.07,0.02,0.09,0,0.15,4.1,0.17,0.6,0,0.25,0,0.1
883,Sweets/Cakes and tarts,GROCERY,258,4.5,22.5,15.9,1.1,14.5,0.1,41,150,46,18,74,1.1,0.4,,7,175,0.03,0.12,0.03,0.5,0.2,13,0.27,1.2,0.3,0.6,75,8.4
778,Sausages and cold meats/Cooked sausage products,MEAT_FISH,149,10.2,2.5,10.9,0.1,2.4,2,790,140,61,13,64,30,1.6,,6.9,34,0.05,0.12,0.19,1.09,0.38,5.1,0.39,0.5,0,0.12,32,4.6
452,Vegetables/Fresh vegetables,PRODUCE,54,1.4,2.1,0.3,18.5,2.1,0,3,240,33,24,82,1.1,0.4,0.2,0.2,4,0.14,0.04,0.1,0,0.3,29.2,0.22,4.9,0,0.8,0,0
1023,Vegetables/Cooked vegetables (incl. cans),PRODUCE,56,1.5,2.2,0.3,19.3,2.2,0,2.7,230,35,23,86,1,0.4,0.2,0.2,4,0.12,0.04,0.09,0,0.27,19.5,0.21,4.4,0,0.89,0,0
1485,"Sweets/Cakes and tarts;Prepared dishes/Cakes, pies and gratins",GROCERY,215,3.2,22.3,11.7,3.6,10.2,0.1,41,160,30,18,47,0.5,0.3,1.2,1.9,52,0.04,0.05,0.04,0.05,0.33,11.6,0.28,6.2,0.1,1.24,19,5.7
1596,"Sweets/Cakes and tarts;Prepared dishes/Cakes, pies and gratins",GROCERY,158,3.5,16.7,7.6,4.3,6.4,0.2,98,200,39,21,55,0.6,0.4,1.7,3.5,15,0.04,0.06,0.04,0.08,0.4,15,0.35,7.9,0.2,1.23,20,3.3
1594,"Sweets/Cakes and tarts;Prepared dishes/Cakes, pies and gratins",GROCERY,156,3.3,16,7.8,4.2,6.4,0.3,120,190,39,18,46,0.5,0.3,1.6,3.5,15,0.04,0.06,0.03,0.08,0.4,15.1,0.35,7.9,0.2,1.27,20,3.3
383,Fruit/Fresh fruit,PRODUCE,47,1.1,6.5,0.7,5.2,6.1,0,1,200,31,20,25,0.4,0.2,0,0.4,9,0.01,0.03,0.02,0,0.47,16.1,0.24,10.7,0,0.76,0,0.1
13395,Milk and dairy products/Fresh cheese and curds,DAIRY,47,7.8,3.9,0,0,3.9,0.1,44,140,130,12,120,0.2,0.5,,10,4,0.04,0.32,0.06,0.36,0.2,24,0.35,0,0.1,0,1,0
1191,Milk and dairy products/Hard cheese,DAIRY,370,19.1,0.1,32.6,0,0.1,3.4,1370,130,640,26,370,0.2,2.2,7.2,46,197,0.03,0.6,0.08,0.74,0.53,40.6,1.04,0,0.6,0.33,84,21.8
14101,Fruit/Dried fruit,PRODUCE,338,6.1,56.4,4.4,24.4,46.4,0,1.7,540,120,49,140,1.8,1.1,1.4,5.6,21,0.42,0.42,0.46,0,3.7,25,0.89,15,0,7.6,0,0.3
389,Fruit/Fresh fruit,PRODUCE,51,0.9,10.6,0.2,1.5,10,0,2,66,10,5,16,0.6,0.1,0,2,2,0.03,0.03,0.05,0,0.22,9,0.12,7.5,0,1.34,0,0
1697,Prepared dishes/Salads,GROCERY,203,15,1.5,15.1,0.5,1.2,0.8,310,200,11,13,100,1.4,3.3,,2.9,17,0.03,0.09,0.21,0.67,2.57,11.5,0.35,7.3,0.3,2.81,45,3.5
668,Prepared dishes/Stews and soups,GROCERY,5,0.3,0.2,0.3,0,0,1.1,420,54,1,10,13,0.2,0,,3,0,0,0.01,0.01,1,0.83,23,0.14,0,0,0,0,0.2
665,Prepared dishes/Stews and soups,GROCERY,5,0.3,0.3,0.3,0,0.1,1,400,10,6,11,5,0,0,,2.8,0,0,0.01,0.01,0.4,1.2,23,0.18,0,0,0,0,0.1
664,Prepared dishes/Stews and soups,GROCERY,6,0.3,0.4,0.4,0,0.1,0.9,360,8,1,4,3,0.1,0,,3.6,0,0.11,0.01,0,0,0.1,1,0.03,0,0,0,0,0.1
1460,"Bread, flakes and breakfast cereals/Bread and bread products",BAKERY,272,9.5,40.4,6.4,7.4,0.9,1.2,460,270,22,86,240,3.3,2.3,3.7,2.6,44,0.25,0.15,0.29,0.03,0.66,33.9,0.68,0,0.1,0.66,20,3.2
820,"Bread, flakes and breakfast cereals/Bread and bread products",BAKERY,325,9,45.7,11.4,2.1,2.9,1.5,590,180,49,14,90,0.5,0.6,2.6,5.3,95,0.11,0.13,0.06,0.1,0.5,23.4,0.37,0.2,0.3,0.56,41,6.5
279,"Nuts, seeds and oleaginous fruit",GROCERY,698,17,4.2,66.5,7.5,2.3,0,0.7,640,160,350,650,2.4,4.3,230,5,0,0.62,0.04,0.1,0,0.3,22,0.18,0.7,0,5.65,0,16.1
10446,"Bread, flakes and breakfast cereals/Bread and bread products",BAKERY,264,9.2,44.6,4.6,3.7,1.3,1.6,620,170,29,36,130,1.5,1.2,2.9,2.7,32,0.17,0.1,0.12,0.03,0.74,21.8,0.39,0.1,0.1,0.41,14,2.3
14109,"Bread, flakes and breakfast cereals/Bread and bread products",BAKERY,272,9.1,45.6,4.7,5.2,4,1.3,500,200,17,59,180,2.4,1.7,3.7,1.4,0,0.19,0.1,0.23,0,0.72,26.5,0.49,0,0,1.43,0,0.5
827,"Bread, flakes and breakfast cereals/Bread and bread products",BAKERY,316,8.9,45.7,10.4,2.2,2.7,1.4,540,180,46,14,88,0.5,0.6,2.6,5.1,87,0.11,0.12,0.06,0.1,0.48,22,0.36,0.2,0.2,0.54,38,5.9
826,"Bread, flakes and breakfast cereals/Bread and bread products",BAKERY,267,8.7,49.2,3.3,2.9,4.4,1.3,520,140,13,30,110,1.4,1,2.8,0.9,0,0.16,0.06,0.16,0,0.62,25,0.38,0,0,0.85,0,0.3
825,"Bread, flakes and breakfast cereals/Bread and bread products",BAKERY,271,9.3,43.7,4.9,7.4,4.2,1.3,510,270,21,87,240,3.4,2.3,3.3,1.8,0,0.25,0.14,0.29,0,0.63,31.6,0.65,0,0,1.59,0,0.5
842,"Bread, flakes and breakfast cereals/Bread and bread products",BAKERY,215,8.6,41.4,1,3.1,0.4,1.9,760,130,16,31,120,1.3,1,2.7,1.1,0,0.15,0.07,0.12,0,0.77,25.9,0.3,0,0,0.26,0,0.2
843,"Bread, flakes and breakfast cereals/Bread and bread products",BAKERY,231,9.1,44.6,1,3.5,0.3,2.1,840,140,16,37,130,1.7,1.2,2.7,1.2,0,0.15,0.07,0.18,0,0.78,20.7,0.37,0,0,0.27,0,0.1
14038,Sweets/Other sweet pastries,GROCERY,366,8.6,49.7,14.3,2.2,16.3,1.3,530,310,100,34,160,1.3,1.1,,1.1,69,0.12,0.21,0.1,0.05,0.51,21.6,0.35,0.9,0.1,0.43,20,8.5
844,"Bread, flakes and breakfast cereals/Bread and bread products",BAKERY,255,8.7,51.8,0.8,2.5,0.7,1.7,690,140,7.8,14,60,0.6,0.5,1.9,0.9,0,0.11,0.04,0.06,0.01,0.42,15.4,0.23,0,0,0.38,0,0.2
831,"Bread, flakes and breakfast cereals/Bread and bread products",BAKERY,331,9.2,30.2,17.9,6.4,1.6,1.2,490,240,31,67,210,2.1,1.9,3,3.7,39,0.23,0.1,0.18,0.05,0.75,43.4,0.67,0.1,0.2,0.8,23,3.9
750,"Cereal products, pulses and potatoes/Flour and starch",GROCERY,373,12.7,73.5,2.1,4.5,4.4,1,400,130,50,23,100,1.2,0.9,2.3,2.8,0,0.2,0.05,0.11,0,0.8,39,0.6,0,0,0.4,0,0.5
705,Sausages and cold meats/Raw sausage products,MEAT_FISH,155,32.4,0.4,2.6,0,0,6.8,2730,320,35,0,140,2.4,4.1,7,0,0,0.12,0.6,0.53,0,2.4,19,0,0,0.5,0.12,65,0.8
613,Milk and dairy products/Soft cheese,DAIRY,297,21.4,0,23.5,0,0,1.3,510,84,420,19,300,0.1,2.5,,8.3,255,0.02,0.25,0.14,1.8,1.2,65,0.69,0,0.5,0.61,71,14.1
616,Milk and dairy products/Soft cheese,DAIRY,342,17.7,0,30,0,0,1.4,560,120,500,20,340,0.2,2.3,,20,293,0.02,0.34,0.13,1.31,1.1,61.1,0.38,0,0.7,0.78,90,18
351,Vegetables/Fresh vegetables,PRODUCE,39,3.6,3.2,0.6,3.2,1.9,0,12,390,46,21,80,0.9,0.5,0.8,7.6,46,0.1,0.12,0.21,0,0.8,60.3,0.77,102.9,0,1.45,0,0.2
1005,Vegetables/Cooked vegetables (incl. cans),PRODUCE,35,3.3,2.9,0.5,2.8,1.7,0,9.8,320,42,19,73,0.7,0.4,0.7,6.9,40,0.08,0.1,0.17,0,0.62,34.8,0.63,74.2,0,1.39,0,0.1
829,"Bread, flakes and breakfast cereals/Bread and bread products",BAKERY,234,9.5,44.3,1.2,4.1,0.5,1.6,630,150,20,38,150,1.6,1.3,3.4,1.3,0,0.23,0.07,0.08,0,1.12,20.5,0.33,0,0,0.27,0,0.2
14077,"Bread, flakes and breakfast cereals/Bread and bread products",BAKERY,234,9.5,44.3,1.2,4.1,0.5,1.6,620,150,20,38,150,1.6,1.3,3.4,40,0,0.23,0.07,0.08,0,1.12,20.5,0.33,0,0,0.27,0,0.2
864,Sweets/Cookies/Biscuits,GROCERY,515,14.9,43.3,29.8,6.7,39.4,0.1,57,580,140,140,270,3.7,2.1,4,1.6,0,0.09,0.5,0.08,0.04,1,29.5,0.31,0.2,0.1,11.57,0,5.8
1021,Vegetables/Cooked vegetables (incl. cans),PRODUCE,37,3.6,3,0.4,3.6,2.5,0,4.7,350,28,18,72,0.5,0.3,2.9,0.6,8,0.11,0.12,0.24,0,0.45,26.8,0.49,105,0,0.86,0,0.1
363,Vegetables/Fresh vegetables,PRODUCE,41,4,3.3,0.4,4,2.8,0,5.8,430,31,21,78,0.6,0.4,3.2,0.7,10,0.14,0.13,0.3,0,0.59,46.5,0.59,145.6,0,0.89,0,0.1
420,"Cereal products, pulses and potatoes/Flour and starch",GROCERY,343,12,65.4,2.8,4.7,1.4,0,0.4,410,15,190,260,2.3,1.4,2.8,2.5,0,0.58,0.15,0.23,0,2.32,57.5,1.48,0,0,0.08,0,0.3
421,"Cereal products, pulses and potatoes/Other cereal products",GROCERY,341,13.1,62.4,3.1,5.8,0.9,0,0,420,15,200,370,2.1,1.6,3.2,3.7,1,0.43,0.14,0.26,0,2.92,59.8,1.24,0,0,0.13,0,0.3
14250,Meat and offal/Beef,MEAT_FISH,208,18.3,6.5,12,0.7,1.3,0.7,290,280,21,18,160,1.5,3.2,11,7.7,21,0.05,0.14,0.3,1.1,4.85,14.5,0.77,2.3,0.5,0.35,86,4.8
1583,Meat and offal/Beef,MEAT_FISH,231,17.8,6.4,14.7,0.7,1.2,0.7,290,270,21,18,150,1.5,3.1,11,7.5,21,0.05,0.14,0.29,1.07,4.73,14.1,0.75,2.3,0.5,0.98,83,4.9
14115,"Plant based protein foods and alternaives to animal products/Substitutes for meat, meat products, fish or egg",DAIRY,197,18,4.1,11.1,4.3,1.9,1.2,490,360,62,51,200,2.9,1.8,6.6,15,6,0.05,0.04,0.05,0,0.36,33.2,0.23,0,0,1.5,,5.5
901,Sweets/Cakes and tarts,GROCERY,430,6.9,44.7,24.7,0.8,26.6,0.2,68,99,21,13,94,0.9,0.7,7.3,12,248,0.09,0.1,0.07,0.38,0.1,24.2,0.83,1.5,1.1,0.96,158,13.7
836,"Bread, flakes and breakfast cereals/Bread and bread products",BAKERY,432,8.7,43.5,24.2,2.6,3.3,1.2,490,170,52,25,120,1,0.9,3.5,3,201,0.12,0.11,0.11,0.1,0.59,21.5,0.38,0.3,0.5,0.71,77,14.1
834,"Bread, flakes and breakfast cereals/Bread and bread products",BAKERY,365,6.8,37.3,19.7,5.2,1.2,1.1,440,160,15,24,110,1,1,2.1,2.5,163,0.12,0.07,0.1,0.04,0.67,22.4,0.34,0,0.4,0.72,63,11.4
49,Fats and oils/Fats,DAIRY,746,0.7,0.7,82.3,0,0.6,0,0,21,18,1.5,22,0,0,0.5,8,802,0,0.04,0,0.07,0.04,0,0.06,0,1.1,1.77,241,49.4
191,Fats and oils/Fats,DAIRY,391,4.8,3.5,39.8,0,3.5,0.3,120,160,120,14,90,0,0.4,,3.5,340,0.03,0.01,0.02,0.5,0.97,10,0.35,0,1.4,1,140,24.1
60,Fats and oils/Fats,DAIRY,747,0.4,0.6,82.5,0,0.5,0,0,18,12,1,18,0,0,,0,825,0,0.02,0,0,0,0,0,0,1.3,2.2,246,49.5
50,Fats and oils/Fats,DAIRY,885,0.1,0,98.3,0,0,0,0,0,0,0,0,0,0,0,0,766,0,0,0,0,0,0,0,0,1.6,1.77,282,58.9
14297,Fats and oils/Fats,DAIRY,732,0.7,0.7,80.7,0,0.6,1.9,770,21,18,1.5,22,0,0.2,0.5,8.2,786,0,0.04,0,0.06,0.04,0,0.06,0,1.1,1.74,236,48.5
448,Vegetables/Fresh vegetables,PRODUCE,16,1.3,1.1,0.4,1.3,0.7,0,10,230,41,12,28,0.5,0.3,0.1,0.6,92,0.07,0.1,0.05,0,0.5,50.1,0.15,8.2,0,0.3,0,0.1
529,Milk and dairy products/Milk and yoghurt beverages,DAIRY,34,3.4,4,0.5,0,4,0.1,57,150,110,16,90,0.1,0.5,,7.3,9,0.03,0.16,0.04,0.2,0.1,5,0.3,0.6,0,0.02,1,0.3
781,Sausages and cold meats/Raw sausage products,MEAT_FISH,363,15.9,1.6,32.4,0.8,1.5,2.5,990,160,15,17,72,0.7,1.1,,1.4,5,0.44,0.13,0.27,1.05,2.69,12.1,0.38,72.9,0,0.68,46,11.8
10582,Vegetables/Cooked vegetables (incl. cans),PRODUCE,31,2.1,3.1,0.5,2.7,2.6,0,11,260,46,14,46,0.4,0.3,0.8,2.9,22,0.06,0.07,0.15,0,0.42,30.5,0.43,50,0,0.69,0,0.1
1167,Vegetables/Fresh vegetables,PRODUCE,32,2.2,3.3,0.5,2.8,2.7,0,13,310,49,15,48,0.5,0.3,0.9,3.1,23,0.07,0.08,0.18,0,0.52,50.8,0.51,70.4,0,0.7,0,0.1
1176,"Cereal products, pulses and potatoes/Dough",BAKERY,375,6.7,38.5,21.2,1.8,0.3,0.8,330,100,11,19,72,0.8,0.7,1.4,0.7,205,0.12,0.03,0.09,0,0.18,8.8,0.26,0,0.3,0.73,55,12.4
906,"Cereal products, pulses and potatoes/Dough",BAKERY,394,6.6,38.1,23.5,1.8,0.2,0.8,320,98,7.8,19,67,0.8,0.6,1.3,0.7,0,0.12,0.02,0.09,0,0.18,8.8,0.26,0,0,2.26,0,10.8
13417,"Cereal products, pulses and potatoes/Dough",BAKERY,372,7.6,33.8,21.5,6.1,0.7,0.8,340,220,20,72,200,2.8,1.9,2.9,1.5,205,0.26,0.1,0.25,0,0.35,27.6,0.66,0,0.3,0.9,55,12.4
13416,"Cereal products, pulses and potatoes/Dough",BAKERY,359,7.6,33.7,20.2,6.1,0.6,0.9,350,230,18,72,200,2.8,1.9,2.8,1.9,4,0.26,0.1,0.25,0.01,0.4,28.1,0.68,0,0.8,3.4,0,6.1
877,Sweets/Cakes and tarts,GROCERY,440,11.1,38.5,26.1,3.3,29.9,0.1,45,260,80,71,150,1,1,3.7,1.9,98,0.06,0.35,0.05,0.08,0.57,17.3,0.21,0.1,0.2,7.34,31,8.1
916,Sweets/Cakes and tarts,GROCERY,303,11.1,25.8,16.4,3.9,19.6,0.2,65,310,100,71,200,1.8,1.3,6.8,11,165,0.08,0.32,0.08,0.34,0.62,35.9,0.72,2.8,0.7,7.09,92,1.9
10486,Alcoholic beverages/Other alcoholic beverages,GROCERY,55,0.1,5.2,0,0,5.1,0,6.9,59,6.4,8.1,14,0.5,0.1,,6,0,0,0.01,0.01,0,0.05,0,0.05,0,0,0,0,0
622,Milk and dairy products/Soft cheese,DAIRY,188,24.4,0,10,0,0,1.5,600,130,530,22,410,0.3,3,,20,88,0.02,0.5,0.17,1.79,1.2,50,0.66,0,0.5,0.19,30,6
614,Milk and dairy products/Soft cheese,DAIRY,297,20.8,0,23.7,0,0,2.2,890,83,370,19,260,0.1,2.2,8,20,218,0.02,0.23,0.15,1.8,1.1,80,0.8,0,0.5,0.44,71,14.2
619,Milk and dairy products/Soft cheese,DAIRY,354,17.1,0,31.7,0,0,1.2,480,99,350,16,260,0.2,1.6,,6.8,168,0.02,0.71,0.14,1.94,1.1,75.2,0.51,0,0.5,0.59,95,19
13486,Sweets/Other sweets,GROCERY,316,0.9,75.5,0.5,2.7,55.3,0.1,32,54,8.1,5.7,17,0.3,0.1,0.9,0,0,0,0,0.01,0,0,33.2,0.1,0,0,0.17,0,0.1
856,Sweets/Other sweets,GROCERY,289,0.4,70,0.4,2,70,0,2,50,40,5,4,0.3,0.1,,0.5,17,0.02,0.03,0.06,0,0.12,4,0.1,4,0,0,0,0.1
855,Sweets/Other sweets,GROCERY,306,0.4,74.3,0.3,2.3,74.3,0,1,70,50,7,7,0.3,0.1,,0.5,17,0.04,0.03,0.06,0,0.3,4,0.15,4,0,0,0,0.1
953,"Sweets/Candies, fruits gums and chewing gum",GROCERY,351,0.4,79.3,3.6,0,79.3,0.3,120,120,21,5,16,0.8,0.1,,1.1,41,0.03,0.04,0,0,0.01,1,0.04,0.1,0.1,0.11,11,2.2
1644,Prepared dishes/Italian dishes,GROCERY,191,9.8,14.3,10.1,1.7,2.5,0.7,280,260,94,21,130,1,1.7,11,4.9,113,0.04,0.09,0.1,0.28,1.2,11.8,0.24,2.8,0.2,0.76,34,5.2
1646,Prepared dishes/Italian dishes,GROCERY,221,7.8,14.6,14.3,1.5,1.5,0.9,340,210,200,37,160,0.7,1,11,10,204,0.03,0.17,0.08,0.26,0.55,13.2,0.23,5.3,0.2,1.12,38,8.2
14282,Vegetables/Cooked vegetables (incl. cans),PRODUCE,38,2.2,3.5,0.9,3.6,0.4,4.1,1620,40,40,33,10,0.9,0.3,,6,7,0.02,0.14,0.02,0,0.65,23,0.03,4.3,0,0.88,0,0.2
1121,Milk and dairy products/Milk and yoghurt beverages;Non-alcoholic beverages/Coffee,DAIRY,43,2,2.9,2.5,0.1,2.9,0.1,25,110,77,7.5,57,0,0.2,0.7,5.9,28,0.01,0.13,0.02,0.1,0.12,2.7,0.22,0.6,0,0.08,10,1.5
1692,Prepared dishes/Other savoury dishes,GROCERY,166,8.1,9.7,10.4,0.8,0.9,1,390,180,42,17,85,1,1,4.7,7.3,120,0.1,0.1,0.1,0.59,1.52,17.3,0.53,4.3,0.4,0.73,59,5.2
14060,Sweets/Other sweet pastries,GROCERY,553,11.5,51.7,32.9,2.3,1.9,0.1,58,170,28,14,100,0.8,0.7,7.6,13,273,0.14,0.1,0.06,0.35,0.25,23.7,0.88,0,1,2.57,159,16.1
566,Non-alcoholic beverages/Fruit and vegetable juices;Vegetables/Vegetable juices,GROCERY,32,0.7,6.6,0.1,0.9,4.7,0.1,34,270,23,13,38,0.5,0.1,,14,483,0.06,0.06,0.19,0,0.39,3.9,0.22,6.8,0,0.54,0,0
355,Vegetables/Fresh vegetables,PRODUCE,42,0.6,7.6,0.4,2.7,6,0.1,28,220,29,7.1,23,0.1,0.2,0.2,1.8,692,0.03,0.02,0.07,0,0.3,59.4,0.34,3.1,0,0.27,0,0.1
1002,Vegetables/Cooked vegetables (incl. cans),PRODUCE,44,0.7,8,0.4,2.8,6.3,0.1,25,210,31,6.7,24,0.1,0.2,0.2,1.9,692,0.03,0.02,0.07,0,0.27,39.6,0.32,2.8,0,0.3,0,0.1
275,"Nuts, seeds and oleaginous fruit",GROCERY,619,21.5,23.2,48.1,3.6,3.1,0,9.2,660,40,270,540,5.9,4,15,5,0,0.59,0.06,0.42,0,1.1,45.5,1.2,0.5,0,0.28,0,8.2
350,Vegetables/Fresh vegetables,PRODUCE,26,1.8,2.1,0.7,2,1.7,0,6,270,23,9.8,40,0.3,0.3,1,0.7,1,0.04,0.09,0.15,0,0.26,56,0.75,60.2,0,0.09,0,0.2
1004,Vegetables/Cooked vegetables (incl. cans),PRODUCE,26,1.8,2.1,0.7,2,1.7,0,5.4,240,23,9.3,40,0.2,0.3,1,0.7,0,0.03,0.09,0.14,0,0.22,35.4,0.67,47.5,0,0.09,0,0.2
1660,Prepared dishes/Other savoury dishes,GROCERY,136,5.4,8.4,8.2,3.5,1.5,0.3,130,390,95,15,120,0.6,0.7,,11,43,0.06,0.1,0.15,0.31,0.25,23.7,0.75,4.2,0.5,0.58,66,2.2
1655,Vegetables/Cooked vegetables (incl. cans),PRODUCE,139,4.7,15.4,5.7,4,1.9,0.3,130,400,47,15,88,0.7,0.6,,7.4,16,0.08,0.07,0.16,0.16,0.31,24.2,0.7,4.3,0.3,0.55,45,0.7
357,Vegetables/Fresh vegetables,PRODUCE,32,1.4,4,0.3,3.8,1.6,0.1,56,460,40,13,56,0.4,0.4,0.9,2.4,3,0.06,0.04,0.19,0,0.3,39,0.56,7.1,0,0.12,0,0.1
1013,Vegetables/Cooked vegetables (incl. cans),PRODUCE,32,1.4,4,0.3,3.8,1.6,0.1,47,410,40,12,57,0.3,0.3,0.9,2.4,3,0.05,0.04,0.17,0,0.26,24.9,0.5,6,0,0.13,0,0.1
366,Vegetables/Fresh vegetables,PRODUCE,18,0.6,2.4,0.2,2.2,1.3,0.2,79,390,46,11,24,0.1,0.1,0,1,5,0.03,0.08,0.06,0,0.55,56.8,0.27,9.8,0,0.13,0,0
1026,Vegetables/Cooked vegetables (incl. cans),PRODUCE,19,0.6,2.4,0.2,2.2,1.3,0.2,71,350,46,11,24,0.1,0.1,0,1,5,0.02,0.07,0.06,0,0.47,36.3,0.24,7.8,0,0.14,0,0
13448,Sweets/Bars,GROCERY,460,8.7,57.9,20.3,5.7,37,0.4,150,450,110,67,210,2.3,1.6,,7.2,25,0.17,0.19,0.14,0,1.06,21.6,0.36,2.5,0,1.03,4,10.9
13488,Sweets/Bars,GROCERY,418,8.2,64,13,6,32.1,0.4,180,270,29,62,180,2.2,1.4,2.8,1.8,4,0.19,0.07,0.17,0,1.36,22.8,0.4,1.7,0,1.13,0,5.5
14143,"Bread, flakes and breakfast cereals/Muesli mixes and breakfast cereals",GROCERY,446,6.3,66.6,16.1,4.9,27.4,0.4,180,330,61,70,180,3.1,1.6,1.9,,1,0.08,0.05,0.07,0,1.79,20.9,0.26,0,0,6.82,0,3.2
1696,"Bread, flakes and breakfast cereals/Flakes, bran and germs",GROCERY,352,11.5,63.5,3.7,9.5,1.4,0,8.1,280,28,100,310,3.9,2.5,2.5,2.7,0,0.33,0.08,0.27,0,2.64,36.6,0.71,0,0,0.53,0,0.6
14153,"Bread, flakes and breakfast cereals/Muesli mixes and breakfast cereals",GROCERY,408,8.1,76.2,6.6,5.6,17.8,0.5,200,340,37,61,180,2.7,1.7,,2.8,3,0.03,0.05,0.1,0,3.66,16.9,0.29,0.1,0,0.36,1,3.6
14154,"Bread, flakes and breakfast cereals/Muesli mixes and breakfast cereals",GROCERY,379,8.4,79.5,1.6,6.4,12.8,0.5,220,290,29,56,190,2.2,1.7,2.1,2.3,0,0.04,0.03,0.13,0,4.36,29.6,0.4,8.6,0,0.8,0,0.3
14138,"Bread, flakes and breakfast cereals/Muesli mixes and breakfast cereals",GROCERY,382,8.5,80.7,1.5,5.6,10.9,0.6,230,260,22,53,190,2.2,1.7,2.2,2,0,0.03,0.02,0.11,0,4.3,18.9,0.31,0,0,0.42,0,0.3
1081,Sausages and cold meats/Boiled sausage products,MEAT_FISH,249,13.4,0.5,21.5,0,0.5,2.1,840,190,11,13,190,0.8,1.6,6.8,0.4,2,0.31,0.12,0.09,0.57,3.06,1,0.4,37.3,0.7,0,51,8.2
376,Vegetables/Mushrooms,PRODUCE,24,2.3,0.2,0.5,4.7,0.2,0,3,510,8,14,44,6.5,0.6,,3,43,0.02,0.15,0.04,0,5.2,12.9,1.57,5.7,2.1,0.1,0,0.1
1038,Vegetables/Mushrooms,PRODUCE,28,2.6,0.2,0.6,5.7,0.2,0,3.2,480,9.5,14,51,6.7,0.6,,3.5,52,0.02,0.15,0.04,0,5.07,9.4,1.57,5,2.6,0.12,0,0.1
1569,Prepared dishes/Salads,GROCERY,262,13.8,0.7,22.6,0.3,0.6,1.4,560,130,290,18,260,0.7,2,,6.2,88,0.14,0.14,0.08,0.7,1.44,7.7,0.27,18.7,0.4,1.47,45,9.4
1601,Prepared dishes/Other savoury dishes,GROCERY,270,13.6,25.9,12,2.3,1,1.4,550,150,290,34,280,1.2,1.9,7.2,14,100,0.11,0.18,0.07,0.53,0.67,11.9,0.51,0.1,0.6,0.48,73,6.7
1196,Milk and dairy products/Hard cheese,DAIRY,400,28.4,0,31.8,0,0,1.6,640,95,1100,39,690,0.5,4.1,10,29,293,0.02,0.34,0.11,1.69,0.2,13.6,0.59,0,0.7,0.52,89,19.9
14152,Plant based protein foods and alternaives to animal products/Other dairy substitutes,DAIRY,442,14.5,15.2,35.3,2.6,0.3,1.2,490,340,44,150,310,3.9,3.6,12,,1,0.3,0.07,0.27,0,0.52,34.3,0.42,0,0,3.79,0,5.8
14151,Plant based protein foods and alternaives to animal products/Other dairy substitutes,DAIRY,272,0,21.2,20.1,2.3,0.3,1.9,750,34,46,5.2,16,0.2,0.1,0,0,8,0,0,0,0,0,5.6,0.06,0,0,0.26,0,17.4
14024,Prepared dishes/Fast Food,GROCERY,281,13.2,24.3,14.2,1.6,3.3,1.6,640,240,110,27,240,1.4,2.2,6.6,7.7,50,0.19,0.16,0.13,1.3,2.32,19,0.34,0.4,0.1,0.82,36,7.5
882,Sweets/Cakes and tarts,GROCERY,307,5.8,27.5,17.1,1.1,20.4,0.1,58,150,55,23,92,0.6,0.5,,13,146,0.06,0.16,0.06,0.5,0.34,14,0.3,0.3,0.3,2.2,81,7.9
1546,"Sweets/Cakes and tarts;Prepared dishes/Cakes, pies and gratins",GROCERY,169,3.3,21.5,7.4,1.6,9.3,0.2,98,190,24,13,51,0.4,0.3,2.5,4.1,12,0.05,0.06,0.06,0.08,0.19,7.5,0.28,3.2,0.2,0.78,20,3.3
1545,"Sweets/Cakes and tarts;Prepared dishes/Cakes, pies and gratins",GROCERY,167,3.1,20.7,7.6,1.6,9.3,0.3,120,180,23,10,42,0.3,0.2,2.5,4.1,12,0.04,0.05,0.04,0.08,0.19,7.7,0.27,3.2,0.2,0.82,20,3.3
394,Fruit/Fresh fruit,PRODUCE,62,0.8,13,0.4,1.6,10,0,0,190,9.9,8.8,19,0.2,0.1,1.2,1.2,5,0.02,0.02,0.04,0,0.18,5.9,0.14,4.3,0,0.14,0,0.1
1052,Fruit/Cooked fruit (incl. cans),PRODUCE,58,0.9,12,0.5,1.5,9.2,0,0.7,130,11,8.1,17,0.2,0.1,1.4,1.4,5,0.02,0.02,0.03,0,0.17,3.4,0.13,2,0,0.16,0,0.1
14300,Sweets/Other sweets,GROCERY,219,2.1,47,1.4,5.3,26.6,0,0.5,270,13,22,42,1.5,0.7,1.3,0.1,0,0.15,0.06,0.14,0,0.77,38.9,0.31,32.4,0,0.36,0,0.2
272,"Nuts, seeds and oleaginous fruit",GROCERY,190,2.9,36.5,1.9,7.5,7.9,0,0.6,380,18,31,59,2.1,1,1.8,0.1,1,0.21,0.08,0.2,0,1.08,54.7,0.44,45.6,0,0.5,0,0.3
14301,"Nuts, seeds and oleaginous fruit",GROCERY,210,3.9,41.1,1.7,7.1,11.3,0,0,630,29,46,93,1.1,0.7,0,0,2,0.14,0.07,0.1,0,1.7,139,0.43,27.6,0,0.1,0,0.3
13457,"Nuts, seeds and oleaginous fruit",GROCERY,482,21.4,1.8,34.1,40.9,1.8,0,16,640,550,320,650,6.5,5.1,9.7,0,0,0.47,0.2,0.14,0,4.13,70.7,0.34,1.6,0,0.5,0,3.1
1674,Meat and offal/Poultry,MEAT_FISH,123,15.8,3.3,5.1,0.4,1.5,0.6,220,280,15,22,150,0.9,0.4,9,1.2,29,0.08,0.09,0.39,0.13,5.49,7.1,0.46,0.6,0.8,0.57,44,1.5
1070,Eggs,DAIRY,156,14,0.3,10.9,0,0.3,0.4,160,150,46,12,180,1.7,1.2,26,27,118,0.09,0.26,0.08,1.16,0.04,59.6,2.16,0,2.9,1.37,389,2.9
20,Meat and offal/Poultry,MEAT_FISH,152,23.3,0,6.5,0,0,0.1,34,320,3.9,26,210,0.3,0.5,10,10,12,0.08,0.14,0.77,0.4,4.43,10,0.87,0,1.5,0.62,70,2.1
22,Meat and offal/Poultry,MEAT_FISH,107,24.6,0,1,0,0,0.1,36,350,3.3,27,220,0.3,0.5,14,0.9,6,0.16,0.11,0.77,0.29,10.92,12,0.87,0,1.5,0.62,63,0.3
13276,Meat and offal/Poultry,MEAT_FISH,128,30.1,0,0.8,0,0,0.1,38,400,4.1,27,230,0.4,0.6,18,1.2,6,0.14,0.14,0.53,0.24,10.92,7.5,0.87,0,1.4,0.58,79,0.2
13310,Meat and offal/Poultry,MEAT_FISH,187,23.9,0,10.2,0,0,0.2,71,240,7.2,21,190,0.6,1.3,31,11,30,0.11,0.18,0.46,0.67,4.73,8,0.87,0,1.5,0.66,107,3.2
24,Meat and offal/Poultry,MEAT_FISH,163,17.9,0,10.2,0,0,0.2,63,300,5.7,20,180,0.5,1,23,8,30,0.14,0.15,0.57,0.77,4.43,10,0.87,0,1.5,0.62,80,3.2
26,Meat and offal/Poultry,MEAT_FISH,135,19.7,0,6.2,0,0,0.2,76,300,5.6,20,190,0.5,0.9,16,5,5,0.14,0.27,0.38,0.4,4.43,10,0.87,0,1.5,0.62,86,1.9
13309,Meat and offal/Poultry,MEAT_FISH,193,25.1,0,10.3,0,0,0.2,79,210,15,21,170,0.9,1.3,23,13,12,0.09,0.18,0.4,0.35,4.73,6.4,0.9,2.7,0,0.07,103,2.8
711,Meat and offal/Poultry,MEAT_FISH,168,18.8,0,10.3,0,0,0.2,70,260,12,20,160,0.7,1,18,10,12,0.11,0.15,0.5,0.4,4.43,8,0.9,2.5,0,0.07,77,2.8
13460,Prepared dishes/Fast Food,GROCERY,247,12.7,23.8,11,0,2.9,1.2,460,220,66,22,170,0.6,0.7,4.1,1.5,21,0.1,0.05,0.16,0.3,3.67,33.4,0.79,0,0,2.1,28,1.9
1059,"Cereal products, pulses and potatoes/Pulses",GROCERY,131,7.3,16.8,2,8.4,0.9,0,3,330,44,48,140,1.9,0.9,2.5,0.2,5,0.14,0.04,0.09,0,0.44,68,0.24,1.2,0,0.58,0,0.3
439,"Cereal products, pulses and potatoes/Pulses",GROCERY,338,18.6,44.3,4.9,21,2.4,0,8.1,1090,120,140,380,5.4,2.4,6.2,0.6,13,0.52,0.13,0.33,0,1.7,340,1.11,5.1,0,1.6,0,0.6
447,Vegetables/Fresh vegetables,PRODUCE,20,1.1,2.8,0.2,1.2,2.4,0,1.9,190,18,8.9,25,0.2,0.1,0.1,0.4,116,0.05,0.04,0.03,0,0.21,25.6,0.14,1.6,0,0,0,0
1006,Vegetables/Cooked vegetables (incl. cans),PRODUCE,20,1.1,2.8,0.2,1.2,2.4,0,1.7,160,18,8.3,24,0.1,0.1,0.1,0.4,107,0.04,0.04,0.03,0,0.17,15.8,0.12,0.9,0,0,0,0
1648,Prepared dishes/Stews and soups,GROCERY,118,10.2,9.2,3.5,3.9,2.2,0.3,120,440,29,35,130,1.9,1.9,2.9,2.5,27,0.11,0.07,0.16,0.29,1.84,43.4,0.18,4.2,0.1,0.77,17,1.1
437,Vegetables/Fresh vegetables,PRODUCE,14,1.4,1.2,0.2,1.1,1.2,0,6.5,240,32,9.7,40,0.3,0.2,0.3,0.3,3,0.04,0.04,0.16,0,0.4,51.2,0.18,22.1,0,0.24,0,0
1007,Vegetables/Cooked vegetables (incl. cans),PRODUCE,14,1.3,1.2,0.2,1,1.1,0,5.9,200,32,8.4,40,0.3,0.2,0.2,0.3,3,0.03,0.03,0.13,0,0.33,32,0.16,12,0,0.25,0,0
374,Vegetables/Herbs,PRODUCE,30,3,1.9,0.6,2.3,1.9,0,3,280,86,40,54,1.5,0.5,,4.2,218,0.08,0.11,0.13,0,0.7,130,0.3,60,0,1.6,0,0.1
889,Sweets/Cakes and tarts,GROCERY,424,8.1,47.3,21.9,2.9,30.7,0.3,110,310,68,50,170,2,1.1,5.4,7.5,98,0.07,0.18,0.04,0.22,0.36,12,0.41,0.2,0.5,2.57,74,10.5
14008,Sweets/Cookies/Biscuits,GROCERY,502,6.5,59,25.9,3.4,31.5,1,400,270,31,70,150,3.4,1.2,0,11,31,0.26,0.24,0.09,0,1.05,38,0.43,0,0,2.6,17,12.9
14214,Sweets/Chocolate and cocoa products,GROCERY,386,6.5,78.5,3.4,7.7,73.5,0.2,80,1040,45,160,210,13,2,,1,0,0.03,0.06,0.1,0,0.59,12.6,0.02,0,0,0.07,0,2
14230,Sweets/Cakes and tarts,GROCERY,503,6.3,44.6,32.8,2,39.2,0.5,220,280,48,38,220,2.4,1.1,9.3,15,205,0.06,0.13,0.04,0.42,0.2,12.7,0.65,0,1.2,0.76,172,18.8
14035,Sweets/Cookies/Biscuits,GROCERY,444,4.2,83.5,9.9,2.2,82.4,0.1,46,290,18,41,46,2.1,0.7,4.8,2.4,1,0.03,0.14,0.02,0.07,0.2,4.4,0.12,0,0,0,0,6.2
14039,Sweets/Cookies/Biscuits,GROCERY,486,5.2,71.5,19.4,2,70.2,0.3,110,450,120,47,130,2.1,1.1,,9,28,0.05,0.26,0.03,0.04,0.29,5.6,0.15,1.3,0,0.11,6,12.1
14302,Prepared dishes/Other sweet dishes,GROCERY,338,5.2,23.1,24.7,1.5,22.3,0.2,82,270,54,32,110,1.9,0.9,8.3,13,199,0.05,0.16,0.04,0.39,0.17,18.4,0.77,0,0.9,0.63,129,14.2
960,Sweets/Chocolate and cocoa products,GROCERY,398,5.3,71.3,7.8,10.5,70.6,0,5,620,37,130,210,4.2,1.8,,0.9,1,0.04,0.13,0.05,0,0.86,12,0.35,0,0,0.22,0,4.6
807,Sweets/Creams and puddings,GROCERY,122,3.6,20,3,0.5,18.7,0.2,65,230,150,14,100,0.9,0.6,,7,26,0.04,0.21,0.05,0.1,0.3,0,0.5,0,0.1,0.1,110,1.5
196,Sweets/Chocolate and cocoa products,GROCERY,537,5.7,53.4,31.8,7,50,0,15,830,48,120,140,6.7,2.2,7.1,2.3,2,0.08,0.15,0.05,0,0.6,7,0.19,0,0,0,1,19.7
197,Sweets/Chocolate and cocoa products,GROCERY,567,6.7,55.8,35.2,0.2,55.3,0.3,110,330,260,12,180,0.3,0.7,,4.9,9,0.06,0.28,0.06,0.56,0.75,7,0.61,2.1,,0.96,16,21.9
13322,Meat and offal,MEAT_FISH,215,28.5,0,11.2,0,0,0.1,54,330,6.4,25,230,0.6,2.2,22,1.4,3,0.54,0.19,0.52,0.93,5.15,3.2,0.97,0,0.4,0.34,81,4.3
1107,Meat and offal,MEAT_FISH,177,21.3,0,10.2,0,0,0.1,45,350,5.1,21,190,0.5,1.6,16,1,3,0.73,0.16,0.68,0.9,4.88,2.7,0.86,0,0.4,0.34,57,3.9
14146,"Plant based protein foods and alternaives to animal products/Substitutes for meat, meat products, fish or egg",DAIRY,139,20.7,3.5,3.3,6.5,1.4,1.5,610,660,86,89,270,3.1,1.6,6.4,5.3,4,0.11,0.1,0.08,0,0.71,44.4,0.36,0,0,1.09,0,0.4
867,Sweets/Cookies/Biscuits,GROCERY,366,8.6,75.3,2.9,2,40.5,0.2,63,160,32,14,82,1.8,0.6,5.6,8.2,18,0.08,0.06,0.04,0.26,0.19,9,0.49,0,0.5,0.51,69,0.7
512,Alcoholic beverages/Wine,GROCERY,31,0,2.5,0,0,2.5,0,4,110,8.9,4,5,0.8,0.2,,9.9,0,0,0,0.01,0,0,0,0.04,0,0,0,0,0
513,Alcoholic beverages/Wine,GROCERY,63,0,7.2,0,0,7.2,0,2,95,4.9,3.9,8.8,0.3,0.2,,9.8,0,0,0,0.01,0.1,0.01,1,0.03,0,0,0,0,0
911,"Various/Salt, spices and flavours",GROCERY,317,3.9,56,3.2,24.4,55.4,0.1,26,500,1230,56,61,38,2,3.1,5,15,0.08,0.14,0,0,1.3,0,0,0,0,0,0,0.9
876,Sweets/Cookies/Biscuits,GROCERY,505,14.2,50.9,25.9,5.6,50.3,0.1,47,400,150,120,250,2.2,1.7,2.6,1.1,0,0.08,0.51,0.07,0.04,0.96,28.6,0.27,0.6,0,12.65,0,2.2
1126,Fruit/Fresh fruit,PRODUCE,40,0.8,7.5,0.3,2.2,7,0,1,160,34,13,28,0.3,0.1,1.5,1.1,12,0.08,0.03,0.05,0,0.31,17.5,0.18,47.6,0,0.3,0,0
1683,Various/Sauces,GROCERY,697,2.3,3.8,74.7,0.2,3.7,0.7,290,91,20,4.8,76,0.9,0.5,5.9,14,66,0.04,0.09,0.07,0.42,0.19,16.9,0.59,3,0.7,22.14,154,6
14303,Sweets/Cookies/Biscuits,GROCERY,474,5.8,57.4,22.6,9.1,57.4,0.3,120,280,7.3,38,72,1.1,0.5,5.3,4.3,0,0.01,0.08,0.03,0,0.25,7.9,0.02,0,0,0.03,1,19.6
888,Sweets/Cookies/Biscuits,GROCERY,549,6.9,35.1,38.9,15.7,35.1,0.2,98,480,8.3,66,120,1.8,0.9,6.6,5.3,0,0.02,0.07,0.06,0.06,0.39,14,0.04,0,0,0.05,0,33.8
14220,Non-alcoholic beverages/Cocoa beverages;Milk and dairy products/Milk and yoghurt beverages,GROCERY,81,3.4,10,3,0.5,9.6,0.1,42,220,110,21,100,0.9,0.5,,9.7,27,0.02,0.15,0.03,0.21,0.15,5.6,0.31,1.7,0.1,0.09,10,1.7
978,Sweets/Chocolate and cocoa products,GROCERY,343,24.8,19.6,12,28.9,0,0.8,320,4020,170,600,800,51,7.5,7.6,4,0,0.13,0.2,0.37,0,2.21,48,0,0,0,0.22,0,7.1
581,Sweets/Chocolate and cocoa products,GROCERY,380,22.4,11.6,20.6,29.5,0.9,0.1,45,3900,140,500,690,49,6.4,7.6,4,0,0.08,0.12,0,0,1.15,107,0.82,0,2.7,0.61,0,12.4
284,"Nuts, seeds and oleaginous fruit",GROCERY,384,4.6,4.8,36.5,9,4.8,0.1,35,380,20,39,94,2.3,0.8,4,1.2,0,0.06,0.01,0.06,0,0.38,30,0.2,2,0,0.15,0,32.1
14124,Plant based protein foods and alternaives to animal products/Plant based drinks,DAIRY,22,0.4,2.8,1,0.1,1.9,0.1,34,72,2.7,5.9,3.9,0.1,0,0.4,0.6,0,0,0,0,0,0.1,0.5,0.03,0,0,0,0,0.8
14132,Plant based protein foods and alternaives to animal products/Plant based drinks,DAIRY,22,0.4,2.8,1,0.1,1.9,0.1,34,72,120,5.9,68,0.1,0,0.4,0.6,0,0,0,0,0.37,0.1,0.5,0.03,0,0.7,0,0,0.8
601,Fats and oils/Fats,DAIRY,894,0.8,0,99,0,0,0,2,2,2,200,1,0,0,0,0,0,0,0,0,0,0,0,0,0,0,0,0,83.7
13458,Fats and oils/Cream,DAIRY,214,2.4,3.1,21.3,0.1,1.7,0,13,220,18,46,96,3.3,0.6,3,1,0,0.02,0,0.03,0,0.64,14,0.15,1,0,0.7,0,18.9
13907,Non-alcoholic beverages/Other beverages,GROCERY,19,0.1,4.5,0,0,3.2,0.1,26,170,10,7.8,6.1,0,0,0,0.3,0,0,0,0.02,0,0,0.8,0.03,24.8,0,0,0,0
742,"Nuts, seeds and oleaginous fruit",GROCERY,653,7.6,5.3,61.3,24.7,5.3,0,19,710,11,100,180,2.8,1.5,6.9,6,0,0.03,0,0.09,0,0.6,20.6,0,0,0,0.08,0,53.3
13350,Fish/Sea fish,MEAT_FISH,74,17,0,0.6,0,0,0.1,56,380,16,24,210,0.2,0.5,26,180,2,0.05,0.04,0.12,1.4,1.84,9.6,0.22,0,2,0.74,74,0.1
285,Fish/Sea fish,MEAT_FISH,78,18.1,0,0.6,0,0,0.1,53,410,13,23,200,0.2,0.4,23,160,2,0.05,0.05,0.14,1.4,2.1,11,0.26,0,1.8,0.59,59,0.1
69,Fats and oils/Cream,DAIRY,161,2.6,3.8,15,0,3.8,0.2,77,140,96,8.2,91,0,0.3,,11,145,0.02,0.14,0.02,0.5,0.1,2.7,0.4,1,0.3,0.34,50,9
1188,Non-alcoholic beverages/Coffee,GROCERY,13,0.3,0.5,1.1,0.2,0.3,0,6.9,35,14,3.7,8.7,0,0,,0.9,11,0,0.01,0,0.04,0.13,0.2,0.03,0.1,0,0.02,4,0.7
994,Non-alcoholic beverages/Coffee,GROCERY,2,0.1,0.3,0,0.2,0,0,1.3,26,8,3.3,2.1,0,0,0,0.1,0,0,0,0,0,0.13,0,0,0,0,0,0,0
983,Non-alcoholic beverages/Coffee,GROCERY,283,11.2,42.6,0,34.1,3.6,0.1,58,4380,170,390,350,4.4,0.5,,20,0,0.01,0.11,0.03,0,22,1,0.4,0,0,0,0,0
498,Non-alcoholic beverages/Soft drinks,GROCERY,40,0,10,0,0,10,0,8.7,1,4.8,1,14,0,0,,1.9,0,0,0,0,0,0,0,0,0,0,0,0,0
499,Non-alcoholic beverages/Soft drinks energy reduced,GROCERY,0,0,0,0,0,0,0,5,1,4,1,8,0,0.1,,1,0,0.01,0.02,0,0,0,0,0,0,0,0,0,0
10353,Sausages and cold meats/Boiled sausage products,MEAT_FISH,274,13.8,0.7,24,0,0.7,2,790,120,8.1,12,150,0.8,1.5,,0.9,3,0.28,0.13,0.15,0.91,2.91,1.8,0.42,26.6,0.5,0.21,58,9.1
1573,Prepared dishes/Salads,GROCERY,119,1.6,4.7,9.8,2.4,4.1,0.2,90,190,57,9.3,39,0.2,0.2,,8,70,0.04,0.06,0.12,0.09,0.19,36.7,0.24,34.7,0.1,5.8,10,1.4
13388,"Cereal products, pulses and potatoes/Pulses",GROCERY,111,7.7,14.5,0.6,8.5,0.4,0,1,420,45,51,150,2,1.1,1.3,0.4,0,0.08,0.02,0.07,0,0.83,76.8,0.08,0.6,0,0.05,0,0.1
13387,"Cereal products, pulses and potatoes/Pulses",GROCERY,305,20.9,40.7,1.5,22.6,1.2,0,1.3,1510,130,160,440,6.3,3.2,3.6,1.1,0,0.34,0.08,0.25,0,3.4,410,0.39,2.7,0,0.15,0,0.3
526,Milk and dairy products/Milk,DAIRY,339,8,54.3,10,0,54.3,0.3,120,360,280,24,250,0.2,0.9,,18,92,0.09,0.43,0.07,0.58,0.22,7,0.8,2.5,0.2,0.2,36,6
527,Milk and dairy products/Milk,DAIRY,131,6.4,9.3,7.6,0,9.3,0.2,98,320,240,27,190,0.1,0.8,3,6.7,51,0.07,0.37,0.06,0.4,0.2,6,0.64,2.1,0.1,0.17,20,4.6
1118,Sausages and cold meats/Cooked sausage products,MEAT_FISH,223,19.8,0.7,15.6,0,0.7,2.8,1130,410,9.8,21,240,0.5,2.3,9.7,1.9,4,0.63,0.16,0.32,0.59,5.59,2,0.88,33.6,0.5,0.2,49,6
1116,Sausages and cold meats/Cooked sausage products,MEAT_FISH,236,15,1.4,18.8,0.1,1.2,2.1,850,150,24,14,110,10,2,,4.9,1240,0.17,0.52,0.2,4.36,3.2,15.4,1.04,13.3,0,0.37,92,7.2
1113,Sausages and cold meats/Boiled sausage products,MEAT_FISH,250,13.3,0.8,21.5,0,0.8,2,810,140,12,12,170,0.7,1.4,,1.2,6,0.22,0.13,0.15,0.8,2.94,2,0.46,21.3,0.4,0.16,57,8.1
1112,Sausages and cold meats/Boiled sausage products,MEAT_FISH,249,14,0.5,21.2,0,0.5,2.2,870,180,8.5,13,180,0.9,1.9,7.5,0.4,2,0.23,0.12,0.1,0.8,3.14,1,0.42,35.4,0.4,0.08,51,8.2
51,Fats and oils/Fats,DAIRY,745,0.5,0.7,82.2,0,0.6,0,0,20,16,1.4,21,0,0,0.5,0,825,0,0.03,0,0,0,0,0,0,1.3,1.75,221,49.3
715,Sausages and cold meats/Raw sausage products,MEAT_FISH,319,28.8,0.3,22.5,0,0.3,3.8,1520,490,13,26,270,1.4,4.3,15,0,0,0.87,0.28,0.43,0.3,7.6,4,2.4,6.4,0.8,0.15,81,8.5
14290,Meat and offal/Poultry,MEAT_FISH,238,25.2,10.2,10.6,0.6,0.5,0.7,300,310,110,25,250,0.6,1.1,14,7.6,49,0.12,0.15,0.36,0.47,7.13,14.8,0.85,3.5,1.1,0.87,95,3
1650,Meat and offal/Pork,MEAT_FISH,241,23.2,10.3,11.8,0.6,0.6,0.8,340,210,110,23,230,1.6,2.7,12,6.9,47,0.38,0.2,0.23,0.86,2.98,14.8,0.75,6.8,0.3,0.89,94,3.3
1649,Meat and offal/Veal,MEAT_FISH,233,22.9,10.3,11.1,0.6,0.6,0.8,330,250,110,26,260,2,2.6,9.1,6.3,48,0.12,0.26,0.21,0.84,4.9,17.8,0.98,6.8,0.3,0.65,95,3.1
14136,"Bread, flakes and breakfast cereals/Muesli mixes and breakfast cereals",GROCERY,379,5.9,83.5,1.5,4.2,22.6,0.7,290,160,5.3,30,100,0.9,0.8,1.5,2,5,0.05,0.02,0.07,0,0.71,9.3,0.14,0,0,0.3,1,0.3
14144,"Bread, flakes and breakfast cereals/Muesli mixes and breakfast cereals",GROCERY,382,5.7,86,0.9,3.3,28.3,0.8,300,86,3.3,12,48,0.2,0.2,3.6,1.5,3,0.02,0.03,0.04,0,0.25,5.2,0.05,0,0,0.06,0,0.2
412,Fats and oils/Oils,GROCERY,900,0,0,100,0,0,0,0,0,0,0,0,0,0,0,0,0,0,0,0,0,0,0,0,0,0,26,0,12.2
1619,"Cereal products, pulses and potatoes/Corn",GROCERY,79,2,16.7,0.2,1.1,0.3,0.6,230,18,7.3,5.4,17,0.2,0.1,,0.7,2,0.01,0.01,0.02,0,0.26,0.9,0.06,0,0,0.08,0,0
425,"Cereal products, pulses and potatoes/Corn",GROCERY,350,8.8,73.8,1.1,5,1.5,0,1,80,4,20,73,1,0.4,,2.5,13,0.05,0.04,0.1,0,1.2,5,0.26,0,0,0.35,0,0.1
14298,"Bread, flakes and breakfast cereals/Crispbreads, rusks, crackers and wafers",BAKERY,387,7.4,83.5,1.9,3,0.7,0.4,140,170,0,39,110,0.6,0.8,3,0,3,0,0,0.25,0,0.27,10.5,0.13,0,0,0.35,0,0.5
940,"Bread, flakes and breakfast cereals/Muesli mixes and breakfast cereals",GROCERY,376,7.6,81.5,1.2,4.4,5,1,400,110,4,17,64,0.2,0.3,4.7,2,4,0.03,0.03,0.05,0,0.33,6.9,0.06,0,0,0.08,0,0.2
758,Sausages and cold meats/Raw sausage products,MEAT_FISH,450,17.2,0,42.3,0,0,4.4,1740,270,30,0,110,2.1,4.1,1,0,0,0.2,0.16,0.07,0,7.3,1,0,0,0,0.24,98,14
505,Milk and dairy products/Fresh cheese and curds,DAIRY,100,12.4,2.4,4.5,0,2.2,0.8,320,72,69,6.2,150,0,0.4,,20,47,0.01,0.23,0.02,0.52,0.1,15,0.36,0,0.1,0.11,14,2.7
1093,Sausages and cold meats/Cooked sausage products,MEAT_FISH,93,15.7,0.6,3.1,0,0.6,2.3,910,380,7.5,18,240,0.7,2.1,7.4,,0,0.47,0.15,0.27,0,4.2,,0.7,46.3,0,0,35,1.2
14191,"Cereal products, pulses and potatoes/Other cereal products",GROCERY,158,5,31,1,2.3,1.6,0,0,110,15,19,73,0.5,0.6,3.2,2.3,1,0.06,0,0.43,0,0.24,12.4,0.32,0,0,0,0,0.3
64,Milk and dairy products/Milk,DAIRY,33,3.3,4.7,0.1,0,4.7,0.1,39,160,130,11,97,0,0.4,0.9,3.1,2,0.02,0.16,0.03,0.1,0.1,5,0.28,0.6,0,0,0,0.1
950,Savoury snacks/Salt sticks and pretzels,GROCERY,449,9.2,66.3,15.9,2.1,0,1.5,590,120,110,24,110,1.6,0.7,,13,0,0.22,0.05,0.12,0,1.65,21.3,0.29,0,0,1.7,0,6
987,Fruit/Fresh fruit,PRODUCE,36,0.3,6.2,0.5,2.9,6.1,0,2,81,14,6,10,0.5,0.2,0.1,5,1,0.02,0.02,0.01,0,0.1,3,0,12,0,0.94,0,0
1195,Fats and oils/Cream,DAIRY,279,2.2,3.3,28.6,0,3.3,0.1,42,120,80,7.1,74,0,0.2,1.3,9.1,292,0.02,0.14,0.02,0.28,0.08,5.1,0.36,0.5,0.4,0.67,85,17.1
567,Milk and dairy products/Fresh cheese and curds,DAIRY,351,11.1,4.5,32.1,0,2.3,1.3,500,100,110,8,130,0.2,0.4,,8,313,0.04,0.26,0.06,0.6,0.11,26.5,0.44,0,0,0.7,96,19.2
924,Sweets/Other sweet pastries,GROCERY,301,4.1,28.8,18.8,0.3,21.3,0.3,120,130,77,11,86,0.3,0.4,3.2,8.9,197,0.03,0.14,0.04,0.25,0.09,6.7,0.37,0.3,0.5,0.55,78,11
65,Fats and oils/Cream,DAIRY,334,2,3.1,34.8,0,3.1,0.1,35,120,71,6.2,71,0.1,0.2,2.7,7,368,0.02,0.13,0.03,0.21,0.08,7,0.31,0.7,0.5,0.84,101,20.9
66,Fats and oils/Cream,DAIRY,335,2,3.1,34.9,0,3.1,0.1,25,110,71,6.3,68,0,0.2,2.7,6.1,390,0.02,0.12,0.02,0.16,0.05,1.5,0.33,0,0.6,0.77,101,20.9
798,Fats and oils/Cream,DAIRY,468,1.9,2.7,50,0,2.7,0.1,22,65,49,5,52,0.1,0.2,,35,443,0.02,0.19,0.01,0.6,0,7,0.23,1,0.3,1.64,147,30
67,Fats and oils/Cream,DAIRY,274,2.3,3.3,27.9,0,3.3,0.1,35,130,78,7,64,0,0.2,,12,281,0.02,0.15,0.03,0.26,0.07,6.8,0.45,0.9,0.4,0.62,82,16.7
68,Fats and oils/Cream,DAIRY,251,2.5,3.7,25.1,0,3.7,0.1,34,140,91,8.6,74,0,0.3,,12,269,0.02,0.13,0.02,0.26,0.07,2.7,0.45,0,0.4,0.69,71,15.1
918,"Bread, flakes and breakfast cereals/Crispbreads, rusks, crackers and wafers",BAKERY,325,12,57.9,1.7,14.8,1.1,1.5,610,380,26,100,340,4,3.4,4,3.7,0,0.31,0.14,0.36,0,1.19,29.6,0.85,0,0,0.85,0,0.2
920,"Bread, flakes and breakfast cereals/Crispbreads, rusks, crackers and wafers",BAKERY,345,12.9,52.4,5.8,16,1.1,1.5,610,410,47,130,360,4.3,3.5,4.9,3.6,0,0.33,0.12,0.34,0,1.08,33.7,0.84,0,0,0.8,0,0.7
919,"Bread, flakes and breakfast cereals/Crispbreads, rusks, crackers and wafers",BAKERY,354,13.1,52.4,6.9,14.6,1.1,1.5,610,390,120,130,370,4.4,3.6,5.6,3.9,0,0.35,0.14,0.36,0,1.53,43.7,0.8,0,0,0.77,0,1
10406,"Bread, flakes and breakfast cereals/Bread and bread products",BAKERY,398,7.8,40.4,22,3.9,2.3,1.2,460,160,33,24,110,1,1,2.8,2.8,182,0.12,0.09,0.11,0.07,0.63,21.9,0.36,0.1,0.4,0.72,70,12.8
913,Sweets/Other sweet pastries,GROCERY,419,6.8,36.2,26.9,2.7,15.8,0.5,210,190,42,39,110,1.2,1,2,4.4,142,0.13,0.04,0.14,0.08,0.33,17.8,0.48,0.4,0.4,3.53,71,9.9
914,Sweets/Other sweet pastries,GROCERY,318,7.7,41.9,12.6,2.5,18.4,0.6,260,200,48,32,120,1,0.8,2.2,3.9,45,0.19,0.13,0.13,0.1,0.9,35,0.46,0.3,0.2,2.64,36,3.4
835,"Bread, flakes and breakfast cereals/Bread and bread products",BAKERY,423,9.1,39.4,25,1.9,1.3,4.1,1630,140,35,11,68,0.4,0.5,2,100,190,0.11,0.09,0.05,0.08,0.39,20,0.35,0,0.5,0.75,76,14.7
14056,Prepared dishes/Sandwiches,GROCERY,260,16.4,26.6,9.4,1.8,2.6,2.3,920,240,180,39,370,1.2,2.2,,12,67,0.31,0.15,0.21,0.34,2.14,15.5,0.51,16.2,0.2,0.7,31,4.4
491,Vegetables/Cooked vegetables (incl. cans),PRODUCE,14,0.7,2.1,0.1,1,1.9,1.8,700,100,14,11,20,1,0.3,,0,8,0.02,0.02,0.02,0,0.2,7,0,5,0,0.1,0,0
354,Vegetables/Fresh vegetables,PRODUCE,12,0.7,1.8,0,0.8,1.8,0,1.7,140,16,9.9,23,0.2,0.1,0,1.7,12,0.02,0.01,0.03,0,0.18,10.5,0.17,8.9,0,0.05,0,0
1182,"Cereal products, pulses and potatoes/Dough",BAKERY,401,7.1,29,28.3,1.3,1.3,0.8,330,110,38,16,89,0.6,0.6,,3.2,280,0.09,0.12,0.07,0.12,0.22,11.7,0.27,0.1,0.4,0.83,78,16.8
1181,"Cereal products, pulses and potatoes/Dough",BAKERY,388,7.1,28.8,26.9,1.3,1.2,0.9,350,120,37,16,90,0.6,0.6,,3.6,55,0.09,0.12,0.07,0.13,0.27,12.2,0.3,0.1,1,3.62,17,9.7
13501,Milk and dairy products/Fresh cheese and curds,DAIRY,112,8.4,14.1,2.4,0.1,13.4,0.1,27,120,93,8.6,120,0,0.4,,20,26,0.01,0.34,0.03,0.37,0.27,16.3,0.3,0.6,0.1,0.09,8,1.4
70,Milk and dairy products/Fresh cheese and curds,DAIRY,183,6.9,3.7,15.6,0,3.2,0.1,29,120,93,8.1,110,0,0.3,,8.5,160,0.02,0.3,0.03,0.38,0.28,16.7,0.26,0.4,0.2,0.4,53,9.4
71,Milk and dairy products/Fresh cheese and curds,DAIRY,61,10.6,4.2,0.2,0,3.5,0.1,33,140,110,9.9,150,0,0.5,,27,3,0.01,0.39,0.04,0.42,0.31,19.4,0.29,0.1,0,0,0,0.1
571,Milk and dairy products/Fresh cheese and curds,DAIRY,99,9.4,4.1,5,0,3.4,0.1,32,130,110,9.3,140,0,0.4,,21,52,0.01,0.41,0.03,0.47,0.3,18.6,0.4,0.2,0.1,0.13,17,3
392,Fruit/Fresh fruit,PRODUCE,71,1.3,9.7,0.9,5.8,9.7,0,2.5,330,57,23,54,1.2,0.3,1.4,1,5,0.04,0.08,0.07,0,0.31,11.5,0.34,209.3,0,1.5,0,0.1
391,Fruit/Fresh fruit,PRODUCE,50,1.6,7.1,0.7,4.6,6.6,0,5,230,38,12,38,0.4,0.2,1.3,1,1,0.03,0.04,0.04,0,0.29,10.5,0.65,33,0,0.8,0,0.2
384,Fruit/Dried fruit,PRODUCE,287,2.4,64.7,0.4,7.5,64.7,0,11,730,68,55,68,2.2,0.4,2,1,1,0.06,0.06,0.12,0,1.36,18.4,0.6,0.2,0,0.67,0,0
487,Meat and offal/Game,MEAT_FISH,112,20.6,0,3.3,0,0,0.2,62,310,10,21,200,2.3,3.2,,0.6,0,0.25,0.25,0.3,1,5.53,5,0.8,0,0,0.13,50,1.7
12,Meat and offal/Game,MEAT_FISH,111,23.1,0,2.1,0,0,0.1,53,320,3.2,23,200,3,2.9,,7.8,0,0.26,0.6,0.99,6.3,5.53,6,0.69,0,0.4,0.2,59,1.1
14233,Sweets/Other sweet pastries,GROCERY,364,6.4,44,17.6,2,21.1,0.3,110,210,37,29,97,1.5,0.8,3.6,5.5,78,0.1,0.12,0.08,0.15,0.4,22.9,0.4,0.2,0.3,1.63,47,7.9
13419,"Cereal products, pulses and potatoes/Dough",BAKERY,221,7.5,39.9,2.9,2.7,0.6,1.3,500,110,11,25,88,1.1,0.8,2.8,0.8,21,0.14,0.04,0.13,0,0.52,17.6,0.34,0,0,0.3,6,1.4
14208,"Cereal products, pulses and potatoes/Dough",BAKERY,257,8.7,46.3,3.4,3.1,0.7,1.5,580,130,13,29,100,1.3,1,3.3,1,22,0.12,0.05,0.13,0,0.57,10.2,0.29,0,0,0.35,7,1.6
709,Sausages and cold meats/Raw sausage products,MEAT_FISH,190,39.3,0.4,3.5,0,0.4,4.1,1620,640,0,37,330,4,6.5,14,0,3,0.1,0.23,0.45,1.58,10.44,0,1.2,1.1,0,0,84,1.6
47,Non-alcoholic beverages/Drinking water,GROCERY,0,0,0,0,0,0,0,1,0,7,1,0,0,0,0,0,0,0,0,0,0,0,0,0,0,0,0,0,0
10535,Sweets/Jams and sweet sandwich spreads,GROCERY,295,5.7,51.6,7.3,0,51.6,0.2,69,280,220,18,160,0.1,0.7,1.9,17,82,0.03,0.37,0.04,0.27,0.2,5,0.54,1.3,0.1,0.23,28,4.5
423,"Cereal products, pulses and potatoes/Other cereal products",GROCERY,347,13.3,66.8,1.6,6.3,1.7,0,1.6,210,23,54,170,2.6,1.8,7.2,5.1,1,0.11,0.04,0.09,0,0.55,46.7,0.39,0,0,0.31,0,0.2
14192,"Cereal products, pulses and potatoes/Other cereal products",GROCERY,149,5.9,27.4,0.9,3.8,0,0,0,99,21,28,96,0.8,0.7,3.1,2.2,0,0.06,0,0.05,0,0.26,10.2,0.29,0,0,0,0,0.2
14160,Vegetables/Frozen vegetables,PRODUCE,143,11.5,5.1,7.4,5.5,1.4,0,9.8,400,70,60,160,1.9,1.2,1,0,4,0.15,0.12,0.09,0,0.88,108,1.69,15.4,0,2.49,0,0.9
455,Vegetables/Mushrooms,PRODUCE,39,5.4,0.5,0.4,6,0.1,0,6,340,4.2,12,85,1,1.5,,3.6,0,0.32,1.02,0.03,0,14.64,25,2.7,1.9,3.1,0.16,0,0.1
1040,Vegetables/Mushrooms,PRODUCE,46,6.1,0.6,0.5,7.3,0.1,0,6.4,320,5,12,98,1,1.6,,4.2,0,0.3,1.03,0.03,0,14.28,18.3,2.7,1.7,3.8,0.19,0,0.1
517,Alcoholic beverages/Other alcoholic beverages,GROCERY,285,4,28,7,0,28,0,5,14,14,4,50,0.7,0.5,,1,146,0.07,0.17,0.09,0.5,0.06,40,1.06,0.3,2,0.54,150,2
411,Eggs,DAIRY,45,10.8,0.4,0,0,0.4,0.5,190,150,5.1,11,12,0,0,12,7.5,0,0.02,0.42,0.04,0.33,0.04,10,0.28,0,0,0,0,0
410,Eggs,DAIRY,349,16.4,0.3,31.3,0,0.2,0.1,52,120,140,12,560,5.5,3.8,48,110,447,0.2,0.59,0.35,3.42,0.04,122,4.53,0,5.6,5.16,1255,8.8
290,Eggs,DAIRY,140,12.6,0.3,9.8,0,0.3,0.4,150,150,48,12,200,1.8,1.2,23,39,112,0.1,0.29,0.09,1.31,0.05,67,2.43,0,2.8,1.23,350,2.6
1659,Prepared dishes/Other savoury dishes,GROCERY,138,5.6,8.9,8.3,2.7,2.3,0.2,96,230,73,17,93,0.6,0.6,8.1,9,45,0.05,0.09,0.08,0.32,0.56,18.8,0.57,1.1,0.5,0.66,67,2.3
1658,Prepared dishes/Other savoury dishes,GROCERY,136,4.7,14.6,5.8,3.1,2.7,0.2,62,230,23,17,60,0.6,0.4,7.1,5.7,17,0.06,0.07,0.08,0.17,0.63,19.4,0.51,1.1,0.4,0.62,47,0.7
349,Vegetables/Fresh vegetables,PRODUCE,21,1.1,2.4,0.1,2.7,2.4,0,2.5,240,12,14,21,0.3,0.1,3.9,0.1,4,0.04,0.03,0.08,0,0.72,24.5,0.25,1.9,0,0.17,0,0
1653,Vegetables/Cooked vegetables (incl. cans),PRODUCE,21,1.1,2.4,0.1,2.7,2.4,0,2.3,210,12,14,21,0.3,0.1,4,0.1,4,0.03,0.03,0.07,0,0.62,15.8,0.23,1.5,0,0.18,0,0
1003,Vegetables/Cooked vegetables (incl. cans),PRODUCE,24,1.3,2.8,0.2,3.2,2.8,0,2.7,230,15,15,25,0.3,0.2,4.6,0.1,4,0.04,0.04,0.08,0,0.72,18.4,0.26,1.7,0,0.21,0,0
436,Fruit/Fresh fruit,PRODUCE,63,2.5,7.4,1.7,4,7.4,0,1,300,37,30,57,1.6,0.2,,3,27,0.07,0.07,0.25,0,1.6,17,0.16,29,0,1,0,0.1
555,Milk and dairy products/Hard cheese,DAIRY,407,28.4,0,32.6,0,0,0.4,170,84,1030,31,620,0.4,4.6,5.3,20,293,0.01,0.3,0.12,1.67,0.18,9.4,0.3,0,0.5,0.35,84,20.3
467,Vegetables/Fresh vegetables,PRODUCE,16,1.8,1.2,0.2,1.2,1.2,0.1,52,220,23,8.1,26,0.5,0.2,0.2,2.9,33,0.05,0.12,0.04,0,0.41,109,0.44,12.9,0,0,0,0.1
13436,Non-alcoholic beverages/Soft drinks energy reduced,GROCERY,1,0,0.2,0,0,0,0.2,63,3,4,1,3,0,0,0.1,0,0,0,0.43,1.54,1.77,7.77,0,1.55,0,0,0,0,0
13465,Non-alcoholic beverages/Soft drinks,GROCERY,42,0,10.4,0,0,10.3,0.2,63,3,4,1,3,0,0,0.1,0,0,0,0.43,1.36,1.56,7.22,0,1.55,0,0,0,0,0
14052,Meat and offal,MEAT_FISH,229,23.9,10.2,10.2,0.6,0.5,0.9,340,350,19,26,220,1.2,2,13,6.3,18,0.28,0.18,0.44,0.98,7.25,19.4,1.09,0,0.4,2.47,90,1.5
13319,Meat and offal,MEAT_FISH,141,29.7,0.2,2.4,0,0,0.2,72,370,12,29,230,1.2,2.5,15,1.8,5,0.26,0.2,0.42,0.95,8.76,8.2,0.9,0,0.1,0.48,71,0.8
1101,Meat and offal,MEAT_FISH,110,22.6,0.2,2.1,0,0,0.2,61,340,9.2,24,200,0.9,1.9,11,1.3,5,0.27,0.16,0.45,0.9,7.8,7.9,0.79,0,0.1,0.41,52,0.7
1190,Non-alcoholic beverages/Coffee,GROCERY,28,0.5,0.8,2.5,0.2,0.7,0,14,45,23,4.1,17,0,0,,1.9,24,0,0.02,0,0.08,0.13,0.5,0.07,0.2,0.1,0.06,8,1.5
765,Fish/Fresh water fish,MEAT_FISH,79,18,0,0.7,0,0,0.2,92,370,18,26,220,0.2,0.6,29,5,7,0.07,0.1,0.12,1,2.9,5,0.19,2,4,0.74,70,0.1
13384,Milk and dairy products/Milk,DAIRY,105,5.5,4.7,7.1,0,4.7,0.1,46,120,180,18,140,0,0.5,,10,108,0.08,0.39,0.03,0.42,0.45,10,0.35,4.2,0.1,0.25,27,4.1
14066,Prepared dishes/Oriental dishes,GROCERY,229,8.4,26.9,7.9,8.4,1.9,0.7,300,360,47,47,140,1.9,0.9,2.7,0.9,10,0.14,0.04,0.11,0,0.48,51.9,0.26,4.6,0,2.26,0,0.7
1268,"Bread, flakes and breakfast cereals/Bread and bread products",BAKERY,242,9.2,44.3,2,4.8,2.4,1.8,710,200,46,38,170,1.5,1.4,3.4,1.3,10,0.2,0.13,0.11,0.03,1.09,25,0.4,0.2,0,0.33,4,0.7
352,Vegetables/Fresh vegetables,PRODUCE,23,1,2.6,0.4,2.6,2.2,0.1,22,320,37,11,28,0.2,0.2,0,0.5,1,0.02,0.11,0.04,0,0.2,19.6,0.15,3.3,0,0.14,0,0.1
1008,Vegetables/Cooked vegetables (incl. cans),PRODUCE,22,1,2.5,0.4,2.4,2.1,0,19,270,35,9.9,27,0.2,0.2,0,0.5,1,0.02,0.1,0.03,0,0.16,11.8,0.13,2.5,0,0.14,0,0.1
1269,"Cereal products, pulses and potatoes/Dough",BAKERY,199,7.8,38.3,0.9,3,0.3,1.2,490,120,13,32,110,1.5,1.1,3.5,0.9,0,0.17,0.06,0.17,0,0.71,25.7,0.41,0,0,0.23,0,0.1
539,Milk and dairy products/Soft cheese,DAIRY,256,16,1.4,20.7,0,1.4,3.7,1500,150,480,20,340,0.2,0,,0,196,0.04,0.33,0.19,0.88,0.2,49,0.46,0,0.3,0.5,62,12.4
549,Milk and dairy products/Soft cheese,DAIRY,281,14.8,0.7,24.3,0,0,2.3,910,66,220,12,190,0.1,1.2,,80,218,0.02,0.54,0,0.41,0.18,18.9,0.14,0,0.1,0.4,65,16.8
387,Fruit/Dried fruit,PRODUCE,267,3.1,55.9,1.2,10,55.9,0.3,110,780,190,67,75,1.4,0.5,0.6,4,4,0.08,0.08,0.12,0,0.65,12.7,0.35,0.5,0,0.35,0,0.1
386,Fruit/Fresh fruit,PRODUCE,71,1.2,13.5,0.5,4.1,12.2,0,5,230,57,22,21,0.3,0.2,1.6,1.5,9,0.04,0.03,0.06,0,0.35,24.5,0.2,3.4,0,0,0,0.1
13345,Fish,MEAT_FISH,123,17.9,0,5.8,0,0,0.2,72,380,21,27,230,0.5,0.5,37,73,7,0.11,0.09,0.31,3.38,4.31,9.8,0.44,0.6,4.9,1.26,73,0.9
1098,Fish/Fresh water fish;Fish/Sea fish,MEAT_FISH,124,19.1,0,5.3,0,0,0.2,68,410,17,25,220,0.5,0.4,33,65,7,0.12,0.1,0.36,3.38,4.92,11.2,0.51,0.6,4.7,1.12,58,0.8
773,Fish/Sea fish,MEAT_FISH,232,15.5,15.5,11.9,0.7,0.1,0.6,250,300,10,19,140,0.4,0.5,18,89,2,0.07,0.04,0.12,0.88,1.4,8.5,0.26,0,0.9,1.27,47,0.9
1168,Fish/Sea fish,MEAT_FISH,302,16,16.8,18.9,0.8,0.1,0.6,230,280,11,18,140,0.4,0.5,20,96,2,0.06,0.04,0.1,0.86,1.37,7.4,,0,0.8,1.64,51,1.4
1169,Fish/Sea fish,MEAT_FISH,251,16.7,17.6,12.4,0.8,0.1,0.6,240,290,12,19,150,0.4,0.5,21,100,2,0.06,0.04,0.12,0.9,1.32,7.7,0.24,0,0.8,1.35,53,1
414,Fish/Sea fish,MEAT_FISH,182,26.4,0.2,8.5,0,0.1,12,4970,250,290,230,280,2.7,1.7,8,30,12,0.04,0.25,0.37,20.9,3.9,16,0.63,0.5,1.7,1.16,76,3.1
413,Fish/Sea fish,MEAT_FISH,204,24.4,0.5,11.6,0,0,0.8,300,370,570,39,310,2,1.9,35,80,5,0,0.16,0.28,13.6,7.1,16,0.68,0,7.6,1.7,59,2.8
760,Fish/Sea fish,MEAT_FISH,74,17,0,0.6,0,0,0.2,77,320,25,25,190,0.7,0.4,22,120,0,0.05,0.08,0.18,2.1,1.43,12,0.19,1.5,0,0.2,50,0.1
415,Fish/Sea fish,MEAT_FISH,85,17.1,0,1.9,0,0,0.3,100,310,61,22,200,0.9,0.5,32,53,16,0.21,0.22,0.22,1.5,2.9,11,0.8,1.5,3,1.03,63,0.4
754,Fish/Sea fish,MEAT_FISH,84,19.3,0,0.8,0,0,0.1,40,440,8,14,170,0.2,0.3,26,85,4,0.05,0.05,0.18,1.3,2,10,0.38,0,0.8,0.76,71,0.2
757,Fish/Sea fish,MEAT_FISH,134,19.8,0,6.1,0,0,0.3,140,390,50,32,260,1.6,0.7,51,79,10,0,0.34,0.31,8.3,10.1,7,0.69,0,4,0.31,51,1.8
755,Fish/Sea fish,MEAT_FISH,80,18.7,0,0.6,0,0,0.3,120,350,29,25,270,0.6,0.1,23,25,0,0.07,0.05,0.31,0.8,3.5,10,0.3,2,8,1.03,50,0.1
756,Fish/Sea fish,MEAT_FISH,114,25.8,0,1.3,0,0,0.2,65,380,3.3,36,240,0.8,0.4,130,13,37,0.06,0.04,0.84,2.57,15.05,15.3,0.12,0.2,3,0.32,37,0.2
13461,Prepared dishes/Fast Food,GROCERY,262,12.2,26.7,11.5,1.5,3.9,1.1,440,210,55,22,140,0.5,0.6,,12,9,0.05,0,0.07,0.83,0.63,23.3,0.33,0,0.8,2.83,26,4.9
1185,Milk and dairy products/Milk and yoghurt beverages;Non-alcoholic beverages/Coffee,DAIRY,16,0.7,1.2,0.9,0.2,1,0,9.4,54,32,4.8,21,0,0.1,0.2,2.1,10,0,0.05,0.01,0.03,0.13,0.9,0.08,0.2,0,0.03,3,0.5
1186,Milk and dairy products/Milk and yoghurt beverages;Non-alcoholic beverages/Coffee,DAIRY,22,1,1.6,1.3,0.1,1.4,0,13,66,43,5.4,30,0,0.1,0.3,3,14,0.01,0.07,0.01,0.05,0.13,1.3,0.11,0.3,0,0.04,5,0.8
1187,Milk and dairy products/Milk and yoghurt beverages;Non-alcoholic beverages/Coffee,DAIRY,20,0.9,1.4,1.1,0.1,1.3,0,12,62,39,5.2,26,0,0.1,0.3,2.7,12,0.01,0.06,0.01,0.04,0.13,1.2,0.1,0.3,0,0.04,4,0.7
13405,Fats and oils/Oils,GROCERY,900,0,0,100,0,0,0,0,0,1,0,1,0,0.1,0,0,21,0,0,0,0,0,0,0,0,0,0.18,0,9.5
14007,Sweets/Cookies/Biscuits,GROCERY,514,9.3,50.7,28.7,7.6,44.1,0.1,52,320,120,84,180,2.5,1.1,,2.6,34,0.05,0.1,0.04,0.28,0.47,16.9,0.38,0,1,6.15,21,10.8
13351,Fish/Sea fish,MEAT_FISH,78,15.5,0,1.8,0,0,0.4,160,270,60,23,200,0.3,0.6,23,7.1,10,0.21,0.18,0.22,1,2.98,9.6,0.6,0.8,0.2,1.25,60,0.4
481,Fish/Sea fish,MEAT_FISH,80,16.5,0,1.6,0,0,0.4,150,290,48,22,190,0.3,0.5,20,6.3,9,0.22,0.21,0.25,1,3.4,11,0.68,0.8,0.2,1,48,0.4
1135,"Cereal products, pulses and potatoes/Flour and starch",GROCERY,344,12,68.8,1.4,4.3,0.6,0,2.2,190,12,39,130,1.5,1.2,2.9,1,0,0.23,0.04,0.15,0,0.47,19.7,0.5,0,0,0.53,0,0.3
1524,Prepared dishes/Other savoury dishes,GROCERY,129,5.4,11.6,6.5,1.5,1.3,0.5,180,270,34,11,100,0.9,0.5,,15,55,0.08,0.22,0.07,0.16,1.85,15.4,1.22,1.8,1.3,0.29,51,3.4
1525,Prepared dishes/Other savoury dishes,GROCERY,144,5.3,17.6,5.5,1.5,2.7,0.4,170,160,41,10,70,0.5,0.4,4.2,8.4,80,0.06,0.1,0.09,0.22,0.28,18.7,0.48,19.3,0.4,0.79,62,2.2
14266,Prepared dishes/Other sweet dishes,GROCERY,112,3.5,16.7,3.2,1.5,6.7,0.3,120,120,26,6.9,47,0.4,0.3,,5.9,22,0.04,0.07,0.04,0.15,0.11,9.8,0.33,1.4,0.3,0.44,42,1.5
1527,Prepared dishes/Other savoury dishes,GROCERY,187,9.3,17.2,8.9,0.8,1.4,1.1,430,150,47,11,110,0.7,0.8,8.3,12,46,0.13,0.14,0.06,0.39,0.67,15.9,0.71,5.1,0.8,0.51,101,3.5
1523,Prepared dishes/Other savoury dishes,GROCERY,194,9.9,18.2,8.8,0.8,1.3,0.9,360,130,150,13,160,0.6,1,7.8,14,80,0.06,0.16,0.05,0.54,0.13,16.2,0.72,0.2,0.8,0.51,111,4.4
1526,Prepared dishes/Other savoury dishes,GROCERY,155,9.7,17.2,5.1,0.8,1.4,1,410,180,48,13,130,0.7,0.8,7.8,13,46,0.15,0.15,0.08,0.35,0.98,15.8,0.72,10.5,0.7,0.5,100,2.1
1695,Prepared dishes/Other sweet dishes,GROCERY,265,6.7,30.3,12.7,1.4,14.5,0.5,190,200,70,21,100,1.1,0.6,4.8,9.6,35,0.07,0.14,0.05,0.28,0.17,14.2,0.58,0.3,0.5,1.27,66,5.3
1694,Prepared dishes/Other sweet dishes,GROCERY,186,6.6,26,5.9,0.9,6.6,0.6,230,120,48,9.5,83,0.6,0.5,5.6,11,44,0.06,0.11,0.04,0.3,0.12,12.6,0.57,0.3,0.6,0.43,82,2.8
1522,Prepared dishes/Other savoury dishes,GROCERY,174,6.9,22,6.3,0.9,1.5,0.6,240,130,50,9.9,87,0.5,0.5,5.9,11,46,0.07,0.12,0.04,0.31,0.13,13.3,0.6,0.3,0.6,0.45,87,3
1136,"Cereal products, pulses and potatoes/Flour and starch",GROCERY,345,12,69.7,1.3,3.3,0.3,0,2,180,10,30,110,1.3,1,2.6,0.8,0,0.2,0.03,0.14,0,0.35,15.5,0.45,0,0,0.53,0,0.3
1475,Prepared dishes/Other savoury dishes,GROCERY,292,16.8,1,20.8,0,0,1,400,93,520,23,360,0.4,2.4,5.4,16,271,0.01,0.23,0.07,0.96,0.14,7.6,0.25,0,0.4,0.39,62,12.5
797,Prepared dishes/Other savoury dishes,GROCERY,306,18.3,1,22,0,0.1,1,410,93,620,27,420,0.4,3,5.9,11,207,0.01,0.25,0.08,0.93,0.16,4,0.27,0.5,0.5,0.24,66,13.2
1476,Prepared dishes/Other savoury dishes,GROCERY,282,18.7,1.6,21.4,0,1,0.3,110,100,680,22,410,0.5,3.1,3.5,17,193,0,0.19,0.07,0.98,0.12,3.1,0.17,0,0.3,0.23,55,13.3
10450,"Cereal products, pulses and potatoes/Potatoes and other starchy tubers",PRODUCE,213,3.8,32.6,6.6,4.2,0.3,0,1.6,590,11,29,81,0.7,0.5,0.4,6.2,1,0.1,0.02,0.52,0,1.15,40.6,0.52,2.4,0,2.26,0,0.6
10449,"Cereal products, pulses and potatoes/Potatoes and other starchy tubers",PRODUCE,286,3.2,32.4,15.4,2.5,1.6,0,15,580,9.4,26,60,0.6,0.4,0.4,5.1,1,0.25,0.03,0.7,0,0.81,39.8,0.57,21.4,0,1.3,0,1.6
818,"Cereal products, pulses and potatoes/Potatoes and other starchy tubers",PRODUCE,154,2.4,23.4,5.1,2.5,1.1,0,1.2,480,6.1,27,61,0.3,0.3,0.3,4.7,0,0.08,0.06,0.16,0,1.35,19.8,0.41,21.4,0,1.74,0,0.5
1503,Prepared dishes/Other savoury dishes,GROCERY,175,12.5,1.3,13.4,0.1,1.3,0.7,280,180,64,14,180,1.4,1.3,19,30,100,0.14,0.25,0.09,0.98,0.62,37.3,1.57,5.5,2,0.96,268,4.8
1502,Prepared dishes/Other savoury dishes,GROCERY,192,14,1.2,14.5,0.1,1.2,1,380,160,210,17,260,1.4,1.7,18,32,148,0.07,0.29,0.09,1.17,0.11,38.4,1.56,2,2,0.97,275,6.4
1501,Prepared dishes/Other savoury dishes,GROCERY,143,12.8,1.3,9.6,0.1,1.3,1,420,210,65,15,210,1.5,1.3,18,31,100,0.16,0.25,0.11,0.94,0.93,37,1.57,10.8,1.9,0.94,266,3.3
1500,Prepared dishes/Other savoury dishes,GROCERY,151,11.4,1.4,11.1,0,1.4,0.8,340,170,70,13,190,1.5,1.1,20,36,111,0.08,0.26,0.07,1.11,0.07,41.5,1.76,0.2,2.3,1.05,310,3.8
1504,"Prepared dishes/Cakes, pies and gratins",GROCERY,263,7.8,27,13.4,2,1.9,1.2,480,150,28,21,95,0.8,0.9,,3,58,0.15,0.08,0.12,0.08,0.88,12.1,0.3,3.3,0.2,0.4,33,7
1515,Prepared dishes/Other sweet dishes,GROCERY,221,8,24.3,9.9,1.2,1.8,0.9,360,140,56,13,100,0.7,0.6,6.3,12,79,0.06,0.14,0.05,0.29,0.24,19.3,0.65,0.2,0.7,0.58,103,5.1
13926,Milk and dairy products/Fresh cheese and curds,DAIRY,162,10.6,2.4,12.2,0,2.4,0.9,370,93,78,9.7,100,0.1,0.4,5.2,33,87,0,0.2,0.03,0.08,0.34,26.5,0.13,0,0,0.21,45,8.1
1120,Fruit/Dried fruit,PRODUCE,278,2.5,60.5,1.1,8.2,51.8,0.1,23,810,70,53,75,1.4,0.4,2.1,3.9,53,0.06,0.07,0.22,0,1.2,30.4,0.4,5.1,0,1.43,0,0.3
775,Fruit/Cooked fruit (incl. cans),PRODUCE,77,0.6,17.3,0.2,1.8,16.2,0,1,100,8.2,7.4,15,0.1,0.1,0.9,1.8,5,0.01,0.02,0.02,0,0.32,4.5,0.11,4.1,0,0.52,0,0
777,Fruit/Cooked fruit (incl. cans),PRODUCE,47,0.7,9.5,0.2,2,8.4,0,1,110,8.7,8,16,0.2,0.1,0.9,2,5,0.02,0.02,0.02,0,0.35,4.8,0.12,4.4,0,0.56,0,0
1130,Fruit/Fruit juices;Non-alcoholic beverages/Fruit and vegetable juices,PRODUCE,47,0.4,10.8,0.1,0.2,10.6,0,7.3,140,7.5,8.4,12,0.2,0.1,0.6,0.7,2,0.05,0.02,0.08,0,0.21,18.8,0.15,22.9,0,0.14,0,0
1131,Non-alcoholic beverages/Fruit and vegetable juices,GROCERY,28,0.3,6.5,0.1,0.1,6.4,0,4.8,85,7.3,5.4,7.3,0.1,0,0.3,0.4,1,0.03,0.01,0.05,0,0.13,11.3,0.09,13.7,0,0.09,0,0
10456,"Sweets/Cakes and tarts;Prepared dishes/Cakes, pies and gratins",GROCERY,176,3.2,19.5,8.9,2.7,8.5,0.2,86,180,35,14,49,0.5,0.3,,3.3,35,0.04,0.05,0.05,0.07,0.28,9.1,0.34,8.7,0.2,1.11,20,4.1
10454,"Sweets/Cakes and tarts;Prepared dishes/Cakes, pies and gratins",GROCERY,158,3.3,18.4,7.4,2.4,7.6,0.2,99,190,38,14,53,0.5,0.3,2.1,3.9,27,0.05,0.06,0.05,0.08,0.27,8.6,0.32,6.7,0.2,1.02,20,3.3
10453,"Sweets/Cakes and tarts;Prepared dishes/Cakes, pies and gratins",GROCERY,155,3.1,17.6,7.6,2.3,7.6,0.3,120,190,37,11,43,0.4,0.3,2.1,3.8,27,0.04,0.06,0.04,0.08,0.27,8.6,0.31,6.7,0.2,1.07,20,3.3
10455,"Sweets/Cakes and tarts;Prepared dishes/Cakes, pies and gratins",GROCERY,215,3.3,22.5,11.7,3.4,10.4,0.1,42,170,32,16,51,0.5,0.3,1.6,2.1,50,0.04,0.05,0.05,0.05,0.28,10,0.4,12.7,0.1,1.25,19,5.8
14270,Sweets/Cakes and tarts,GROCERY,203,3.6,26.8,8.7,1.5,13.3,0.3,120,180,32,13,57,0.5,0.4,1.9,3.9,30,0.05,0.06,0.06,0.09,0.21,6.3,0.25,2.7,0.1,1.02,14,3.9
1124,Fruit/Cooked fruit (incl. cans),PRODUCE,50,0.6,10.1,0.3,2.2,9.4,0,1.1,120,14,8.6,18,0.2,0.1,0.8,1.4,14,0.01,0.02,0.03,0,0.24,6.7,0.13,7.1,0,0.45,0,0.1
1123,Fruit/Fresh fruit,PRODUCE,56,0.7,11.5,0.3,2.1,10.2,0,2.2,190,14,12,21,0.2,0.1,0.8,1.6,22,0.04,0.02,0.07,0,0.33,17.1,0.15,22.4,0,0.3,0,0.1
13281,Meat and offal/Game,MEAT_FISH,146,27.5,0,4,0,0,0.2,81,350,18,25,230,3.3,4,,1.6,1,0.14,0.25,0.26,1.38,5.76,5.5,0.86,0,0.1,0.34,81,1.8
1125,Meat and offal/Game,MEAT_FISH,114,21.1,0,3.2,0,0,0.2,70,320,15,21,200,2.5,2.9,,1.2,1,0.17,0.22,0.31,1.44,6.01,5,0.79,0,0.1,0.31,59,1.5
356,Vegetables/Fresh vegetables,PRODUCE,107,6.4,16.3,0.5,5.8,1.6,0,9,530,11,20,130,1.7,0.7,2,1.4,0,0.2,0.11,1.24,0,0.7,26.1,0.36,17,0,0.01,0,0.1
14002,Prepared dishes/Stews and soups,GROCERY,33,0.7,3.4,1.6,1,2.3,0.7,290,210,11,8.9,25,0.1,0.1,,1.3,24,0,0.02,0.04,0,0.56,0,0.09,2,0,1.31,,0.3
14239,"Various/Salt, spices and flavours",GROCERY,33,1.1,3.4,1.1,2.7,1,0,6.3,320,11,26,26,0.4,0.2,0.7,0,4,0.02,0,0.1,0,0,11.8,0.13,0,0,,0,0.1
768,Sweets/Sugar and sweeteners,GROCERY,399,0,99.8,0,0,99.8,0,0,2,1,0,0,0.3,0,,0,0,0,0,0,0,0,0,0,0,0,0,0,0
687,Meat and offal/Other animal species,MEAT_FISH,149,19.5,0,7.9,0,0,0.1,50,300,10,20,190,2,3,,1,36,0.15,0.28,0.3,3,4.9,5,0.5,0,0,1,70,3.6
528,Milk and dairy products/Milk,DAIRY,57,2.8,4.2,3.2,0,4.2,0.1,32,200,120,10,87,0,0.3,,4.6,55,0.02,0.15,0.03,0.04,0.32,1,0.22,2,0.1,0.08,11,2
400,Fruit/Fresh fruit,PRODUCE,39,0.8,7.1,0.2,3,7.1,0,2,200,29,15,30,0.6,0.2,1.3,1,6,0.02,0.02,0.02,0,0.28,16,0.19,40.3,0,0.61,0,0
483,Milk and dairy products/Hard cheese,DAIRY,357,19,0.1,31.2,0,0.1,3.6,1450,140,610,20,360,0.3,2.5,7.3,40,182,0.01,0.36,0.07,0.9,0.32,52,1.41,0,0.6,0.54,94,18.7
684,Prepared dishes/Stews and soups,GROCERY,67,4.8,6.3,2.4,0.4,1.4,0.6,230,220,10,13,35,0.5,0.6,,0.5,15,0.02,0.06,0.08,0.2,1.13,3,0.14,1.9,0,0.13,7,1
573,Fruit/Fruit juices;Non-alcoholic beverages/Fruit and vegetable juices,PRODUCE,67,0.3,16.3,0.1,0.1,16,0,3.8,110,8.3,8.4,13,0.5,0.1,4,0.5,0,0.02,0.03,0.05,0,0.29,0,0.05,1.6,0,0.4,0,0
592,Fats and oils/Oils,GROCERY,900,0,0,100,0,0,0,0,1,0,0,0,0,0,0,0,3,0,0,0,0,0,0,0,0,0,19.27,0,11.2
478,Fruit/Fresh fruit,PRODUCE,69,0.7,15.2,0.3,1.5,14.6,0,2,200,12,7.6,19,0.4,0,0.9,1,1,0.05,0.01,0.04,0,0.12,16.3,0.05,2.9,0,0.16,0,0.1
388,Fruit/Fresh fruit,PRODUCE,39,0.9,8,0.2,0.9,6.6,0,1,130,23,8,18,0.1,0.1,1.4,0.3,33,0.06,0.02,0.03,0,0.2,23,0.22,36,0,0.27,0,0
669,Prepared dishes/Stews and soups,GROCERY,42,1.4,6.7,0.9,0,1.3,0.9,350,110,29,11,34,0.5,0.3,,4.2,74,0.03,0.03,0.07,0,0.32,9,0.15,3.6,0.1,0.23,0,0
651,Various/Sauces,GROCERY,44,1.5,3.5,2.5,0,1.5,2.3,900,95,18,8,40,0.6,0.8,,3,1,0.02,0.04,0.03,0,0.58,3,0.08,1.7,0,0.14,0,0.5
650,Various/Sauces,GROCERY,53,1.6,4.6,3,0.5,0.8,1.4,580,95,18,8,40,0.6,0.8,,3,25,0.02,0.04,0.03,0,0.58,3,0.08,1.7,0,0.1,0,0.7
14068,Vegetables/Cooked vegetables (incl. cans),PRODUCE,76,4.8,10.1,0.5,6.1,5.3,0,5.1,530,130,51,94,1.5,0.6,,5.9,27,0.09,0.16,0.28,0,0.82,27.9,0.47,12,0,0.25,0,0.1
1009,Vegetables/Cooked vegetables (incl. cans),PRODUCE,33,2,4.3,0.2,3.1,3.4,0,3.6,240,54,25,40,0.9,0.4,1,2.6,28,0.11,0.09,0.08,0,0.7,35.1,0.12,8.9,0,0.4,0,0.1
14219,Vegetables/Frozen vegetables,PRODUCE,81,5.3,10.8,0.7,5.3,5.7,0,4,170,36,26,86,1.8,0.8,0.9,2,22,0.6,0.08,0.12,0,2.3,50,0.11,22,0,0.11,0,0.1
369,Vegetables/Fresh vegetables,PRODUCE,90,6.9,11.3,0.7,5.3,2.3,0,1.8,190,45,27,61,1.1,0.7,1.8,1.7,34,0.19,0.13,0.11,0,2.09,60.3,0.72,43,0,0.21,0,0.1
1010,Vegetables/Cooked vegetables (incl. cans),PRODUCE,99,7.6,12.5,0.8,5.8,2.5,0,1.7,190,49,28,66,1.1,0.7,2,1.9,36,0.17,0.14,0.11,0,1.92,41.6,0.7,35.1,0,0.24,0,0.1
1011,Vegetables/Cooked vegetables (incl. cans),PRODUCE,89,4.9,13.1,0.8,5.1,0,0.6,240,110,32,20,84,1.4,0.5,,5.3,33,0.1,0.08,0.04,0,0.85,25.5,0.12,6.8,0,0.21,0,0.1
1034,Vegetables/Cooked vegetables (incl. cans),PRODUCE,70,4.3,9.8,0.6,4.2,3.9,0.9,370,180,38,17,45,0.6,0.4,1.1,1.9,256,0.1,0.08,0.09,0,1.12,37.5,0.5,19.5,0,0.24,0,0.1
815,Vegetables/Cooked vegetables (incl. cans),PRODUCE,68,4.2,9.6,0.6,4.1,3.8,1,410,200,38,18,44,0.7,0.4,1.1,1.9,259,0.12,0.08,0.09,0,1.31,58.7,0.55,25.8,0,0.23,0,0.1
630,Vegetables/Cooked vegetables (incl. cans),PRODUCE,87,4.8,12.8,0.8,5,0,0.7,270,120,32,21,83,1.6,0.6,,5.2,33,0.12,0.08,0.05,0,1,40,0.13,9,0,0.2,0,0.1
530,Milk and dairy products/Hard cheese,DAIRY,394,26.4,0,32,0,0,1.5,590,90,900,35,600,0.4,4.2,8.5,11,300,0.02,0.37,0.13,1.45,0.2,10,0.47,0,0.7,0.35,96,19.2
14213,Savoury snacks/Other savoury snacks,GROCERY,424,11.8,69.9,10.1,3.2,1.4,2,790,190,13,35,120,1.5,1.1,2.2,1.3,1,0.15,0.03,0.14,0,0.3,7.8,0.35,0.1,0,2.43,0,1.3
1272,Sweets/Other sweet pastries,GROCERY,329,9.2,46.9,11.1,2.2,2.8,1.4,570,180,49,14,91,0.5,0.6,2.7,5.4,93,0.11,0.13,0.06,0.1,0.5,23.2,0.38,0.2,0.3,0.56,41,6.4
653,Various/Sauces,GROCERY,96,6.3,8.3,4,0.6,2.6,0.6,220,240,14,14,47,0.5,0.6,,1.5,34,0.06,0.08,0.1,0.3,1.29,6,0.24,3.9,0.1,0.44,9,1.4
14292,Various/Sauces,GROCERY,139,1.6,1.7,12.9,4.9,1.5,1,390,410,20,27,44,0.6,0.5,0,0.4,19,0.05,0.11,0.14,0,1.12,56.3,0.83,16.1,0,1.83,0,2.4
13997,Various/Sauces,GROCERY,192,2.2,5.9,16.5,5.7,2.7,1.4,540,440,18,27,27,0.6,0.4,0,4,8,0.09,0.09,0.36,0,1.45,60.3,0.88,187.7,0,2.4,4,4
753,Fish/Sea fish,MEAT_FISH,118,20.6,0,3.9,0,0,0.2,64,400,15,23,220,0.5,0.5,60,1,42,0.04,0.05,0.42,0.96,4,12,0.28,0,9,0.7,60,0.5
13446,Savoury snacks/Puff pastry snacks;Prepared dishes/Other savoury dishes,GROCERY,340,11.1,26,20.9,1.4,0.7,1.4,570,210,24,16,130,0.7,0.9,,5.1,41,0.21,0.09,0.1,0.12,1.67,9.5,0.42,20.2,0.2,2.06,43,9.5
691,Sausages and cold meats/Cooked sausage products,MEAT_FISH,104,20.2,0.7,2.3,0,0.7,2.4,940,450,17,24,330,0.6,1.9,8,3.6,4,0.79,0.19,0.39,0.09,6.37,2,0.7,60.8,0,0.19,42,0.9
693,Sausages and cold meats/Raw sausage products,MEAT_FISH,229,31,0.3,11.5,0,0.3,4.4,1760,560,9,30,290,2.8,2.9,15,0,2,0.97,0.24,0.5,0.39,10.73,2,1.5,4.4,0.6,0.2,78,4.3
14025,Prepared dishes/Fast Food,GROCERY,258,11.9,24.7,12.1,1.7,3.3,1.4,560,220,100,24,220,1.2,1.9,16,6.5,59,0.18,0.14,0.13,1.1,2.06,23,0.29,0.9,0.1,0.79,30,6.3
1193,Milk and dairy products/Hard cheese,DAIRY,395,26.6,0,32.1,0,0,1.1,460,86,910,32,590,0.3,4.3,7.2,15,318,0.02,0.34,0.12,1.49,0.18,12.8,0.39,0,0.6,0.47,91,19.5
952,"Sweets/Candies, fruits gums and chewing gum",GROCERY,385,0.5,95,0.3,0,95,0.1,25,9,4,3,12,0.1,0,,0,0,0,0,0,0,0,0,0,0,0,0,0,0.2
13329,Meat and offal/Other animal species,MEAT_FISH,177,26.1,0,8,0,0,0.1,31,240,16,22,210,2.2,1.8,14,0.8,0,0.06,0.07,0.18,8.22,5.28,7.2,0.58,0,0,0.43,96,2.7
16,Meat and offal/Other animal species,MEAT_FISH,111,24.3,0,1.5,0,0,0.1,33,380,4.5,28,210,0.3,0.6,,4.1,0,0.05,0.11,0.74,8.7,4,4,0.69,0,,0.35,51,0.5
486,Meat and offal/Other animal species,MEAT_FISH,105,22,0,1.9,0,0,0.1,44,280,14,24,210,2.8,2.2,17,0.6,0,0.09,0.06,0.3,1,8.07,5,0.8,0,0,0.1,65,0.6
686,Meat and offal/Other animal species,MEAT_FISH,150,20.5,0,7.5,0,0,0.1,45,330,14,25,210,1.6,1.4,10,0.6,0,0.11,0.07,0.3,10,7.27,8,0.8,0,0,0.4,70,2.5
270,"Nuts, seeds and oleaginous fruit",GROCERY,661,16.4,10.1,59.5,9.7,3,0,0.9,720,160,160,320,3.6,2.9,0.7,6.5,0,0.46,0.05,0.5,0,1.32,76.6,1.61,2,0,15.92,0,4.2
703,Sweets/Jams and sweet sandwich spreads,GROCERY,549,6,55.9,32.8,2.7,54.5,0.1,47,420,130,55,160,3,1,1.5,3.9,1,0.09,0.19,0.09,0.18,0.32,17,0.53,0.4,0.1,3.8,0,12.6
903,Sweets/Cookies/Biscuits,GROCERY,473,6.7,47.4,27.7,3.5,23.3,0.1,52,220,80,49,160,1.6,0.9,,2,94,0.09,0.07,0.11,0,0.57,11,0.3,0.6,0,7.27,32,8
869,Sweets/Cookies/Biscuits,GROCERY,544,12.2,37.5,37,6,33,0.2,85,480,100,100,200,2.3,1.8,2.6,5.5,0,0.29,0.1,0.32,0.06,0.83,48.6,1.04,1.2,0,9.9,0,2.6
14108,Fats and oils/Oils,GROCERY,900,0,0,100,0,0,0,0,0,0,0,0,0,0,0,0,0,0,0,0,0,0,0,0,0,0,28.6,0,8.3
14091,Fats and oils/Oils,GROCERY,900,0,0,100,0,0,0,0,0,0,0,0,0,0,0,0,6,0,0,0,0,0,0,0,0,0,1.8,0,9.9
666,Various/Sauces,GROCERY,212,3,9.3,18,0.1,6.2,1,400,45,41,6,30,0.7,0.7,,4.5,184,0.03,0.06,0,0.3,0,18,0.5,6,0.5,8.08,60,9
472,Sweets/Jams and sweet sandwich spreads,GROCERY,306,0.4,76,0,0,76,0,7,47,5,3,17,0.5,0.4,,0.5,0,0,0.05,0.3,0,0.2,5.3,0.1,1.7,0,0,0,0
1670,Prepared dishes/Other savoury dishes,GROCERY,99,12.4,3.1,3.9,0.6,1.3,0.8,310,240,14,15,110,2.8,1.7,,1.1,69,0.06,0.06,0.17,1.25,2.16,10.7,0.33,0.9,0.1,0.25,30,0.7
13328,Meat and offal/Other animal species,MEAT_FISH,139,27.8,0,3.1,0,0,0.1,51,300,16,27,220,6.2,4,,1.4,20,0.09,0.11,0.29,3,4.73,9.1,0.66,0,0.2,0.14,71,1
685,Meat and offal/Other animal species,MEAT_FISH,112,21.4,0,2.9,0,0,0.1,44,330,13,23,190,4.7,2.9,,1,20,0.13,0.1,0.38,3,4.6,8,0.6,0,0.2,0.14,52,0.9
1590,Prepared dishes/Other savoury dishes,GROCERY,216,9.1,29.6,6.3,1.9,2.5,2,810,170,17,21,110,0.8,0.9,,2.3,2,0.13,0.06,0.07,0.12,1.15,11.7,0.27,4.7,0.3,0.44,14,2.2
14055,Various/Sauces,GROCERY,204,7.3,9.1,14,6.2,0.8,1.1,460,250,170,75,160,2.2,1.3,4.3,1.3,7,0.18,0.06,0.15,0,0.93,47.7,0.15,5,0,1.61,0,1.8
652,Various/Sauces,GROCERY,58,2.2,8,1.8,0.5,2.5,1.5,620,120,17,8,47,0.7,0.7,,4,23,0.01,0.06,0.01,0,0.5,4,0.16,1.4,0.4,0.08,0,0.5
13960,Sweets/Milk based ice cream,GROCERY,359,5.1,35.8,21.4,1.3,27.7,0.3,120,250,150,40,48,1.1,1.1,0,16,62,0.07,0.32,0.13,0.26,0.82,0.9,0.56,0,0,1.5,9,15.2
13959,Sweets/Milk based ice cream,GROCERY,292,3.4,37.8,13.5,0,25.7,0.1,52,220,110,18,100,1,0.5,1.1,5.1,0,0.05,0.23,0.07,0.13,0.21,8,0.35,1,0,0.77,6,9.8
694,Sweets/Milk based ice cream,GROCERY,185,3.5,24.7,8,0,23.7,0.2,61,180,110,0,99,0.5,0.4,,0,107,0.04,0.26,0.07,0,0,9,0,1,0.1,0.17,26,5
14206,Sweets/Milk based ice cream,GROCERY,278,4.1,24.2,17.9,0,21.9,0.2,62,210,110,21,110,1.3,0.6,3,17,132,0.05,0.18,0.04,0.47,0,15.6,0.57,1,0,0.3,73,10.8
804,Non-alcoholic beverages/Soft drinks;Non-alcoholic beverages/Tea,GROCERY,30,0,7.5,0,0,7.5,0,0,18,0.1,0.9,0.9,0,0,,0.9,0,0,0,0,0,0.09,4.6,0,0,0,0,0,0
459,Vegetables/Fresh vegetables,PRODUCE,15,0.8,2.1,0.2,1,2.1,0,6.4,180,22,7.1,22,0.3,0.2,0.2,0,9,0.04,0.03,0.04,0,0.14,30.9,0.09,4,0,0.09,0,0
696,Sweets/Jams and sweet sandwich spreads,GROCERY,246,0.5,58.7,0.5,2.2,58.7,0,12,100,18,2,7,1.4,0.2,,1,5,0.02,0.02,0,0,0.9,0,0.03,4,0,0,0,0
697,Sweets/Jams and sweet sandwich spreads,GROCERY,136,0.5,31.9,0.5,0.8,31.9,0.1,20,120,19,1,15,0.4,0,,2,5,0,0,0,0,0,0,0.05,26,0,0,0,0
951,"Sweets/Candies, fruits gums and chewing gum",GROCERY,341,6.6,78.6,0,0,74.7,0.2,62,12,9,2,4,0.2,1.4,,0,0,0,0,0,0,0,0,0,0,0,0,0,0
13442,Vegetables/Cooked vegetables (incl. cans),PRODUCE,52,2.3,3.8,0.4,11.8,3.8,0,1,250,24,9.9,64,0.2,0.2,0.1,0.1,3,0.08,0.04,0.06,0,0.96,17.9,0.28,3.1,0,0.16,0,0.1
13441,Vegetables/Fresh vegetables,PRODUCE,54,2.4,4,0.4,12.1,4,0,1.7,530,24,16,68,0.3,0.2,0.2,0.1,4,0.1,0.06,0.08,0,1.3,34,0.44,7.3,0,0.15,0,0.1
583,Fats and oils/Fats,DAIRY,900,0,0,100,0,0,0,0,0,0,0,0,0,0,0,0,0,0,0,0,0,0,0,0,0,0,0.5,0,59.7
393,Fruit/Fresh fruit,PRODUCE,77,0.9,16,0.3,3.4,13.9,0,5,160,6.9,7.2,13,0.1,0.4,1.3,1.8,28,0.03,0.07,0.03,0,0.2,19,0.14,15.1,0,0.12,0,0
13400,Vegetables/Fresh vegetables,PRODUCE,44,4.3,2.5,0.9,4.2,2.5,0.3,110,440,240,38,67,1.4,0.7,1.2,4.5,236,0.1,0.25,0.22,0,2.1,85.4,0.7,74,0,1.7,0,0.1
13401,Vegetables/Cooked vegetables (incl. cans),PRODUCE,44,4.3,2.6,0.9,4.2,2.6,0.2,98,400,240,36,67,1.2,0.6,1.2,4.5,226,0.09,0.24,0.2,0,1.79,54.5,0.64,43.3,0,1.81,0,0.1
1572,Prepared dishes/Sandwiches,GROCERY,121,7.6,14.6,3.4,1.1,2.2,0.6,240,190,24,13,75,0.5,0.9,,3.1,12,0.06,0.07,0.1,0.47,1.58,14.5,0.28,4.9,0.1,1.51,15,0.6
635,Various/Sauces,GROCERY,117,2,26,0.4,0.9,24.8,2.8,1120,480,19,19,40,0.9,0.1,,0.9,17,0.06,0.06,0.16,0,1,10,0.2,15,0,1.54,0,0.1
395,Fruit/Fresh fruit,PRODUCE,58,0.9,11,0.6,2.4,8.9,0,1,290,33,13,33,0.2,0.1,0.3,1.7,4,0.01,0.01,0.05,0,0.27,33,0.27,75.3,0,2.17,0,0.1
449,Vegetables/Fresh vegetables,PRODUCE,27,1.9,3.7,0.2,1.4,3.6,0,16,310,23,16,43,0.2,0.2,0.9,0.7,1,0.03,0.05,0.08,0,1.8,39.5,0.12,57.6,0,0.48,0,0
1014,Vegetables/Cooked vegetables (incl. cans),PRODUCE,28,2,3.9,0.2,1.5,3.8,0,16,300,25,16,45,0.2,0.2,0.9,0.8,1,0.03,0.05,0.07,0,1.6,26.4,0.11,48,0,0.53,0,0
852,Sweets/Cookies/Biscuits,GROCERY,413,12.2,71.8,8.3,1.4,34.9,0.8,310,140,65,15,330,2.1,1.4,,8,167,0.07,0.2,0.1,1,0.26,25,0.9,0,1,1.53,281,2.4
372,Vegetables/Fresh vegetables,PRODUCE,18,2,0.8,0.2,2.3,0.8,0,4,330,41,19,30,0.4,0.1,0,35,233,0.08,0.07,0.09,0,0.37,48.2,0.25,24.5,0,,0,0.1
1110,"Meat and offal/Lamb, mutton",MEAT_FISH,137,20.5,0,6.1,0,0,0.1,58,310,6.3,22,190,1.7,3.3,6.7,0.7,7,0.17,0.1,0.38,3.26,6.56,10.5,0.77,0,0.9,0.4,67,2.7
5,"Meat and offal/Lamb, mutton",MEAT_FISH,179,20.2,0,10.9,0,0,0.2,69,310,8.4,20,180,1.5,2.1,7,0.9,9,0.18,0.06,0.32,3.61,6.6,6,0.57,0,0.9,0.5,72,5.2
13273,"Meat and offal/Lamb, mutton",MEAT_FISH,147,25.8,0,4.8,0,0,0.2,77,290,14,31,220,2.4,4.3,7.9,0.9,10,0.1,0.25,0.14,2.05,6.08,25.6,0.7,0,0,0.2,88,1.8
675,"Meat and offal/Lamb, mutton",MEAT_FISH,122,20.4,0,4.5,0,0,0.2,68,280,12,27,190,1.9,3.2,5.9,0.7,9,0.13,0.23,0.17,2.2,6.51,24,0.66,0,0,0.19,66,1.7
17,"Meat and offal/Lamb, mutton",MEAT_FISH,117,21.8,0,3.3,0,0,0.1,44,330,3.8,23,200,1.9,2.3,8.7,0.8,9,0.18,0.06,0.51,3.61,6.7,6,0.92,0,1.1,0.5,72,1.3
4,"Meat and offal/Lamb, mutton",MEAT_FISH,155,20.2,0,8.2,0,0,0.2,61,330,4.7,20,190,1.6,3.6,4.7,0.8,9,0.18,0.06,0.46,3.61,6.52,6,0.92,0,1.3,0.4,65,3.9
18,"Meat and offal/Lamb, mutton",MEAT_FISH,156,20.3,0,8.3,0,0,0.2,63,300,7.5,24,180,1.8,2.2,7.2,0.9,9,0.18,0.06,0.61,3.61,6.6,6,0.57,0,0.6,0.5,68,3.9
1673,Prepared dishes/Other savoury dishes,GROCERY,122,11.4,3.1,7,0.6,1.3,0.8,320,220,9.7,13,100,0.8,2.5,4.4,1,60,0.08,0.04,0.18,1.44,3.04,9.7,0.3,0.9,0.6,0.46,38,2.4
13304,"Meat and offal/Lamb, mutton",MEAT_FISH,203,28.6,0,9.8,0,0,0.2,77,390,6.3,25,240,2.3,5.4,7,1.2,11,0.16,0.07,0.41,3.77,6.81,7.2,1.1,0,1.5,0.48,97,4.7
19,"Meat and offal/Lamb, mutton",MEAT_FISH,154,19.6,0,8.4,0,0,0.2,60,310,4.6,18,170,1.3,4.3,7.4,0.7,0,0.18,0.06,0.36,3.61,6.52,6,0.57,0,1.3,0.5,66,3.9
1090,Sausages and cold meats/Raw sausage products,MEAT_FISH,491,26.6,0,42.7,0,0,3.5,1410,320,21,21,180,1.9,3.9,11,0.8,1,0.23,0.13,0.22,2,5.5,2.5,0.7,0,1.6,0,86,16.9
1184,Milk and dairy products/Milk and yoghurt beverages;Non-alcoholic beverages/Coffee,DAIRY,54,2.5,3.7,3.2,0,3.6,0.1,31,130,96,8.7,72,0,0.3,0.8,7.5,36,0.02,0.17,0.02,0.13,0.12,3.4,0.28,0.8,0.1,0.1,12,2
1127,Vegetables/Fresh vegetables,PRODUCE,17,1.3,1.6,0.3,1.3,1.5,0,15,230,35,13,27,0.5,0.2,0.2,2.9,67,0.05,0.07,0.06,0,0.31,49.4,0.18,10.4,0,0.23,0,0
1164,Vegetables/Cooked vegetables (incl. cans),PRODUCE,22,1.3,2.6,0.3,2.1,2.3,0,9.2,130,38,9.9,30,0.3,0.2,0.4,2.2,46,0.04,0.03,0.09,0,0.18,22.6,0.17,14.2,0,0.44,0,0.1
1165,Vegetables/Cooked vegetables (incl. cans),PRODUCE,23,1.4,2.7,0.3,2.1,2.4,0,10,230,38,15,31,0.3,0.2,0.4,2.3,46,0.05,0.05,0.11,0,0.21,26.9,0.21,19.3,0,0.44,0,0.1
1166,Vegetables/Cooked vegetables (incl. cans),PRODUCE,24,1.4,2.8,0.3,2.2,2.5,0,11,220,41,14,33,0.4,0.2,0.4,2.4,48,0.05,0.04,0.11,0,0.23,28.3,0.21,19.2,0,0.46,0,0.1
14287,Sweets/Other sweet pastries,GROCERY,326,7,68.7,1.3,2.7,33.8,0.3,130,110,43,15,160,1.1,0.6,3.8,2.3,6,0.08,0.05,0.1,0.06,0.27,9.2,0.23,0.4,0.1,0.3,14,0.4
358,Vegetables/Fresh vegetables,PRODUCE,32,2,4,0.2,3.2,3.7,0,4.1,220,25,7.9,27,0.3,0.2,0.2,0.8,23,0.1,0.07,0.22,0,0.3,22.8,0.13,14.5,0,0.51,0,0.1
1015,Vegetables/Cooked vegetables (incl. cans),PRODUCE,34,2.1,4.2,0.2,3.3,3.8,0,4.1,190,28,7.3,28,0.3,0.2,0.2,0.9,23,0.09,0.06,0.19,0,0.27,15.4,0.12,11.9,0,0.57,0,0.1
1134,"Cereal products, pulses and potatoes/Pulses",GROCERY,127,9.6,14,1.9,7.7,1,0,1.8,350,36,44,150,2,1.1,4.4,0.7,4,0.16,0.06,0.1,0,0.66,46.8,0.24,2.2,0,0.18,0,0.3
1133,"Cereal products, pulses and potatoes/Pulses",GROCERY,335,25.1,37.7,4.9,19.8,2.7,0,4,1200,96,130,420,6,3.2,11,1.8,10,0.65,0.2,0.37,0,2.58,239.7,1.14,9.5,0,0.52,0,0.7
10534,Sweets/Creams and puddings,GROCERY,317,6.4,36.8,16,0.1,36.7,0.2,74,96,26,7.1,97,0.9,0.6,11,18,147,0.05,0.12,0.04,0.52,0.04,30.8,0.99,8.4,1.5,0.82,203,8
605,Fruit/Fruit juices;Non-alcoholic beverages/Fruit and vegetable juices,PRODUCE,28,0.4,2.5,0.2,0.3,2.5,0,1,100,6,6,8,0.1,0.1,0.1,0.6,0,0.02,0.02,0.05,0,0.09,20,0.13,38.7,0,0.15,0,0
13951,Fruit/Fresh fruit,PRODUCE,52,1.5,5.4,0.3,10.6,4.2,0,6,160,130,15,12,0.8,0.3,0.7,2,3,0.06,0.08,0.17,0,0.4,13,0.32,129,0,0.25,0,0
398,Fruit/Fresh fruit,PRODUCE,24,0.8,2.9,0.6,2,2.5,0,4,150,25,16,18,0.5,0.1,1,1.5,1,0.05,0.02,0.05,0,0.2,11.3,0.14,54.7,0,0.8,0,0.1
13386,"Cereal products, pulses and potatoes/Pulses",GROCERY,131,11,16.5,0.6,7.6,0.7,0,1,280,16,30,150,2,1.1,4.2,0.3,1,0.18,0.06,0.09,0,0.6,18.3,0.17,1.2,0,0.11,0,0.1
13385,"Cereal products, pulses and potatoes/Pulses",GROCERY,325,27,41.8,1.5,18.2,1.8,0,1.4,900,33,83,390,5.6,3,10,0.7,3,0.68,0.18,0.32,0,2.2,88,0.74,4.7,0,0.29,0,0.3
1060,"Cereal products, pulses and potatoes/Pulses",GROCERY,111,8.8,13.5,0.5,8.5,0.4,0,1.1,240,22,31,130,2.5,1.2,9.3,0.3,1,0.13,0.04,0.06,0,0.6,27.5,0.28,1.5,0,0.1,0,0.1
370,"Cereal products, pulses and potatoes/Pulses",GROCERY,313,24.4,38.8,1.5,23.2,1.3,0,1.7,860,57,96,400,8,3.6,26,0.7,2,0.53,0.13,0.23,0,2.5,150,1.39,6.8,0,0.29,0,0.2
531,Milk and dairy products/Hard cheese,DAIRY,273,20,0,21.4,0,0,1.9,760,90,230,15,220,0.1,1.9,,20,235,0.01,0.46,0.25,2.18,0.21,53.4,0.42,0,0.4,0.38,64,12.8
277,"Nuts, seeds and oleaginous fruit",GROCERY,533,21.3,3.6,42.2,26.9,1.4,0.1,40,680,240,320,530,6.3,4.3,13,2,0,0.47,0,0.17,0,0,71.6,0.81,0,0,0.31,0,4.6
14286,Sweets/Cakes and tarts,GROCERY,442,7.1,52.3,22.1,2.8,31.6,0.1,44,170,42,29,93,1.2,0.7,3.1,4.6,142,0.07,0.13,0.03,0.13,0.6,9.8,0.29,2,0.5,3.01,81,10.1
13883,Fruit/Fresh fruit,PRODUCE,77,1.1,16.1,0,2,15.7,0,0,200,3.6,18,27,0.3,0.2,0.5,1.6,0,0,0,0.12,0,1.06,28.3,0.06,19.2,0,0,0,0
13320,Meat and offal,MEAT_FISH,155,23.5,4.4,4.9,0,0,0.2,90,290,9.6,20,360,13,5.3,54,13,9921,0.29,3.33,0.75,50,15.6,205.9,7.6,21,0.8,0.7,430,1.6
10377,Meat and offal,MEAT_FISH,133,20.3,3.6,4.2,0,0,0.2,87,320,7.9,20,360,11,5.1,44,10,9039,0.28,2.87,0.77,54.67,15.05,198.7,7.33,23,0.7,0.57,353,1.4
776,Sausages and cold meats/Cooked sausage products,MEAT_FISH,253,19.8,0.5,19.1,0.2,0.3,2.2,860,170,4.7,16,130,3.6,2,,4.3,1526,0.23,0.64,0.24,5.14,4.15,19.6,1.21,3.9,0,0.49,111,7.2
786,Sausages and cold meats/Raw sausage products,MEAT_FISH,292,21.7,0.5,22.4,0,0.5,2.5,990,300,3.8,25,150,1.3,2.4,,1.2,5,0.71,0.22,0.42,2.49,5.17,2.7,0.63,58.4,0,0.48,68,8.3
1084,Sausages and cold meats/Boiled sausage products,MEAT_FISH,256,12.5,1.4,22.3,0,1.4,2.3,900,100,19,12,190,0.5,1.4,6,0.4,2,0.29,0.11,0.13,0.38,3.42,1,0.4,41.9,0.9,0,51,8.8
832,"Bread, flakes and breakfast cereals/Bread and bread products",BAKERY,285,9.3,48.9,5.3,2.3,2.2,1.5,610,190,57,15,89,0.5,0.6,2,39,0,0.14,0.12,0.06,0.09,0.46,20.3,0.4,0.1,0,1.34,1,1
1083,Sausages and cold meats/Boiled sausage products,MEAT_FISH,244,11.5,0.5,21.8,0,0.5,2.1,850,170,6.5,11,180,0.5,1.3,6.1,,0,0.24,0.12,0.16,0.7,2.6,,0.5,39.7,1,0,46,8.2
1092,Sausages and cold meats/Boiled sausage products,MEAT_FISH,205,13.5,0.9,16.4,0,0.9,2.3,920,210,13,17,210,0.5,1.1,8.6,,0,0.05,0.11,0.18,0.9,4.6,,0.9,36.3,0,0,65,5.1
1478,Prepared dishes/Other savoury dishes,GROCERY,180,6,17.8,9,1.7,1.3,1.1,440,170,120,21,120,0.3,0.8,11,6.7,79,0.04,0.09,0.08,0.22,0.69,10.2,0.25,4.9,0.2,0.21,26,5.3
878,Sweets/Other sweet pastries,GROCERY,460,7.3,51.3,24.8,1.1,27.8,0.6,240,99,16,8,75,0.7,0.6,7.1,11,169,0.06,0.07,0.03,0.36,0.11,10.9,0.59,0,1.1,0.81,159,13.9
14117,Sweets/Other sweet pastries,GROCERY,434,7.9,55.1,20,1.2,27.8,0.6,240,110,16,8.7,78,0.7,0.5,7.2,11,25,0.07,0.07,0.03,0.36,0.13,11.2,0.6,0,0.8,4.92,97,2.5
426,"Cereal products, pulses and potatoes/Flour and starch",GROCERY,354,0.3,88,0,0.6,0,0,6,5,1,2,22,0.5,0.6,,2.5,16,0,0,0,0,0,1,0,0,0,0,0,0
13434,Sweets/Chocolate and cocoa products,GROCERY,372,10.7,76.4,1.8,3.9,47.4,0.5,190,660,460,240,190,14,1.5,,2.8,3,1.1,1.38,1.43,2.63,16,200,6,80,3.8,12,4,0.8
14050,Non-alcoholic beverages/Beverages based on malt extract;Milk and dairy products/Milk and yoghurt beverages,GROCERY,80,3.7,9.7,2.9,0.3,7.7,0.1,49,190,140,26,98,1,0.4,,9.9,28,0.09,0.24,0.12,0.38,1.19,18.3,0.72,6.1,0.3,0.9,11,1.7
397,Fruit/Fresh fruit,PRODUCE,45,0.8,9.2,0.2,1.7,8.6,0,1,140,23,9.3,18,0.1,0.1,2.4,1,15,0.09,0.03,0.06,0,0.32,18.1,0.19,39.4,0,0.21,0,0
13884,Fruit/Dried fruit,PRODUCE,293,2.9,61.1,2.2,8.4,59.9,0.1,25,840,59,88,64,2,0.6,2,8,254,0.08,0.12,0.27,0,1.97,142,0.55,36.7,0,4.42,0,0.5
396,Fruit/Fresh fruit,PRODUCE,68,0.6,14.3,0.6,1.6,12.9,0,4,150,15,9,13,0.1,0.1,0.2,1.6,44,0.03,0.04,0.06,0,0.5,50.4,0.18,37.3,0,1,0,0.1
14054,"Cereal products, pulses and potatoes/Potatoes and other starchy tubers",PRODUCE,147,1.4,33.8,0.3,1.8,1.6,0,11,220,15,19,25,0.5,0.3,0.6,1.8,0,0.07,0.04,0.07,0,0.64,17,0.08,14.4,0,0.19,0,0.1
13918,"Cereal products, pulses and potatoes/Potatoes and other starchy tubers",PRODUCE,157,1.4,36.3,0.3,1.8,1.7,0,14,270,16,21,27,0.5,0.3,0.7,2,1,0.09,0.05,0.09,0,0.85,27,0.11,20.6,0,0.19,0,0.1
14093,Sweets/Sugar and sweeteners,GROCERY,271,0,67.2,0.2,0,58.6,0,11,220,73,23,2,0.1,2,0.6,0,0,0.02,0.73,0,0,0.16,0,0.04,0,0,0,0,0
898,Sweets/Cakes and tarts,GROCERY,356,7.4,42.6,17.1,1.3,19.7,0.2,63,140,44,19,110,1,0.8,,10,144,0.07,0.12,0.07,0.29,0.16,10.1,0.55,0.2,0.8,0.67,109,9.5
209,Fats and oils/Fats,DAIRY,357,0.3,1.1,39,0,0.4,0.3,120,200,2.2,0.7,16,0,0,0,0,46,0,0.03,0,0,0,0,0.05,0,4.6,9.46,0,11
208,Fats and oils/Fats,DAIRY,696,0,0.2,77,0,0.1,0.2,80,42,10,1.8,23,0.1,0,0,1.5,15,0.01,0.03,0,0.03,0.21,2,0.08,0,3.3,11.8,0,23.8
14288,Sweets/Other sweets,GROCERY,472,9.1,65.2,18.5,3.8,60,0,0.4,260,97,85,180,1.2,1.2,0.8,0.1,0,0.05,0.33,0.05,0,0.67,19.9,0.17,0.2,0,9.05,0,1.5
866,"Cereal products, pulses and potatoes/Potatoes and other starchy tubers",PRODUCE,80,2,11.5,2.8,0.8,1.8,0.6,220,220,46,13,67,0.4,0.2,,1.2,26,0.02,0.07,0.12,0.05,0.79,4.6,0.21,3.1,0.1,0.09,8,1.6
1519,"Cereal products, pulses and potatoes/Potatoes and other starchy tubers",PRODUCE,138,2,12.9,8.4,1.6,1.1,0.5,180,300,17,19,52,0.2,0.2,0.7,4.3,91,0.06,0.06,0.1,0.03,0.88,10.6,0.32,12.5,0.1,0.23,24,5
863,"Cereal products, pulses and potatoes/Potatoes and other starchy tubers",PRODUCE,95,2.2,12.9,3.5,1.6,1.5,0.5,180,300,28,19,57,0.2,0.2,0.4,4.9,36,0.06,0.08,0.1,0.03,0.87,10.9,0.32,12.3,0.1,0.13,10,2.1
1518,"Cereal products, pulses and potatoes/Potatoes and other starchy tubers",PRODUCE,91,2.2,12.9,3,1.6,1.5,0.5,180,300,28,20,56,0.2,0.3,0.4,5.1,29,0.06,0.08,0.1,0.05,0.86,11.9,0.31,12.4,0.1,0.12,8,1.8
771,Fats and oils/Mayonnaise,GROCERY,693,1.4,2.6,75.2,0.3,1,1.4,550,28,18,6.4,23,0.3,0.1,,30,11,0,0,0.03,0.39,0.14,0,0.23,0,0,43.25,70,7.3
1682,Fats and oils/Mayonnaise,GROCERY,794,2.4,0.1,87.1,0,0.1,0.4,150,20,20,1.9,81,0.8,0.5,6.9,16,65,0.03,0.09,0.05,0.49,0.01,18.1,0.65,1,0.8,25.58,180,7
772,Fats and oils/Mayonnaise,GROCERY,327,0.9,3.3,34.5,0,0,0.7,280,88,66,12,140,1,0.6,,5.3,0,0.05,0.16,0.06,0.6,0.12,26,0.71,4.6,0.6,16.57,131,4.6
1111,Meat and offal,MEAT_FISH,140,21.5,0,6,0,0,0.1,57,320,6.6,22,190,1,2.3,,3,7,0.27,0.17,0.47,1.26,5.9,7.2,0.82,0.2,0.6,0.4,62,2.1
1664,Prepared dishes/Italian dishes,GROCERY,154,9.2,12.8,7,1.5,2.6,0.9,360,250,87,19,120,0.9,1.6,8.7,4.9,75,0.04,0.09,0.1,0.25,1.1,10.9,0.22,2.8,0.2,0.67,25,3.4
1582,Prepared dishes/Other savoury dishes,GROCERY,175,15,8.1,9,0.6,0.7,2.2,890,170,12,16,120,1.2,2.6,8.7,4.9,10,0.13,0.11,0.12,1,2.6,9.5,0.47,1.4,0.3,0.68,68,2.6
13318,Meat and offal,MEAT_FISH,142,29.5,0.2,2.6,0,0,0.2,68,370,12,28,240,1,2.5,15,1.8,5,0.21,0.18,0.45,0.76,8.64,6.7,0.94,0,0.3,0.38,72,0.8
1104,Meat and offal,MEAT_FISH,111,22.5,0.2,2.3,0,0,0.1,58,340,8.6,24,200,0.7,1.9,11,1.3,5,0.22,0.14,0.49,0.72,7.69,6.5,0.82,0,0.2,0.33,53,0.7
399,Fruit/Fresh fruit,PRODUCE,62,1.1,14.8,0.1,1.3,10.6,0.1,24,380,11,16,17,0.2,0.2,0.5,2,231,0.05,0.02,0.08,0,0.82,37,0.12,41.9,0,0.08,0,0
14289,Sweets/Other sweets,GROCERY,391,5.5,92.3,0,0,92.3,0.2,94,80,3.5,5.7,6.2,0.1,0,6,3.8,0,0.01,0.18,0.02,0.17,0.02,2.5,0.11,0,0,0,0,0
879,Sweets/Cookies/Biscuits,GROCERY,431,7.1,53.2,20.8,1.4,22.5,0.1,47,100,18,17,96,1,0.8,4.9,7.9,176,0.08,0.06,0.08,0.24,0.14,8.7,0.44,0,0.7,0.82,124,11.6
1194,Milk and dairy products/Milk,DAIRY,59,3.2,4.8,2.9,0,4.8,0.1,39,160,120,11,92,0,0.4,1.3,10,29,0.02,0.16,0.03,0.22,0.11,5.1,0.33,0.7,0.1,0.09,11,1.7
195,Sweets/Chocolate and cocoa products,GROCERY,537,6.5,56.9,31.1,1.9,55.2,0.5,190,640,250,55,240,2.1,1.6,,17,62,0.09,0.4,0.04,0,0.4,7,0.19,2.8,0,0.25,12,19.3
642,Sweets/Chocolate and cocoa products,GROCERY,556,8.3,49.1,35.4,3.5,47.3,0.2,64,550,190,84,220,3.7,1.4,2,5.5,23,0.12,0.26,0.12,0.24,0.43,23.9,0.73,1.2,0.3,3.12,7,16.6
643,Sweets/Chocolate and cocoa products,GROCERY,534,7.3,54.8,31.3,1.7,54.2,0.2,88,480,250,50,210,2.7,1.1,2.4,6.3,48,0.07,0.35,0.06,0.34,0.27,15.1,0.66,2.3,0.4,0.75,14,17.7
612,Sweets/Chocolate and cocoa products,GROCERY,568,8.7,46.2,38.1,3,44.4,0.2,74,520,230,66,230,2.8,1.4,2.1,6.5,36,0.14,0.29,0.13,0.29,0.43,25.5,0.85,2.1,0.3,3.23,11,16.3
641,Sweets/Chocolate and cocoa products,GROCERY,509,8.4,52.7,28.5,4.2,50.9,0.2,65,700,210,84,230,5.2,1.4,3.1,5.1,34,0.09,0.28,0.07,0.23,0.45,22.8,0.61,1.8,0.4,2.32,10,14.1
654,Sweets/Chocolate and cocoa products,GROCERY,484,5.6,59.1,22.8,2.7,58.1,0.1,58,520,160,58,170,4.5,1,1.9,4.2,31,0.05,0.21,0.03,0.22,0.21,15,0.46,1.5,0.4,0.2,9,13.2
655,Sweets/Chocolate and cocoa products,GROCERY,571,7.9,47.6,38.1,3.2,46.4,0.1,51,470,180,76,200,3.1,1.2,1.7,4.2,32,0.09,0.27,0.08,0.19,0.42,21,0.56,1.4,0.3,3.71,10,18.1
59,Milk and dairy products/Milk,DAIRY,56,3.1,4.7,2.8,0,4.7,0.1,39,160,120,10,90,0,0.4,1.2,9.2,33,0.02,0.19,0.02,0.27,0.1,5.1,0.29,0.6,0.1,0.07,11,1.7
61,Milk and dairy products/Milk,DAIRY,57,3.3,4.6,2.8,0,4.6,0.1,38,160,120,10,94,0,0.4,1.2,10,33,0.02,0.18,0.03,0.15,0.12,4.3,0.36,0.5,0.1,0.09,11,1.7
13399,Milk and dairy products/Milk,DAIRY,46,3.2,4.8,1.5,0,4.8,0.1,43,170,120,12,89,0,0.4,1.2,10,14,0.04,0.2,0.05,0.25,0.09,9.5,0.31,1.7,0,0.09,5,0.9
1586,"Cereal products, pulses and potatoes/Other cereal products",GROCERY,146,3.8,24.8,3.2,1.6,1.2,0.9,350,81,9.6,44,100,2.4,1,0.8,1.3,0,0.09,0.04,0.1,0,0.62,8.5,0.15,0.6,0,0.42,0,0.6
422,"Cereal products, pulses and potatoes/Other cereal products",GROCERY,360,10.6,68.8,3.9,3.8,1.5,0,3,170,9.5,120,280,6.9,2.9,2,2.5,0,0.34,0.11,0.32,0,1.8,20,0.38,0,0,0.1,0,1
938,"Bread, flakes and breakfast cereals/Flakes, bran and germs",GROCERY,360,10.6,68.8,3.9,3.9,1.6,0,3,170,10,120,280,6.9,2.9,2,2.5,0,0.33,0.11,0.41,0,1.8,20,0.71,0,0,0.1,0,0.9
13317,Meat and offal,MEAT_FISH,205,24.4,0,12,0,0,0.1,56,300,5.1,21,200,1.8,4.4,12,2,5,0.2,0.17,0.34,2.17,6.15,5.4,0.68,0,0.5,0.38,74,5
1105,Meat and offal,MEAT_FISH,183,20.1,0,11.4,0,0,0.1,52,300,4.1,19,180,1.5,3.6,9.7,1.6,5,0.22,0.15,0.4,2.23,5.92,5.6,0.64,0,0.4,0.35,59,4.7
14145,"Plant based protein foods and alternaives to animal products/Substitutes for meat, meat products, fish or egg",DAIRY,167,14.8,5,8.4,6.2,3.2,1.1,430,570,99,65,220,3,1.6,5.8,10,5,0.14,0.09,0.07,0,0.86,34.6,0.23,0,0,1.35,0,2.3
14112,"Plant based protein foods and alternaives to animal products/Substitutes for meat, meat products, fish or egg",DAIRY,92,13.4,1.6,2.3,6,0,0.4,160,110,50,41,240,0.3,6.6,2.5,1,0,0.04,0.35,0.08,0,0.95,40.8,0.23,0,0,0.04,1,0.3
671,Prepared dishes/Stews and soups,GROCERY,53,2,7,1.8,0.4,2.6,1,390,110,14,5,20,0.3,,,,72,0.02,0.02,0.04,0,0.79,7,0.1,1,0,0,1,0.7
1087,Sausages and cold meats/Raw sausage products,MEAT_FISH,460,26.1,0.8,39.1,0,0.8,4.5,1780,390,0,28,330,3,3.9,13,0.8,1,0.28,0.16,0.22,1.8,7.2,2.5,0.9,3.9,1.6,0,97,15.4
1053,Fruit/Cooked fruit (incl. cans),PRODUCE,70,0.7,16.6,0.2,2,12.2,0,0,170,12,7.5,19,0.1,0.1,1.5,1.1,21,0.05,0.01,0.04,0,0.14,4.5,0.16,2.5,0,0.98,0,0
732,Sweets/Jams and sweet sandwich spreads,GROCERY,274,1.2,67.2,0,0,67.2,0.2,96,1470,500,140,31,9.2,0.9,,0,0,0.08,0.1,0,0,0,0,0,0,0,0,0,0
761,"Fish/Seafood, crustaceans and shellfish",MEAT_FISH,85,11.7,3.4,2.7,0,0,0.7,290,320,88,36,240,5.8,1.6,49,130,84,0.12,0.16,0.08,8,1.6,37,0.29,0,0,1.1,108,0.5
457,Vegetables/Mushrooms,PRODUCE,29,2.5,0.5,0.3,7,0.1,0,2,390,11,16,160,1.2,0.5,,10,0,0.13,0.06,0.05,0,5,25,2.5,5,3.1,0.19,0,0.1
1039,Vegetables/Mushrooms,PRODUCE,34,2.8,0.6,0.4,8.5,0.1,0,2.1,370,13,16,190,1.2,0.5,,12,0,0.12,0.06,0.05,0,4.88,18.3,2.5,4.5,3.8,0.22,0,0.1
819,Sausages and cold meats/Boiled sausage products,MEAT_FISH,306,15.7,0.8,26.6,0,0.8,2.1,830,99,3.8,13,170,0.9,1.3,,1.5,5,0.36,0.12,0.19,1.05,2.97,3,0.48,24.8,0,0.41,74,9.9
717,Sausages and cold meats/Raw sausage products,MEAT_FISH,150,32.6,0.5,1.9,0,0.5,4.7,1860,580,0,33,300,3.3,5.9,14,0,2,0.1,0.17,0.37,1.4,7.1,0,0.9,11.6,0,0,69,0.9
82,Milk and dairy products/Fresh cheese and curds,DAIRY,256,19.5,0.7,19.5,0,0.7,0.4,140,8,340,10,350,0.1,2.6,,4.8,194,0.03,0.27,0.07,1.4,0.4,16,0.14,0,0.3,0.39,46,11.4
14123,"Bread, flakes and breakfast cereals/Muesli mixes and breakfast cereals",GROCERY,420,10.3,63.4,11.9,9.1,17,0.5,200,300,180,130,260,4.3,1.9,,1.5,1,0.9,1.2,1.2,2.1,13.4,306.3,5,66.5,2.5,10,0,2.9
942,"Bread, flakes and breakfast cereals/Muesli mixes and breakfast cereals",GROCERY,365,11.4,62.3,5.6,10.1,10.5,0.1,33,380,45,100,330,2.8,2.4,2.9,2.2,3,0.31,0.06,0.16,0,1.85,35.4,0.58,1.4,0,1.32,0,0.7
943,"Bread, flakes and breakfast cereals/Muesli mixes and breakfast cereals",GROCERY,372,11.3,57.4,8.3,10.8,11.6,0,13,450,55,110,320,3.1,2.4,3,2.4,3,0.33,0.09,0.2,0,2.1,41.7,0.63,4.2,0,2.56,0,1.4
948,"Bread, flakes and breakfast cereals/Muesli mixes and breakfast cereals",GROCERY,443,9,59,17.4,7.2,19.6,0.3,130,320,37,82,250,2.7,2,,1.2,1,0.15,0.05,0.09,0,0.44,10.6,0.27,0.2,0,3.68,0,5.2
945,"Bread, flakes and breakfast cereals/Muesli mixes and breakfast cereals",GROCERY,426,8.7,60,15.1,7.7,18.6,0.4,170,270,30,71,240,2.1,1.8,2.5,1.6,1,0.16,0.04,0.11,0,0.92,15.5,0.34,2.2,0,4.47,0,3.5
944,"Bread, flakes and breakfast cereals/Muesli mixes and breakfast cereals",GROCERY,432,11.3,56.2,16.2,8.2,15,0.3,120,330,46,100,310,2.6,2.3,2.8,1.6,0,0.22,0.09,0.13,0,1.15,24.1,0.4,0.2,0,4.94,0,3.2
14104,"Bread, flakes and breakfast cereals/Muesli mixes and breakfast cereals",GROCERY,432,9.4,58.8,15.9,7.7,17.9,0.4,140,300,36,82,260,2.3,1.9,,1.5,1,0.17,0.06,0.11,0,0.86,16.4,0.34,1.2,0,4.39,0,3.8
1128,Vegetables/Mushrooms,PRODUCE,26,3.6,1,0.3,2.3,0.3,0,5.5,380,7.1,11,100,1.3,0.5,,17,2,0.1,0.31,0.09,0,4.01,21.4,2,2.3,2,0.01,0,0.1
1129,Vegetables/Mushrooms,PRODUCE,30,4.1,1.2,0.3,2.8,0.3,0,5.8,360,8.4,11,120,1.3,0.6,,19,3,0.1,0.31,0.09,0,3.91,15.7,2,2,2.4,0.02,0,0.1
1585,Prepared dishes/Other savoury dishes,GROCERY,129,4.2,18.5,3.9,1.5,0.5,0.5,220,100,70,11,84,0.3,0.7,,3.4,27,0.07,0.21,0.03,0.08,2.99,9.1,0.59,0.6,0.6,0.3,7,1.9
683,Various/Sauces,GROCERY,132,4.1,8.6,8.9,0.5,4.1,0.6,240,200,110,11,100,0.2,0.4,2.4,12,69,0.04,0.23,0.04,0.13,0.64,4.8,0.57,0.9,0.5,0.18,27,5.3
688,Prepared dishes/Stews and soups,GROCERY,38,1.1,5.5,1.2,0,2,0.9,370,68,40,5,36,0.2,0.3,,4.9,22,0.03,0.07,0.01,0,0.4,3,0.1,0,0,0.14,0,0
629,Vegetables/Mushrooms,PRODUCE,19,2.2,0.5,0.3,2.5,0,0.9,340,120,23,12,69,0.8,0.5,,18,1,0.02,0.19,0.06,0,2,10,2,2,0,0,0,0
375,Vegetables/Mushrooms,PRODUCE,25,3.7,1.1,0.3,1.9,0.3,0,5.7,370,7,11,110,1,0.5,7,18,0,0.1,0.31,0.1,0,3.62,21.7,1.99,2.1,1.9,0,0,0
1037,Vegetables/Mushrooms,PRODUCE,29,4.2,1.2,0.3,2.3,0.3,0,6,350,8.3,11,120,1,0.6,8.1,21,0,0.1,0.31,0.1,0,3.53,15.9,1.99,1.8,2.3,0,0,0.1
13977,"Fish/Seafood, crustaceans and shellfish",MEAT_FISH,108,17.2,5.1,2.1,0,,0.8,320,170,59,67,180,4,2.9,56,110,98,0,0.29,0.04,17.6,1.16,48,0.28,5.9,0,2.98,52,0.4
13464,Various/Sauces,GROCERY,124,7.1,3.8,7.7,5.3,2.6,4.1,1640,200,110,95,210,1.7,1.1,,0,2,0.24,0.04,0.02,0,1.15,18,0.21,0,0,1.34,0,0.5
1579,Prepared dishes/Asian dishes,GROCERY,125,10.8,16.1,1.8,0.5,0.7,1.3,510,190,18,17,120,0.3,0.7,,1.3,14,0.11,0.07,0.19,0.07,4.24,5.3,0.43,10.9,0.4,0.37,23,0.3
404,Fruit/Fresh fruit,PRODUCE,55,1,11.3,0.3,1.3,8.8,0,0,260,7,9,25,0.2,0.1,0,3,15,0.02,0.02,0.02,0,0.64,8,0.24,4.6,0,0.61,0,0
767,"Fish/Seafood, crustaceans and shellfish",MEAT_FISH,93,19.6,0.8,1.3,0,0,0.9,340,210,29,68,180,2,4.6,55,240,0,0.13,0.01,0.21,0.9,5.67,17,1.5,3,0,1.5,95,0.2
14148,"Plant based protein foods and alternaives to animal products/Substitutes for meat, meat products, fish or egg",DAIRY,250,15.5,19.7,10.9,5.4,1.8,1.2,480,390,67,56,170,2.2,1,5.9,8.4,2,0.07,0,0.04,0,0.61,31.5,0.34,0,0,3.76,0,1.1
915,Sweets/Other sweet pastries,GROCERY,445,12.2,54.9,18.7,3.8,12.9,1.2,470,300,69,42,170,1.6,1.2,3.7,6.5,80,0.33,0.19,0.21,0.17,1.51,58.3,0.76,0.5,0.4,3.12,61,5.7
14294,Sweets/Cookies/Biscuits,GROCERY,454,10.7,57.6,19.2,4,25.6,0.5,220,290,61,58,150,1.6,1.3,2,3.4,23,0.19,0.07,0.2,0.02,0.5,24,0.62,0.5,0,4.51,8,2.9
871,Sweets/Cookies/Biscuits,GROCERY,567,10.5,47,36.6,3.7,22.6,0.1,56,280,61,55,180,1.9,1.5,5.6,11,176,0.19,0.08,0.2,0.29,0.46,29.5,0.89,0.5,0.8,5.11,140,12.5
902,Sweets/Cakes and tarts,GROCERY,481,7,49.9,27.7,2,30.9,0,15,150,33,30,110,0.8,0.8,2.7,4.5,153,0.11,0.05,0.06,0.11,0.17,23.6,0.47,0.2,0.4,0.89,62,10.2
769,"Bread, flakes and breakfast cereals/Flakes, bran and germs",GROCERY,371,18.5,50.8,7,15.4,1.5,0,4,570,58,240,730,5.4,3.1,,0.8,0,0.85,0.22,0.36,0,0.93,52,1.25,0,0,1.01,0,1.3
14114,Plant based protein foods and alternaives to animal products/Plant based drinks,DAIRY,47,0.5,7.8,1.5,0.2,3.6,0.1,40,30,1,4.2,11,0,0,0.2,0.4,0,0.03,0.01,0.01,0,0.06,2.3,0.15,0,0,0.51,0,0.2
14130,Plant based protein foods and alternaives to animal products/Plant based drinks,DAIRY,48,0.5,7.8,1.5,0.9,3.6,0.1,40,30,110,4.2,29,0,0,0.2,8.3,0,0.03,0.14,0.01,0.25,0.06,2.3,0.15,0,0.9,0.51,0,0.2
198,"Bread, flakes and breakfast cereals/Flakes, bran and germs",GROCERY,381,13.5,59.5,7.5,10.5,1,0,19,390,54,130,440,3.5,3.2,2.1,0.5,0,0.34,0.05,0.09,0,0.56,20.5,0.45,0,0,0.79,0,0.9
591,Fats and oils/Oils,GROCERY,900,0,0,100,0,0,0,1,1,0,1,2,0.1,0,0,0.1,7,0,0,0,0,0,0,0,0,0,28.8,0,11.9
493,"Nuts, seeds and oleaginous fruit",GROCERY,176,1.4,0.8,17.2,6.2,0.8,1.8,710,19,80,16,7.9,8.5,0.1,,4.5,22,0.02,0,0.03,0,0,0,0.04,0,0,6.95,0,2.1
492,"Nuts, seeds and oleaginous fruit",GROCERY,154,1.3,0,15.7,3.6,0,3.2,1260,31,58,24,6.7,0.2,0.1,0,2,2,0,0,0.02,0,0,0,0.04,0,0,4.39,0,2.3
1616,"Prepared dishes/Cakes, pies and gratins",GROCERY,189,5.2,16.1,11.2,1.7,3.9,1,420,150,37,13,72,0.5,0.6,3.2,4.9,90,0.07,0.07,0.08,0.1,0.34,11.7,0.3,3,0.3,0.39,46,6
1615,"Prepared dishes/Cakes, pies and gratins",GROCERY,186,4.8,13.9,12,1.6,3.9,1.1,420,150,37,12,68,0.4,0.5,3.2,4.9,98,0.07,0.07,0.08,0.1,0.33,11.4,0.29,3,0.3,0.39,48,6.5
368,Vegetables/Fresh vegetables,PRODUCE,39,1.1,6.3,0.6,1.9,4.8,0,7.7,140,20,8.5,30,0.2,0.2,0.6,1.8,1,0.04,0.02,0.09,0,0.2,29.6,0.16,5,0,0.06,0,0.2
1036,Vegetables/Cooked vegetables (incl. cans),PRODUCE,92,2.6,14.9,1.5,4.5,11.4,0,18,340,48,20,72,0.5,0.4,1.3,4.3,3,0.09,0.05,0.2,0,0.45,49.3,0.34,9,0,0.13,0,0.5
1035,Vegetables/Cooked vegetables (incl. cans),PRODUCE,43,1.2,7,0.7,2.2,5.4,0,7.2,130,24,8.4,34,0.2,0.2,0.6,2.1,1,0.04,0.02,0.09,0,0.2,21.4,0.15,4.1,0,0.07,0,0.2
576,Fruit/Fruit juices;Non-alcoholic beverages/Fruit and vegetable juices,PRODUCE,42,0.6,9.6,0.1,0.3,9.6,0,4.8,170,8,10,17,0.1,0,0,0.7,2,0.08,0.02,0.1,0,0.3,30,0.24,37,0,0.19,0,0.1
572,Non-alcoholic beverages/Soft drinks;Non-alcoholic beverages/Fruit and vegetable juices,GROCERY,42,0.3,10.1,0,0.1,10.1,0,1,110,5.8,6.7,9.6,0.1,0.1,,1.9,3,0.04,0.01,0.02,0,0.13,11.5,0.08,11.5,0,0.1,0,0
405,Fruit/Fresh fruit,PRODUCE,45,0.8,8,0.2,2.7,7.6,0,0,180,45,15,38,0.3,0.2,1.2,1,14,0.09,0.03,0.05,0,0.35,18.8,0.18,50.9,0,0.19,0,0
708,Fats and oils/Oils;Fats and oils/Fats,GROCERY,899,0,0,99.9,0,0,0,1,1,1,1,1,0,0,0,0,0,0,0,0,0,0,0,0,0,0,7.4,0,48.8
202,Sweets/Other sweet pastries,GROCERY,354,6.4,56.5,10.7,2.8,22.9,0.5,190,230,150,50,130,3,0.6,2.3,24,107,0.13,0.11,0.12,,0.63,33,,0,0.4,0.62,112,5.6
779,Sausages and cold meats/Raw sausage products,MEAT_FISH,538,21.1,0.9,50,0,0.9,4,1600,340,5,22,180,1.6,3.1,,0.8,8,0.44,0.24,0.28,3.63,6.15,2.5,0.53,71.1,0,0.68,85,19.5
13440,Fruit/Fresh fruit,PRODUCE,44,0.5,9.5,0.1,1.8,9.5,0,14,220,21,17,9,0.2,0.1,0.9,0.1,37,0.03,0.03,0.04,0,0.33,17.8,0.16,67.8,0,0.28,0,0
663,"Various/Salt, spices and flavours",GROCERY,358,14.8,34.9,13,20.9,33.2,0.1,34,2340,180,190,350,24,4.1,,5,3030,0.65,1.74,0,0,15.3,0,0,0,0,0,0,2.1
482,Milk and dairy products/Hard cheese,DAIRY,401,30.5,0,31,0,0,1.6,650,100,1340,44,800,0.7,4,12,40,288,0.02,0.29,0.1,1.75,0.2,20,0.79,0,0.8,0.78,77,20.6
373,Vegetables/Herbs,PRODUCE,58,3.9,7.4,0.5,4.3,4.8,0.1,38,850,210,37,110,5.9,0.8,,3.4,385,0.15,0.3,0.2,0,1.4,132,0.31,182,0,3.54,0,0.1
13443,Vegetables/Cooked vegetables (incl. cans),PRODUCE,58,1.2,11.4,0.4,2.1,2.9,0,2.2,200,42,13,68,0.3,0.4,0.5,3.4,2,0.07,0.1,0.07,0,0.69,22.7,0.33,8.3,0,0.93,0,0.1
13439,Vegetables/Fresh vegetables,PRODUCE,62,1.3,12.1,0.4,2.1,3.1,0,3.8,430,42,21,71,0.4,0.5,0.6,3.6,2,0.1,0.13,0.09,0,0.94,43.2,0.52,19.7,0,0.88,0,0.1
986,Fruit/Fresh fruit,PRODUCE,102,2.1,10.9,3,6.8,8.5,0,5,240,8.1,26,46,0.6,0.8,0.6,1.3,64,0,0.07,0.23,0,1.47,102.6,0.27,25.6,0,0.4,0,0.5
1063,"Cereal products, pulses and potatoes/Pasta",GROCERY,158,5.9,31.2,0.6,2.4,0.2,1,420,56,9.8,22,73,0.5,0.7,24,0.5,0,0.04,0.02,0.07,0,0.84,10.1,0.13,0,0,0.15,0,0.1
800,"Cereal products, pulses and potatoes/Pasta",GROCERY,353,12.6,70.5,1.2,5.1,0.4,0,5,200,22,56,170,1.5,1.5,51,0.6,0,0.09,0.06,0.17,0,2,31,0.3,0,0,0.31,0,0.2
1611,"Prepared dishes/Cakes, pies and gratins",GROCERY,163,10.2,14.4,7,1,1.4,1.2,490,160,120,20,180,0.6,1.2,,12,61,0.14,0.15,0.1,0.37,1.24,8.8,0.53,7.4,0.5,0.39,78,3.6
1598,Prepared dishes/Salads,GROCERY,126,5.6,12.6,5.6,1.3,1,0.8,300,140,17,16,84,0.5,0.6,,4.7,23,0.11,0.06,0.09,0.12,1.03,17.1,0.35,11.9,0.3,2.15,40,0.7
1597,Prepared dishes/Salads,GROCERY,130,5.5,12.6,6,1.3,1,0.7,280,140,16,16,82,0.5,0.6,12,3.7,23,0.1,0.06,0.1,0.11,1.02,16.6,0.35,11.9,0.3,1.62,38,0.9
1062,"Cereal products, pulses and potatoes/Pasta",GROCERY,132,5,25,1.1,1.3,1.3,0.9,340,49,8.3,13,55,0.8,0.5,32,1.4,21,0.05,0.02,0.02,0,0.64,5.8,0.1,0,0,0.04,32,0.2
799,"Cereal products, pulses and potatoes/Pasta",GROCERY,365,13.3,69.9,2.8,3.4,3.7,0,17,220,23,42,150,3,1.3,86,3.3,63,0.17,0.07,0.06,0,1.9,22,0.3,0,0,0.1,86,0.5
13462,"Cereal products, pulses and potatoes/Pasta",GROCERY,174,6.9,25.1,4.7,2.2,1,0.7,300,95,29,18,86,0.8,0.7,9,8,28,0.19,0.05,0.05,0.57,0.51,13.6,0.32,0,0,0.28,26,1.7
13498,"Cereal products, pulses and potatoes/Pasta",GROCERY,175,7.4,24.5,4.8,2.3,0.8,0.8,300,120,55,29,98,1.1,0.9,,7.5,54,0.04,0.07,0.04,0.15,0.22,20.2,0.3,2.3,0.3,0.91,37,1.7
13489,"Cereal products, pulses and potatoes/Pasta",GROCERY,212,8.7,30,5.7,2.7,1,1.1,440,180,64,34,120,1.3,1,,8.8,70,0.07,0.11,0.07,0.21,0.32,33.4,0.47,3.7,0.3,1.06,43,2
13390,"Cereal products, pulses and potatoes/Pulses",GROCERY,137,9,21.2,0.7,5,1.1,0,2.7,340,18,36,140,1.6,1.2,1.3,0.5,4,0.22,0.07,0.03,0,0.84,42.9,0.35,1,0,0.05,0,0.1
13389,"Cereal products, pulses and potatoes/Pulses",GROCERY,331,21.3,51.9,1.7,11.6,2.8,0,6.6,1060,39,96,360,4.3,3.1,3,1.3,10,0.79,0.21,0.12,0,3,200,1.49,3.9,0,0.13,0,0.3
624,Fruit/Cooked fruit (incl. cans),PRODUCE,82,0.7,18.6,0.1,1.6,17.9,0,0.8,120,7.2,7.4,17,0.1,0.1,1.3,3.1,9,0.01,0.02,0.01,0,0.51,2.3,0.15,2.5,0,0.98,0,0
625,Fruit/Cooked fruit (incl. cans),PRODUCE,40,0.8,8.1,0.1,1.7,7.3,0,0.9,130,7.9,8.2,19,0.2,0.2,1.5,3.4,10,0.01,0.03,0.02,0,0.57,2.5,0.17,2.8,0,1.09,0,0
401,Fruit/Fresh fruit,PRODUCE,43,0.8,8.9,0.1,1.9,8,0,1.3,190,7.3,9,21,0.2,0.1,1.3,3,12,0.01,0.03,0.02,0,0.63,4.5,0.18,6.1,0,0.96,0,0
282,"Nuts, seeds and oleaginous fruit",GROCERY,623,26.1,14.8,49.1,8.6,5.9,0,18,710,65,160,380,1.6,4,30,13,0,0.6,0.43,0.02,0,12,101.7,2.48,0,0,2.88,0,8.4
751,Various/Spreads,GROCERY,636,26.1,12.5,51.8,7.6,6.4,0.9,350,700,37,180,330,2,3,3,0,0,0.17,0.1,0.58,0,15,53,1.24,0,0,4.7,0,12.8
681,Savoury snacks/Other savoury snacks,GROCERY,507,13.2,56.5,24.2,4.9,0,1.9,770,170,16,43,110,0.9,0.8,,5,13,0.18,0.04,0.13,0,3.26,17,0.6,0,0,3.5,0,4.4
596,Fats and oils/Oils,GROCERY,900,0,0,100,0,0,0,0,0,0,0,0,0,0,0,0,0,0,0,0,0,0,0,0,0,0,13.9,0,17.3
14267,Sweets/Other sweets,GROCERY,498,9.5,55.9,25,5.9,50.5,0.1,47,500,100,95,230,2.9,1.4,,,1,0.34,0.17,0.03,,2.29,80.4,0.78,,0.8,2.32,,9.9
14092,"Savoury snacks/Salted nuts, seeds and kernels",GROCERY,631,26.2,15,50,8,4.2,1.3,530,530,47,170,240,1.2,2.9,4.8,5.7,0,0.14,0.07,0.43,0,12.4,66.6,1.17,0,0,2.5,0,8.6
14238,"Savoury snacks/Salted nuts, seeds and kernels",GROCERY,637,26.8,11.3,51.9,8.7,2.5,0,8,630,58,180,360,1.6,2.8,,,0,0.15,0.2,0.47,,14.4,97,1.01,0,0,4.93,0,7.9
620,Fruit/Cooked fruit (incl. cans),PRODUCE,71,0.4,15.2,0.4,2.6,14.4,0,0,69,8.8,4,7.9,0,0.1,0.1,0.5,0,0,0,0.01,0,0,0,0.04,0.9,0,0.12,0,0.1
562,Fruit/Fruit juices;Non-alcoholic beverages/Fruit and vegetable juices,PRODUCE,50,0.4,11.6,0.2,0,9.6,0,1.9,100,10,6.7,11,0.2,0.1,,0.8,1,0.02,0.02,0.01,0,0.18,8.7,0.05,2.9,0,0.45,0,0
1484,"Sweets/Cakes and tarts;Prepared dishes/Cakes, pies and gratins",GROCERY,163,3.1,19.9,7.3,2.6,8.6,0.2,99,150,21,13,48,0.4,0.3,1.9,3.5,10,0.04,0.05,0.05,0.08,0.2,11.6,0.24,3.3,0.2,0.76,20,3.3
1483,"Sweets/Cakes and tarts;Prepared dishes/Cakes, pies and gratins",GROCERY,161,2.8,19.2,7.5,2.5,8.6,0.3,120,140,21,9.6,39,0.2,0.2,1.8,3.5,10,0.04,0.05,0.03,0.08,0.19,11.7,0.23,3.3,0.2,0.8,20,3.3
14098,Fruit/Cooked fruit (incl. cans),PRODUCE,50,0.5,9.9,0.3,2.6,8.2,0,1.2,90,7,7.5,14,0.1,0.1,0.3,0.5,1,0.01,0.01,0.02,0,0.17,6.5,0.08,2,0,0.14,0,0.1
433,Fruit/Dried fruit,PRODUCE,288,2.3,59.7,1.4,13.5,49.6,0,10,390,48,34,53,0.8,0.5,2,4,0,0.06,0.08,0.03,0,0.65,39,0.16,2.1,0,0.06,0,0.2
382,Fruit/Fresh fruit,PRODUCE,54,0.5,10.9,0.3,2.9,9,0,1.8,130,6.5,8.2,15,0.1,0.1,0.3,0.4,1,0.01,0.01,0.03,0,0.19,11.5,0.09,4.5,0,0.12,0,0.1
1050,Fruit/Cooked fruit (incl. cans),PRODUCE,57,0.6,11.3,0.4,3,9.4,0,1.4,100,8,8.6,16,0.1,0.1,0.4,0.5,1,0.01,0.01,0.02,0,0.2,7.5,0.1,2.3,0,0.16,0,0.1
429,"Cereal products, pulses and potatoes/Other cereal products",GROCERY,337,9.1,64,2,13.4,1.4,0,1.8,300,18,71,250,1.9,2,2.8,1,0,0.24,0.06,0.23,0,1.27,50.3,0.16,0,0,0.08,0,0.4
14200,"Cereal products, pulses and potatoes/Other cereal products",GROCERY,134,3.6,25.5,0.8,5.3,0.5,0.5,200,120,11,29,100,0.8,0.8,1.1,0.5,0,0.07,0.02,0.07,0,0.48,16,0.06,0,0,0.03,0,0.1
494,Vegetables/Cooked vegetables (incl. cans),PRODUCE,28,0.9,4.9,0.2,1.3,3.5,1.1,450,93,22,0,23,0.2,0.1,,0,1,0.02,0,0.1,0,0.1,14,0,0,0,0.31,0,0
787,Sausages and cold meats/Raw sausage products,MEAT_FISH,524,21.3,0.3,48.5,0,0.3,4,1590,350,4.8,23,270,1.5,2.9,,1.1,8,0.53,0.24,0.33,3.29,5.96,2.6,0.56,71,0,0.69,86,18.8
884,Sweets/Cookies/Biscuits,GROCERY,482,7.7,63.8,21.3,2.1,37.2,0.5,200,370,120,39,160,1.6,1.2,,9.1,74,0.09,0.21,0.07,0,0.3,4.9,0.2,1.3,0.1,0.42,23,12.9
463,Vegetables/Herbs,PRODUCE,49,3.8,5.3,0.7,3,5.2,0,15,260,210,30,75,9.5,1.2,,4,61,0.12,0.33,0.05,0,1.1,110,0.19,31,0,5,0,0.1
13459,Various/Sauces,GROCERY,436,5.6,6.6,42.5,2.5,3.2,2.7,1060,200,150,36,94,0.6,0.7,4,4,82,0.05,0.1,0.07,0,0.59,25.8,0.31,92.6,0,17.9,18,6.5
13447,Various/Sauces,GROCERY,410,6.1,13.1,36.2,3.5,11.2,2.1,830,1050,93,61,150,2.5,1,1.2,,48,0.13,0.16,0.26,0.08,2.93,34.8,0.62,21.4,0,17.66,5,5
14074,Sweets/Cookies/Biscuits,GROCERY,431,8.7,70.2,12.4,2.3,20.6,0.5,220,130,11,24,90,1.1,0.8,1.7,1.9,95,0.11,0.03,0.11,0.01,0.22,5.7,0.27,0,0.2,0.57,33,7.1
14067,Sweets/Cookies/Biscuits,GROCERY,426,9.6,65.3,12.7,6,17.3,0.6,230,290,30,68,190,2.8,1.8,3.2,2.5,95,0.2,0.08,0.21,0.01,0.37,12.9,0.51,0,0.2,0.73,33,7.1
416,Fish/Fresh water fish,MEAT_FISH,81,18.4,0,0.8,0,0,0.2,75,370,22,28,220,0.2,0.7,28,5.8,6,0.09,0.06,0.15,2,1.6,6,0.24,3.8,1.4,0.6,63,0.2
283,"Nuts, seeds and oleaginous fruit",GROCERY,688,16.5,13,61.9,6.3,4.9,0,1.9,810,20,370,690,6.5,5.8,1,11,0,0.49,0.26,0.22,0,3.33,63.4,0.41,0,0,11.85,0,4.3
14094,Fruit/Cooked fruit (incl. cans),PRODUCE,60,0.5,13.6,0.1,1.4,12.8,0,0,130,11,12,7.8,0.2,0.1,0.1,0.3,2,0.06,0,0.08,0,0.2,5,0.07,5,0,0.02,0,0
14095,Fruit/Cooked fruit (incl. cans),PRODUCE,59,0.4,13.6,0.1,0.9,12.6,0,0.2,130,10,12,7.1,0.2,0.1,0.1,0.1,1,0.06,0,0.06,0,0.2,5,0.06,5,0,0.01,0,0
617,Fruit/Cooked fruit (incl. cans),PRODUCE,70,0.5,15.9,0.1,1.6,15.9,0,1.9,95,6.4,11,4.8,0.1,0.1,0.1,0.3,2,0.03,0,0.05,0,0.2,5,0.04,5.2,0,0.02,0,0
13880,Fruit/Fruit juices,PRODUCE,51,0.4,12.1,0.1,0.2,12.1,0,5,130,16,14,4,0.2,0.1,0.1,0,5,0.05,0.02,0.1,0,0.2,2,0.1,12.1,0,0.02,0,0
14096,Fruit/Cooked fruit (incl. cans),PRODUCE,42,0.5,9.4,0.1,1,8.4,0,0.6,73,13,8.8,4.8,0.1,0.1,0.3,1.4,3,0.04,0.01,0.05,0,0.16,4.7,0.1,22.6,0,0.02,0,0
377,Fruit/Fresh fruit,PRODUCE,52,0.5,11.7,0.1,1.2,10.5,0,0,120,14,11,6,0.2,0.1,0.3,1.4,4,0.07,0.02,0.07,0,0.2,9.4,0.13,56.5,0,0.02,0,0
274,"Nuts, seeds and oleaginous fruit",GROCERY,621,25.5,12.3,50.3,8.8,7.2,0,1,1000,92,120,470,2.8,3.3,6.8,5,18,0.43,0.24,0.9,0,1.1,68.4,0.52,5.6,0,1.64,0,5.7
1533,Prepared dishes/Italian dishes,GROCERY,225,11.5,26.7,7.7,1.5,1.5,0.9,370,220,85,15,160,0.5,1.1,,2.5,49,0.18,0.12,0.12,0.29,1.38,11.1,0.28,9.1,0.1,1.47,16,3.1
907,"Cereal products, pulses and potatoes/Dough",BAKERY,229,7,41.2,3.6,2,0.2,0.7,290,110,5.9,9.4,44,0.4,0.4,1.4,0.6,0,0.11,0.04,0.04,0,0.4,19.8,0.24,0,0,1.15,0,0.5
14158,"Cereal products, pulses and potatoes/Dough",BAKERY,266,8.2,47.9,4.1,2.3,0.2,0.8,340,130,6.8,11,51,0.5,0.4,1.6,0.7,0,0.1,0.04,0.04,0,0.44,11.5,0.21,0,0,1.34,0,0.6
1534,Prepared dishes/Italian dishes,GROCERY,196,9.5,24.3,6.4,1.5,3.6,0.8,300,200,72,16,130,0.5,0.9,,2.1,41,0.16,0.1,0.11,0.24,1.19,10,0.27,9,0.1,1.23,13,2.5
1535,Prepared dishes/Italian dishes,GROCERY,238,9.9,30,8.4,1.7,1.6,0.7,270,180,93,13,130,0.5,1,,2.3,54,0.09,0.1,0.08,0.32,0.7,12.3,0.22,3,0.1,1.63,12,3.3
1539,Prepared dishes/Italian dishes,GROCERY,297,12.3,37.2,10.6,1.8,0.2,1.1,450,120,210,16,180,0.5,1.2,,6.8,63,0.08,0.11,0.05,0.32,0.41,12.1,0.3,0,0.2,1.17,20,5
1537,Prepared dishes/Italian dishes,GROCERY,205,10.8,24,7,1.6,1.4,0.8,330,240,77,15,150,0.6,1,,4.4,44,0.17,0.14,0.12,0.26,1.65,11.8,0.46,8.4,0.3,1.32,14,2.8
1538,Prepared dishes/Italian dishes,GROCERY,219,10.7,28.8,6.5,1.6,1.6,1,380,240,59,15,140,0.5,0.9,,2.3,34,0.19,0.1,0.12,0.19,1.46,11.2,0.29,9.9,0,1.55,13,2.2
1536,Prepared dishes/Italian dishes,GROCERY,239,9.5,27.6,9.7,1.6,1.7,0.6,250,180,98,14,120,0.5,0.9,,3.7,74,0.09,0.11,0.08,0.3,0.67,16.5,0.23,5.8,0.1,1.56,16,4.4
1532,Prepared dishes/Italian dishes,GROCERY,225,11.9,26.6,7.5,1.5,1.4,0.7,270,180,84,15,130,0.6,1,,3.6,51,0.08,0.1,0.11,0.69,1.76,11.2,0.22,2.7,0.2,1.52,16,3
1540,Prepared dishes/Italian dishes,GROCERY,125,5.7,17.6,3.2,2,1.8,0.3,130,240,44,14,83,0.6,0.6,,4.8,28,0.09,0.11,0.1,0.1,0.99,18,0.46,13.1,0.3,0.9,4,1.2
1530,"Sweets/Cakes and tarts;Prepared dishes/Cakes, pies and gratins",GROCERY,159,3.2,19.4,7.3,1.6,8.4,0.2,99,170,23,12,49,0.5,0.3,2.1,4.2,19,0.06,0.07,0.05,0.08,0.39,4.6,0.3,3.9,0.2,1.29,20,3.3
1528,"Sweets/Cakes and tarts;Prepared dishes/Cakes, pies and gratins",GROCERY,156,2.9,18.6,7.5,1.6,8.4,0.3,120,160,22,9,39,0.4,0.2,2.1,4.2,19,0.05,0.07,0.04,0.08,0.38,4.8,0.29,3.9,0.2,1.34,20,3.3
474,Fruit/Fresh fruit,PRODUCE,48,0.6,10.2,0.2,1.6,8.8,0,1.7,160,8.3,7.4,16,0.3,0.1,0.6,1.4,15,0.04,0.04,0.03,0,0.45,2,0.17,5.2,0,0.85,0,0
1054,Fruit/Cooked fruit (incl. cans),PRODUCE,48,0.7,10.1,0.2,1.6,8.6,0,1.3,120,9.7,7.3,16,0.3,0.1,0.7,1.7,14,0.03,0.04,0.03,0,0.44,1.2,0.16,2.6,0,1.05,0,0
10546,"Cereal products, pulses and potatoes/Corn",GROCERY,113,4.2,13,4.8,0.9,0.3,1.1,440,94,75,26,84,0.5,0.5,,4.5,40,0.04,0.05,0.04,1.07,1.07,25.7,0.26,0,0.1,0.11,12,2.7
13882,Fruit/Fresh fruit,PRODUCE,81,1.4,14.3,1.2,2.3,13.3,0,2,230,9.5,12,27,0.2,0.2,0.5,1.5,1,0.06,0.02,0.03,0,0.24,8.8,0.31,10.8,0,0.08,0,0.1
12982,Savoury snacks/Chips/Crisps,GROCERY,538,4.9,49.3,34.8,3.8,2.5,1.2,500,880,14,40,92,0.9,0.6,0.7,8,1,0.39,0.05,1.06,0,1.23,60.5,0.86,32.5,0,2.89,0,3.5
424,Savoury snacks/Other savoury snacks,GROCERY,367,12,62.9,4.2,15,1.2,0,4,300,10,110,300,2.7,1.7,,0,5,0.2,0.2,0.2,0,2,23,0.4,0,0,11,0,0.6
1668,Prepared dishes/Other savoury dishes,GROCERY,226,22.9,5.5,12.4,0.3,0.1,0.9,350,200,100,21,220,1.9,2.7,,15,58,0.34,0.22,0.21,1.12,2.51,20,1.01,0,0.8,1.03,153,3.2
1102,Meat and offal/Pork,MEAT_FISH,160,21.4,0,8.3,0,0,0.2,64,330,6,21,180,1,2.7,13,1.1,3,0.83,0.2,0.49,0.77,4.63,3.4,0.81,0,0.3,0.31,63,2.9
594,Fats and oils/Fats,DAIRY,900,0,0,100,0,0,0,1,1,0,0,0,0,0.1,0,9.7,9,0,0,0,0,0,0,0,0,2.5,1.6,85,38.4
1671,Prepared dishes/Other savoury dishes,GROCERY,112,12.1,3.1,5.5,0.6,1.3,0.8,320,240,9.7,13,110,0.5,1.5,,1,62,0.25,0.18,0.16,0.32,2.31,8.2,0.44,0.9,0.2,0.47,36,1.4
1085,Sausages and cold meats/Raw sausage products,MEAT_FISH,236,16.2,0.5,18.8,0,0.5,1.9,760,260,10,18,160,1,2.1,8.3,,3,0.48,0.12,0.21,0.4,4.7,2.5,0.7,2.2,0,0,67,7.4
1086,Sausages and cold meats/Boiled sausage products,MEAT_FISH,268,16.2,0.5,22.4,0,0.5,2.3,930,260,10,17,190,1,2.3,8.4,,0,0.29,0.13,0.16,0.8,4,,0.6,34.6,0,0,61,9
14089,Sausages and cold meats/Raw sausage products,MEAT_FISH,283,19.8,0.6,22.3,0,0.6,2.1,860,280,13,22,190,1.3,2.6,10,,4,0.45,0.14,0.2,0.45,4.99,2.7,0.74,2.2,0,0,83,8.7
13283,Meat and offal/Pork,MEAT_FISH,240,31.3,0,12.8,0,0,0.1,56,320,6.8,27,260,0.6,2.2,26,1.7,3,0.65,0.21,0.65,0.86,5.76,2.6,0.97,0,0.5,0.35,86,4.8
8,Meat and offal/Pork,MEAT_FISH,179,21.4,0,10.4,0,0,0.1,43,350,4.9,21,200,0.4,1.4,17,1.1,3,0.84,0.16,0.7,0.7,4.99,2,0.79,0,0.4,0.27,56,3.9
13285,Meat and offal/Pork,MEAT_FISH,176,29.8,0,6.4,0,0,0.2,60,300,5.7,25,240,1,3.5,15,1.4,3,0.44,0.16,0.6,0.82,4.74,2.5,0.92,0,0.5,0.34,97,1.9
40,Meat and offal/Pork,MEAT_FISH,134,21.3,0,5.4,0,0,0.1,48,340,4.3,20,190,0.7,2.4,10,1,3,0.6,0.13,0.68,0.7,4.3,2,0.78,0,0.4,0.27,66,1.6
1077,Meat and offal/Pork,MEAT_FISH,202,29.6,0,9.3,0,0,0.2,75,240,8.5,26,150,1.5,6.7,19,1.3,3,0.53,0.34,0.4,0.97,4,2.9,0.55,0,0,0.46,92,1.9
676,Meat and offal/Pork,MEAT_FISH,181,24.6,0,9.2,0,0,0.2,68,260,8.1,23,140,1.3,5.3,15,1,3,0.7,0.31,0.5,0.9,4.05,2.7,0.54,0,0,0.43,73,1.9
1079,Meat and offal/Pork,MEAT_FISH,221,32.5,0,10.2,0,0,0.2,83,260,9.3,28,170,1.6,7.4,21,1.4,3,0.58,0.37,0.44,1.06,4.39,3.2,0.6,0,0,0.51,101,2.1
43,Meat and offal/Pork,MEAT_FISH,127,20.6,0,4.9,0,0,0.1,45,350,3.7,19,190,0.7,2.5,11,1.1,3,0.84,0.16,0.54,0.7,6.39,2,0.89,0,0.4,0.27,65,1.7
13269,Meat and offal/Pork,MEAT_FISH,153,29.3,0,4,0,0,0.4,150,350,10,30,270,1.7,2.8,15,1.4,3,0.69,0.31,0.38,0.78,4.48,4.7,1,0,0.8,0.12,90,1.6
677,Meat and offal/Pork,MEAT_FISH,121,22.2,0,3.6,0,0,0.3,130,420,8,25,230,1.2,2,11,1,3,1,0.26,0.45,0.7,4.3,4,0.9,0,0.7,0.1,65,1.4
692,Sausages and cold meats/Cooked sausage products,MEAT_FISH,106,18.6,0.4,3.3,0,0.4,2.2,870,460,15,21,300,0.8,2.5,10,3.6,4,0.51,0.18,0.34,0,4.9,2,1,63.8,0,0.22,42,1.3
13289,Meat and offal/Pork,MEAT_FISH,239,36.6,0.9,9.9,0,0,0.1,57,250,2.6,25,170,1.7,2.4,22,1.5,3,0.61,0.26,0.34,1.85,3.79,3.2,0.53,0,0,0.59,108,3.5
678,Meat and offal/Pork,MEAT_FISH,173,25.6,0.7,7.6,0,0,0.2,74,300,2,25,170,1.1,2,14,1,3,0.89,0.23,0.49,2,4.93,3,0.69,0,0,0.45,70,2.7
689,Meat and offal/Pork,MEAT_FISH,131,20.7,0.9,4.9,0,0,0.2,77,360,7.6,23,410,18,6.5,56,14,11501,0.31,3.2,0.59,39,16,136,6.8,23,0,0.6,354,1.7
701,Sausages and cold meats/Cooked sausage products,MEAT_FISH,156,21.7,0.5,7.5,0,0,6.2,2470,240,32,54,98,1.5,1.1,,3.2,5,0.66,0.16,0.47,1,2.2,2,0.38,0,0,0.2,51,3.3
42,Meat and offal/Pork,MEAT_FISH,138,22.9,0,5.1,0,0,0.1,38,370,3.7,21,200,0.4,1.3,13,1.2,3,0.9,0.1,0.59,0.7,4.3,2,0.89,0,0.4,0.27,56,2
7,Meat and offal/Pork,MEAT_FISH,159,20.5,0,8.5,0,0,0.1,46,330,4.2,19,180,1.1,2.7,12,1,3,0.84,0.16,0.39,0.8,4.93,4,0.7,0,0.4,0.27,63,3.1
9,Meat and offal/Pork,MEAT_FISH,135,20.9,0,5.7,0,0,0.1,46,340,4.7,19,190,0.8,2.5,11,0.8,3,0.7,0.31,0.39,0.7,4.93,2,0.78,0,0.4,0.52,63,2.1
13270,Meat and offal/Pork,MEAT_FISH,162,33,0,3.3,0,0,0.2,94,270,12,27,220,2.6,4,18,1.5,3,0.62,0.25,0.36,1.23,4.96,11.8,0.84,0,0,0.75,97,0.9
679,Meat and offal/Pork,MEAT_FISH,115,22.6,0,2.7,0,0,0.2,72,290,9,21,170,1.7,2.6,11,1,3,0.8,0.19,0.39,1,4.3,9,0.68,0,0,0.57,63,0.7
39,Meat and offal/Pork,MEAT_FISH,239,17.9,0,18.6,0,0,0.1,54,310,6,19,170,0.7,2.2,15,1.1,3,0.7,0.31,0.51,0.7,5,2,0.89,0,0.4,0.27,59,7.2
13284,Meat and offal/Pork,MEAT_FISH,255,26.4,0,16.6,0,0,0.1,59,290,5,23,220,1.3,4.1,24,1.7,3,0.66,0.13,0.39,0.82,4.47,2.5,1.05,0,0.5,0.34,88,6.4
41,Meat and offal/Pork,MEAT_FISH,203,18.9,0,14.1,0,0,0.1,47,330,3.8,18,180,0.9,2.8,16,1.1,3,0.9,0.1,0.44,0.7,4.05,2,0.89,0,0.4,0.27,60,5.5
1511,Prepared dishes/Muesli and pudding,GROCERY,150,6.3,16.1,6.3,1.9,5.7,0.2,88,260,150,35,190,0.6,1,1.7,12,55,0.07,0.26,0.04,0.18,0.23,6.3,0.44,0.9,0.1,0.3,19,3.2
1512,Prepared dishes/Muesli and pudding,GROCERY,136,6.4,16.1,4.7,1.9,5.7,0.2,87,260,160,35,190,0.6,1,1.8,12,40,0.07,0.22,0.04,0.17,0.23,6.3,0.45,0.4,0.1,0.24,14,2.2
516,Alcoholic beverages/Wine,GROCERY,148,0.2,11.7,0,0,11.7,0,8.7,73,6.8,8.7,12,0.4,0.3,,9.7,0,0,0.01,0.01,0.1,0.05,1,0.03,0,0,0,0,0
12983,Savoury snacks/Chips/Crisps,GROCERY,468,5.9,59.2,22.1,4.5,3,1.2,490,1060,17,48,110,1.1,0.8,0.8,9.6,1,0.46,0.06,1.27,0,1.48,72.8,1.04,39,0,2.61,0,2.5
860,"Cereal products, pulses and potatoes/Potatoes and other starchy tubers",PRODUCE,365,11.3,65.5,5.3,4.7,10.3,3.1,1260,1230,230,71,380,2,1.2,,6,46,0.13,0.41,0.69,0.29,4.51,26.4,1.22,17.7,0.2,0.31,13,3.1
14197,"Cereal products, pulses and potatoes/Potatoes and other starchy tubers",PRODUCE,177,5,33.6,2.1,2,1.1,1,400,180,5.1,19,39,0.7,0.5,5,60,2,0.08,0,0.12,0.15,1.6,27.1,0.24,,0,0.92,129,0.3
1516,Prepared dishes/Salads,GROCERY,78,1.8,12.3,2.1,1.7,0.8,0.6,260,280,11,20,45,0.2,0.2,,5.2,3,0.07,0.05,0.1,0.02,0.87,11.3,0.28,12.5,0,1.08,2,0.3
1517,Prepared dishes/Salads,GROCERY,95,1.7,12.7,3.8,1.7,0.6,0.6,250,290,5,19,42,0.2,0.2,,3.9,0,0.07,0.04,0.1,0,0.91,10.8,0.27,12.8,0,1.14,0,0.3
497,"Cereal products, pulses and potatoes/Flour and starch",GROCERY,336,0.6,83.1,0.1,0.1,0,0,8,15,35,6,7,1.8,0.2,,1,0,0.01,0.01,0.01,0,0.14,0,0.01,0,0,0,0,0
14259,"Cereal products, pulses and potatoes/Potatoes and other starchy tubers",PRODUCE,66,1.8,13.6,0.1,1.8,1.1,0,3,380,11,18,44,0.6,0.2,0,0,0,0.13,0.01,0.13,0,0.7,21,0.51,7,0,0.11,0,0
813,"Cereal products, pulses and potatoes/Potatoes and other starchy tubers",PRODUCE,76,2,15.6,0.1,2.1,0.7,0,1,400,5.1,23,51,0.3,0.2,0.3,4,1,0.08,0.05,0.14,0,1.2,21.4,0.38,19.4,0,0.06,0,0
1057,"Cereal products, pulses and potatoes/Potatoes and other starchy tubers",PRODUCE,75,2,15.6,0.1,2.1,0.7,0,0.9,350,5,22,50,0.2,0.2,0.2,3.9,0,0.07,0.05,0.12,0,1.1,13.1,0.33,15.8,0,0.06,0,0
14258,"Cereal products, pulses and potatoes/Potatoes and other starchy tubers",PRODUCE,100,2.5,20.7,0.2,2.6,1.4,0,2,600,11,27,45,0.6,0.4,0,1,0,0.2,0.02,0.11,0,0.9,18,0.46,6,0,0.05,0,0.1
1599,"Prepared dishes/Cakes, pies and gratins",GROCERY,127,2.5,11.2,7.8,1.3,2.4,0.4,160,310,53,18,71,0.2,0.3,1,6.5,86,0.05,0.11,0.09,0.07,0.7,10.7,0.33,10.3,0.1,0.22,23,4.6
1600,"Prepared dishes/Cakes, pies and gratins",GROCERY,78,2.3,10.5,2.6,1.4,0.5,0.4,160,270,40,18,58,0.2,0.3,0.5,4.9,22,0.09,0.05,0.09,0.05,0.78,11.6,0.25,11.3,0.1,0.08,7,1.5
1100,Meat and offal/Poultry,MEAT_FISH,134,21.6,0.1,5.3,0,0,0.1,59,310,7.5,25,200,0.5,0.9,15,5.1,10,0.12,0.15,0.56,0.46,7.06,9.6,0.86,0.4,0.9,0.42,65,1.6
1109,Meat and offal/Poultry,MEAT_FISH,161,20,0,9,0,0,0.1,56,290,7.2,22,180,0.5,0.8,17,9.3,18,0.11,0.15,0.61,0.52,4.43,9.3,0.88,0.8,1,0.44,76,2.7
1108,Meat and offal/Poultry,MEAT_FISH,114,22.9,0.1,2.5,0,0,0.2,62,330,7.7,27,210,0.5,1,13,2,5,0.13,0.16,0.52,0.42,9.03,9.8,0.85,0,0.8,0.42,58,0.7
14296,Savoury snacks/Salt sticks and pretzels,GROCERY,388,11.5,73.7,4.3,4.2,2.4,4,1610,160,28,31,120,1,0.8,,2,0,0.09,0,0.08,0,2.75,44,0.23,1.2,0,2.35,0,0.4
558,Milk and dairy products/Cheese products,DAIRY,155,19.4,0,8.6,0,0,3,1200,150,600,45,1200,0.9,4,,35,47,0.03,0.32,0.07,1.62,0.2,3,0.74,0,0.2,0.2,26,5.2
560,Milk and dairy products/Cheese products,DAIRY,150,16.4,0,9.3,0,0,3,1200,200,600,30,1100,0.9,4,,35,47,0.03,0.38,0.07,2,0.2,3,1,0,0.2,0.27,28,5.6
559,Milk and dairy products/Cheese products,DAIRY,316,22.8,0,25,0,0,3,1200,150,600,45,800,0.9,4,,35,248,0.03,0.23,0.07,1.17,0.2,3,0.42,0,0.7,0.54,75,15
561,Milk and dairy products/Cheese products,DAIRY,247,14.1,0,21.2,0,0,3,1200,150,500,30,700,0.9,4,,35,248,0.03,0.38,0.07,2,0.2,3,1,0,0.5,0.67,64,12.7
563,Milk and dairy products/Cheese products,DAIRY,327,14.3,0,30,0,0,3,1200,100,550,45,750,0.9,4,,35,333,0.04,0.37,0.07,2,0.2,3,1,0,0.9,0.65,90,18
565,Milk and dairy products/Cheese products,DAIRY,316,12.9,0,29.4,0,0,2.8,1100,150,400,30,600,0.9,4,,35,313,0.04,0.37,0.07,2,0.15,3,1,0,0.6,0.89,88,17.6
1531,"Sweets/Cakes and tarts;Prepared dishes/Cakes, pies and gratins",GROCERY,155,3.2,18.4,7.2,2.1,8.4,0.2,99,230,26,12,54,0.6,0.3,2.1,3.3,17,0.05,0.05,0.05,0.08,0.35,5.4,0.28,2.6,0.2,1.12,20,3.2
1529,"Sweets/Cakes and tarts;Prepared dishes/Cakes, pies and gratins",GROCERY,153,2.9,17.6,7.4,2.1,8.4,0.3,120,220,25,9.5,45,0.5,0.2,2.1,3.3,17,0.05,0.05,0.04,0.08,0.35,5.5,0.27,2.6,0.2,1.16,20,3.3
479,Fruit/Fresh fruit,PRODUCE,43,0.6,8.8,0.1,2.3,8.8,0,2,240,13,8,23,0.4,0.1,0.6,0.1,13,0.03,0.02,0.03,0,0.41,3,0.14,3.4,0,0.61,0,0
1056,Fruit/Cooked fruit (incl. cans),PRODUCE,43,0.7,8.7,0.1,2.3,8.7,0,1.5,180,15,7.9,23,0.4,0.1,0.7,0.1,12,0.02,0.02,0.03,0,0.4,1.9,0.13,1.7,0,0.75,0,0
475,Fruit/Dried fruit,PRODUCE,227,1.6,55.4,0.4,5.1,38.1,0,3,610,50,30,66,0.4,0.3,0,0.8,1,0.03,0.03,0.25,0,0.43,1,0.38,0,0,1.05,0,0.2
874,Sweets/Cookies/Biscuits,GROCERY,438,4.7,53.8,22.4,1.2,27.4,0.8,310,75,10,14,52,0.6,0.5,1,0.6,198,0.06,0.02,0.06,0,0.12,3,0.14,0,0.4,0.67,59,13.2
806,Sweets/Creams and puddings,GROCERY,125,3.4,23,2.1,0.1,20.1,0.2,70,150,94,9,77,0,0.3,,6.2,38,0.03,0.2,0.03,0.3,0.1,8,0,0,0.1,0.16,12,1.4
810,Sweets/Creams and puddings,GROCERY,121,3,21,2.6,1,12.1,0.3,130,180,90,14,80,0.5,0.4,,3.2,24,0.14,0.16,0.02,0.08,0.3,3,0.2,2,0,0.11,3,0.5
809,Sweets/Creams and puddings,GROCERY,102,2.8,18,2.1,0.1,10.4,0.3,140,120,96,10,40,0.1,0.3,,5.9,30,0.1,0.14,0.02,0.09,0.3,0,0.3,0,0,0.13,7,0.3
13445,"Cereal products, pulses and potatoes/Dough",BAKERY,385,5.7,35.1,24.3,1.6,0.1,1,400,83,4.6,7.4,31,0.3,0.3,1.1,0.5,0,0.08,0.01,0.02,0,0.16,5,0.16,0,0,2.42,0,10.9
928,Savoury snacks/Puff pastry snacks,GROCERY,490,7.1,40.4,32.9,1.8,0.3,2.6,1040,120,14,21,79,0.9,0.7,1.4,1.5,153,0.09,0.03,0.09,0.01,0.22,4.8,0.22,0,0.9,3.05,45,15
904,"Cereal products, pulses and potatoes/Dough",BAKERY,364,5.2,29.4,24.7,1.3,0.3,0.8,340,82,11,15,57,0.6,0.5,1.1,0.7,243,0.09,0.02,0.07,0,0.13,6.7,0.2,0,0.4,0.74,65,14.6
905,"Cereal products, pulses and potatoes/Dough",BAKERY,349,5.2,29.3,23.2,1.3,0.2,0.9,360,88,9.6,15,58,0.7,0.5,1,1.1,4,0.09,0.02,0.07,0.01,0.2,7.3,0.23,0,1,3.7,0,7.1
14141,"Bread, flakes and breakfast cereals/Muesli mixes and breakfast cereals",GROCERY,380,8.9,76.6,2.8,6.5,20.7,0.5,210,520,26,82,190,5.2,1.7,2.6,2,0,0,0.02,0.06,0,2.8,20.9,0.19,0,0,0.75,0,1
14137,"Bread, flakes and breakfast cereals/Muesli mixes and breakfast cereals",GROCERY,385,6.3,86,1.5,1.3,6.6,1.2,460,180,7.6,33,170,0.7,1,2.6,0,0,0.03,0.03,0.06,0,4.32,13.1,0.49,0,0,0.17,0,0.5
14139,"Bread, flakes and breakfast cereals/Muesli mixes and breakfast cereals",GROCERY,377,8.4,78.2,2.2,5.5,30.5,0,19,290,23,72,230,2.4,2.1,3.9,0,0,0,0.02,0.06,0,2.8,20.9,0.19,0,0,0.75,0,0.4
1662,Prepared dishes/Other savoury dishes,GROCERY,140,5.5,9.4,8.5,2.2,3.7,0.2,97,360,100,13,100,0.6,0.6,4.9,9.3,221,0.06,0.12,0.09,0.33,0.41,17.4,0.73,8.8,0.5,,69,2.3
13404,Fats and oils/Oils,GROCERY,900,0,0,100,0,0,0,0,0,0,0,0,0,0,0,0,389,0,0,0,0,0,0,0,0,0,9.1,0,16.4
276,"Nuts, seeds and oleaginous fruit",GROCERY,615,35.6,4.7,49.1,6,1.4,0,5.3,900,63,520,1090,8.2,5,11,2.7,1,0.29,0.16,0.1,0,2.74,129,0.39,1.9,0,1.97,0,8.7
480,Vegetables/Fresh vegetables,PRODUCE,28,1.1,4.6,0.1,2.2,3.9,0,0.9,400,41,8.4,27,0.2,0.1,0.2,0.2,340,0.05,0.07,0.09,0,0.5,20.2,0.48,14.9,0,,0,0
1020,Vegetables/Cooked vegetables (incl. cans),PRODUCE,29,1.1,4.7,0.1,2.2,4,0,0.8,370,43,8.2,28,0.2,0.1,0.2,0.2,333,0.05,0.06,0.08,0,0.43,13.2,0.44,12.2,0,,0,0
1541,"Prepared dishes/Cakes, pies and gratins",GROCERY,307,9.1,14.5,23.6,0.6,1.6,1.2,490,160,49,15,120,0.7,1,8.1,11,185,0.16,0.14,0.09,0.39,0.78,9.3,0.64,3.7,0.9,0.76,127,12.3
1542,"Prepared dishes/Cakes, pies and gratins",GROCERY,304,8.5,11.5,24.8,0.5,1.6,1.2,490,160,49,13,120,0.7,0.9,8,11,196,0.15,0.14,0.08,0.39,0.77,8.9,0.62,3.7,0.9,0.77,130,13
1055,Fruit/Cooked fruit (incl. cans),PRODUCE,49,0.5,7.3,0.6,5.9,7.3,0,1.5,140,12,8.2,20,0.7,0.3,1,1.3,2,0.02,0.03,0.04,0,0.2,5,0.08,6.5,0,0.5,0,0
476,Fruit/Fresh fruit,PRODUCE,47,0.4,7.3,0.5,5.9,7.3,0,2,180,10,8.2,20,0.6,0.2,0.8,1,2,0.03,0.03,0.04,0,0.2,8,0.08,13,0,0.4,0,0
13396,"Cereal products, pulses and potatoes/Other cereal products",GROCERY,117,4.4,19.1,2,2.7,1,0,1,220,19,63,140,1.2,1,0.4,0.6,0,0.09,0.1,0.09,0,0.27,35,0.26,0.1,0,0.78,0,0.1
13394,"Cereal products, pulses and potatoes/Other cereal products",GROCERY,362,13.3,58.2,6.6,8.3,3.1,0,1.2,800,41,180,420,3.6,2.9,1.1,1.6,1,0.4,0.37,0.38,0,0.91,135.3,0.88,0.5,0,2.25,0,0.5
532,Milk and dairy products/Hard cheese,DAIRY,355,25.9,0,27.9,0,0,1.8,730,70,670,27,490,0.1,3.9,7.7,11,264,0.01,0.29,0.06,1.55,0.2,49,0.25,0,0.3,0.68,84,16.7
458,Vegetables/Fresh vegetables,PRODUCE,19,1.4,1.6,0.1,3,1.6,0,7.5,350,31,10,41,0.4,0.2,0.1,0,67,0.06,0.05,0.05,0,0.3,14.1,0.19,7.7,0,0.57,0,0
361,Vegetables/Fresh vegetables,PRODUCE,24,1,3.9,0.1,1.5,2.9,0,9.3,270,34,6.9,22,0.2,0.2,0.1,1.1,3,0.03,0.04,0.07,0,0.4,30.1,0.11,15.1,0,0,0,0
456,Vegetables/Fresh vegetables,PRODUCE,14,0.9,1.5,0.1,1.4,1.1,0.1,28,300,32,9.5,18,0.3,0.1,0.1,1,1,0.02,0.04,0.05,0,0.25,45.3,0.08,16.3,0,0.01,0,0
477,Fruit/Dried fruit,PRODUCE,321,3,73.2,0.9,4.2,70.3,0.1,21,780,80,41,110,2.3,0.2,7.3,2,0,0.11,0.03,0.08,0,0.61,4,0.12,0.2,0,0.12,0,0.3
600,Fats and oils/Oils,GROCERY,900,0,0,100,0,0,0,0,0,0,0,0,0,0,0,0,2,0,0,0,0,0,0,0,0,0,30.08,0,6.9
1069,Fats and oils/Oils,GROCERY,900,0,0,100,0,0,0,0,0,0,0,0,0,0,0,0,0,0,0,0,0,0,0,0,0,0,27.45,0,7
917,Sweets/Other sweet pastries,GROCERY,499,5.8,60.3,25.6,1.9,30.9,0.1,34,110,14,16,60,1,0.6,1.6,1,214,0.07,0.04,0.07,0.01,0.35,3.6,0.17,1,0.4,0.63,67,15.1
390,Fruit/Fresh fruit,PRODUCE,44,1.2,5.8,0.8,4.3,5.4,0,0,170,16,20,29,0.4,0.2,0.2,3,2,0.02,0.04,0.05,0,0.43,25.5,0.41,20.7,0,0.94,0,0.1
1665,Vegetables/Cooked vegetables (incl. cans),PRODUCE,47,1.4,4.4,2.2,2.2,3.9,0.5,190,290,21,16,37,0.5,0.2,1.4,1.1,28,0.04,0.05,0.15,0,0.73,24.4,0.19,42.3,0,1,0,0.3
1117,Sausages and cold meats/Raw sausage products,MEAT_FISH,240,31,0.4,12.7,0,0.4,4.6,1840,500,9.5,25,260,2.3,4.3,12,0,2,0.45,0.28,0.43,0.69,7.53,4.2,1.18,5.3,0.6,0.08,73,4.9
1114,Sausages and cold meats/Raw sausage products,MEAT_FISH,443,22.2,0.2,39.2,0,0.2,3.7,1480,340,7.1,19,180,1.5,3,12,0.8,4,0.47,0.19,0.28,2.09,6.01,2.4,0.71,25.9,1,0.27,79,15.1
1115,Sausages and cold meats/Raw sausage products,MEAT_FISH,312,17.6,0.7,26.5,0.2,0.7,2.2,890,250,11,19,140,0.9,1.8,8.9,1.3,3,0.52,0.15,0.28,1.16,4.31,5.8,0.65,38.2,0,0.29,63,9.9
533,Milk and dairy products/Soft cheese,DAIRY,307,19.9,0,25.2,0,0,2,800,84,390,20,320,0.1,2.2,,0,231,0.01,0.36,0.19,1.5,0.1,25,0.3,0,0.2,0.75,76,15.1
364,Vegetables/Fresh vegetables,PRODUCE,29,1.1,4.3,0.2,2.6,3.9,0,5.8,280,34,11,28,0.4,0.2,0.5,2.9,1,0.08,0.04,0.17,0,0.12,23.2,0.37,52.7,0,0,0,0
1022,Vegetables/Cooked vegetables (incl. cans),PRODUCE,25,1,3.7,0.2,2.3,3.4,0,4.6,200,31,8.3,25,0.3,0.2,0.4,2.6,1,0.06,0.03,0.13,0,0.09,12.9,0.28,25.4,0,0.07,0,0
1592,"Sweets/Cakes and tarts;Prepared dishes/Cakes, pies and gratins",GROCERY,216,3.5,22.6,11.7,3.2,10.6,0.1,44,180,34,14,55,0.5,0.3,2,2.3,48,0.05,0.05,0.05,0.05,0.23,8.3,0.52,19.2,0.1,1.26,19,5.8
1595,"Sweets/Cakes and tarts;Prepared dishes/Cakes, pies and gratins",GROCERY,160,3.9,17.1,7.6,3.8,6.8,0.3,100,220,45,15,65,0.6,0.4,2.6,4,10,0.05,0.07,0.06,0.08,0.27,10.8,0.65,24.2,0.2,1.26,20,3.4
1593,"Sweets/Cakes and tarts;Prepared dishes/Cakes, pies and gratins",GROCERY,158,3.6,16.4,7.8,3.8,6.8,0.3,120,210,43,12,55,0.4,0.3,2.6,3.9,10,0.05,0.07,0.04,0.08,0.27,11,0.64,24.3,0.2,1.3,20,3.4
13477,Fruit/Cooked fruit (incl. cans),PRODUCE,84,0.7,18.8,0.2,2.2,18.8,0,2.6,210,110,12,16,0.3,0.2,0.4,2,7,0.01,0.03,0.04,0,0.2,5.2,0.06,9,0,0.27,0,0
1548,"Sweets/Cakes and tarts;Prepared dishes/Cakes, pies and gratins",GROCERY,136,3.3,13,7.3,2.3,3.1,0.2,99,220,110,16,51,0.5,0.4,2,4.9,15,0.04,0.06,0.06,0.08,0.22,7.5,0.22,6.8,0.2,0.9,20,3.3
1547,"Sweets/Cakes and tarts;Prepared dishes/Cakes, pies and gratins",GROCERY,133,3,12.3,7.5,2.2,3.1,0.3,120,220,110,13,41,0.4,0.3,2,4.9,15,0.04,0.06,0.04,0.08,0.22,7.7,0.22,6.8,0.2,0.94,20,3.3
362,Fruit/Fresh fruit,PRODUCE,22,0.8,1.5,0.2,2.5,1.5,0,3,240,130,14,19,0.3,0.2,0.5,2.3,9,0.02,0.03,0.05,0,0.23,8.5,0.07,12.1,0,0.31,0,0.1
13450,Plant based protein foods and alternaives to animal products/Plant based drinks,DAIRY,54,0.2,10.3,1.3,0.1,2.8,0,15,31,5,6.8,7.1,0,0.1,0.1,0,0,0.01,0,0,0,0.13,1.6,0.13,0,0,0.46,0,0.1
14133,Plant based protein foods and alternaives to animal products/Plant based drinks,DAIRY,54,0.2,10.3,1.3,0.1,2.8,0,15,31,110,6.8,7.1,0.1,0.1,0.1,2.1,0,0.01,0,0,0,0.13,1.6,0.13,0,0,0.46,0,0.1
1065,"Cereal products, pulses and potatoes/Rice",GROCERY,121,2.5,26.7,0.3,0.4,0.1,1.4,540,53,24,11,59,0.1,0.6,,1,0,0.07,0.01,0.03,0,1.62,3.5,0.26,0,0,0.02,0,0.1
419,"Cereal products, pulses and potatoes/Rice",GROCERY,356,7.5,78.6,1,1.3,0.4,0,0.9,160,58,32,170,0.4,1.7,,2.2,0,0.28,0.04,0.12,0,5.02,13,0.79,0,0,0.05,0,0.2
1066,"Cereal products, pulses and potatoes/Rice",GROCERY,117,2.5,25.8,0.3,0.3,0.1,1.3,530,28,6.6,8.8,39,0.1,0.4,4.3,0.9,0,0.02,0.01,0.02,0,0.6,5.1,0.14,0,0,0.02,0,0.1
427,"Cereal products, pulses and potatoes/Rice",GROCERY,352,7.4,78,0.9,1,0.2,0,0.5,85,5.8,24,120,0.2,1.1,13,1.9,0,0.09,0.04,0.08,0,1.92,19.3,0.43,0,0,0.05,0,0.2
1514,Prepared dishes/Muesli and pudding,GROCERY,145,5.2,19.3,5.1,0.2,5.6,0.2,85,200,150,17,130,0.1,0.6,3.6,12,55,0.03,0.26,0.04,0.18,0.45,6.1,0.44,0.9,0.1,0.17,19,3.1
1513,Prepared dishes/Muesli and pudding,GROCERY,124,5.3,19.4,2.8,0.2,5.7,0.2,87,210,150,18,130,0.1,0.6,3.7,13,28,0.04,0.23,0.05,0.23,0.44,8.2,0.42,0.9,0.1,0.11,10,1.6
428,"Cereal products, pulses and potatoes/Rice",GROCERY,350,7.4,71.4,2.8,5,0.6,0,4.1,220,11,120,160,1.1,1.6,,2.2,0,0.35,0.05,0.12,0,4.3,48,1.02,0,0,0.2,0,0.6
1067,"Cereal products, pulses and potatoes/Rice",GROCERY,133,2.8,27,1.1,1.9,0.2,1.5,610,83,8.6,45,62,0.4,0.6,,1.1,0,0.1,0.02,0.04,0,1.55,14.6,0.37,0,0,0.08,0,0.2
14255,"Cereal products, pulses and potatoes/Rice",GROCERY,144,4.2,23.2,3.7,0.5,0.5,0.7,280,45,84,11,85,0.1,0.6,4.5,2.8,20,0.03,0.04,0.04,0.11,0.56,7.2,0.17,0.4,0.1,0.31,6,1.6
10567,Prepared dishes/Other savoury dishes,GROCERY,125,3.9,20,3.1,0.8,1.4,0.6,230,110,84,12,83,0.2,0.5,3.9,3.1,27,0.03,0.03,0.05,0.1,0.65,10.2,0.17,6.6,0,0.4,4,1.3
1584,"Cereal products, pulses and potatoes/Rice",GROCERY,125,2.4,24.9,1.6,0.5,0.5,0.6,250,42,7.9,9.1,40,0.1,0.3,4.1,0.9,0,0.03,0.02,0.03,0,0.59,6.9,0.14,0.5,0,0.29,0,0.2
1189,Non-alcoholic beverages/Coffee,GROCERY,47,0.8,1.3,4.3,0.1,1.1,0.1,23,59,33,4.7,28,0,0.1,,3.2,41,0,0.04,0.01,0.14,0.12,0.8,0.12,0.3,0.1,0.1,14,2.6
1675,Prepared dishes/Other savoury dishes,GROCERY,126,7.4,16.1,3.3,1,3.2,0.8,320,180,24,22,93,0.5,0.5,,1.3,12,0.07,0.06,0.18,0.05,2.74,7.1,0.32,4.3,0.3,0.8,16,0.8
1677,Prepared dishes/Other savoury dishes,GROCERY,124,6.7,16.1,3.4,1,3.2,0.8,320,180,24,21,89,0.5,1.1,,1.5,12,0.06,0.08,0.11,0.24,2.14,6.5,0.43,4.3,0,0.78,17,0.8
468,Vegetables/Fresh vegetables,PRODUCE,22,3.6,0.1,0.4,1.7,0,0.1,29,350,190,28,44,1.4,0.4,2,5,183,0.1,0.14,0.13,0,0.5,92.5,0.29,55.5,0,0.43,0,0.1
28,Meat and offal/Game,MEAT_FISH,105,22,0,1.9,0,0,0.1,45,310,3.7,20,180,2.7,4.7,,0.8,0,0.26,0.6,0.39,6.3,6.4,6,0.69,0,0.3,0.76,65,0.5
29,Meat and offal/Game,MEAT_FISH,105,22.5,0,1.7,0,0,0.1,44,330,4.2,22,200,2.8,2.1,,0.8,0,0.26,0.6,0.71,6.3,6.4,6,0.69,0,0.3,0.76,75,0.6
13333,Sausages and cold meats/Cooked sausage products,MEAT_FISH,188,23.3,1.4,9.9,0,1.4,2.2,860,350,8,20,210,0.8,3.2,12,1.4,4,0.49,0.17,0.23,1.5,4.2,2.3,0.78,9.5,0,0.28,62,3.8
805,Fish/Fish products,MEAT_FISH,191,13.7,3,13.8,0,1.9,3,1180,44,30,6.4,52,0.9,0.6,46,32,13,0.03,0.17,0,6.6,2.5,1.8,0.1,0,12.4,1.6,60,2.5
718,Sausages and cold meats/Cooked sausage products,MEAT_FISH,181,20.3,1.2,10.6,0,1.2,2.9,1170,460,7.7,21,220,0.7,2.7,9.2,1.1,4,0.67,0.16,0.34,2,5.7,3,1,10.8,0,0.29,50,4.1
441,Vegetables/Fresh vegetables,PRODUCE,17,1.2,1.2,0.3,2.1,1.2,0,8,250,33,14,30,0.5,0.2,0.1,0.5,90,0.06,0.07,0.06,0,0.31,79.9,0.16,6.2,0,0.29,0,0
1161,Vegetables/Cooked vegetables (incl. cans),PRODUCE,38,0.8,6.5,0.3,2.6,5.1,0,18,130,29,5.9,27,0.1,0.2,0.3,1.6,399,0.03,0.02,0.06,0,0.28,30.2,0.21,4,0,0.26,0,0.1
1267,Vegetables/Fresh vegetables,PRODUCE,42,0.9,7.2,0.4,3,5.7,0.1,32,280,29,10,28,0.2,0.2,0.3,1.6,409,0.04,0.03,0.08,0,0.3,61,0.33,4.2,0,0.23,0,0.1
1162,Vegetables/Cooked vegetables (incl. cans),PRODUCE,42,0.9,7.3,0.4,2.8,5.7,0.1,28,260,31,8.8,30,0.2,0.2,0.3,1.8,421,0.03,0.03,0.08,0,0.34,38.3,0.31,6.4,0,0.27,0,0.1
1163,Vegetables/Cooked vegetables (incl. cans),PRODUCE,36,0.8,6.3,0.3,2.5,5,0.1,24,210,28,7.5,26,0.2,0.2,0.3,1.6,371,0.03,0.02,0.07,0,0.31,33.8,0.25,5.1,0,0.24,0,0.1
484,Milk and dairy products/Soft cheese,DAIRY,382,19.2,0,33.9,0,0,3.2,1290,120,660,32,390,0.1,1.8,7,51,212,0.04,0.85,0.08,0.58,0.73,29.1,0.68,0,0.6,0.12,75,24.9
14269,Vegetables/Herbs,PRODUCE,328,4.9,21.5,15.2,42.6,21.2,0.1,50,960,1280,220,70,29,3.2,4.6,,156,0.51,0.43,1.74,0,1,307,,61.2,,,0,7.4
462,Vegetables/Herbs,PRODUCE,62,0.8,7.7,2.5,2.9,7.6,0,8,160,210,36,12,4.8,0.5,,1,46,0.09,0.12,0.05,0,0.17,0,0,16.5,0,0.86,0,0.5
858,"Cereal products, pulses and potatoes/Potatoes and other starchy tubers",PRODUCE,108,1.9,14.9,4.1,2,0.7,0.9,360,330,4.9,21,47,0.2,0.2,0.2,3.9,0,0.07,0.05,0.12,0,1.05,12.4,0.31,15,0,1.16,0,0.3
930,"Bread, flakes and breakfast cereals/Crispbreads, rusks, crackers and wafers",BAKERY,421,11.6,74.6,7.8,2.9,14.2,1.3,500,210,39,33,140,1.4,1.1,2.3,1.8,0,0.16,0.11,0.15,0.04,0.5,21.4,0.42,0,0,3.32,0,1
929,"Bread, flakes and breakfast cereals/Crispbreads, rusks, crackers and wafers",BAKERY,412,17.5,61.2,9.1,7.8,13.8,1.9,760,390,99,98,320,3.6,2.7,4.4,4.3,28,0.29,0.27,0.32,0.12,0.72,32.4,0.85,0.1,0.1,0.89,9,4.1
1607,Prepared dishes/Salads,GROCERY,199,2.5,9.7,16.2,2.1,1.5,0.3,130,240,21,17,58,0.6,0.4,2.3,7.1,76,0.07,0.07,0.1,0.13,0.79,22.2,0.43,12.1,0.2,4.59,48,2.1
824,"Bread, flakes and breakfast cereals/Bread and bread products",BAKERY,218,7.6,38.8,1,11.6,0.7,1.4,570,250,20,53,220,2.1,2.2,2.3,3,0,0.19,0.09,0.21,0,1.28,32.7,0.56,0,0,0.55,0,0.1
846,"Bread, flakes and breakfast cereals/Bread and bread products",BAKERY,225,7.7,40,1.1,12.5,0.9,1.4,570,260,21,56,230,2.2,2.4,2.4,3.3,0,0.2,0.08,0.21,0,1.23,23.1,0.55,0,0,0.59,0,0.1
830,"Bread, flakes and breakfast cereals/Bread and bread products",BAKERY,210,6.5,39,0.9,10.2,2,1.3,530,230,20,45,180,1.8,1.9,1.8,2.7,0,0.16,0.07,0.17,0,0.98,18.3,0.43,0,0,0.49,0,0.1
749,"Cereal products, pulses and potatoes/Flour and starch",GROCERY,321,10.8,56.6,1.5,19,1.2,0,2,390,26,82,340,3.2,3.6,3.2,4.5,0,0.37,0.12,0.35,0,1.9,70,1.1,0,0,0.88,0,0.2
752,"Cereal products, pulses and potatoes/Flour and starch",GROCERY,340,9,67.8,1.2,11,6.2,0,1,300,28,50,200,2.1,2.1,2,2.9,1,0.25,0.1,0.2,0,1.15,37,0.57,0,0,0.6,0,0.2
748,"Cereal products, pulses and potatoes/Flour and starch",GROCERY,334,6.9,71,1,6.5,6.5,0,1,170,22,26,130,2.1,1.5,2,2.1,1,0.18,0.09,0.11,0,0.6,15,0.6,0,0,0.34,0,0.1
589,Fats and oils/Oils,GROCERY,900,0,0,100,0,0,0,0,1,0,0,0,0,0,0,0,0,0,0,0,0,0,0,0,0,0,54.49,0,10.2
461,Vegetables/Herbs,PRODUCE,59,1.7,6.9,2.1,2.9,6.8,0,2,170,270,69,15,4.5,0.8,,1,235,0.12,0.06,0.54,0,0.92,0,0,0,0,0.75,0,1.1
1201,Fats and oils/Salad dressings,GROCERY,377,0.9,1.3,40.8,0.4,0.6,1.3,510,37,15,11,25,0.3,0.2,,12,4,0.03,0.01,0.01,0.11,0.11,5.8,0.08,0.2,0.2,18.24,20,3.4
1200,Fats and oils/Salad dressings,GROCERY,421,0.3,1,46.1,0.2,0.2,0.7,270,39,4,5,12,0.2,0.1,0.1,2.7,3,0.01,0,0.05,0,0.03,1,0.01,0.7,0,13.26,0,5.5
14273,Fats and oils/Salad dressings,GROCERY,283,2.2,7.9,26.9,0,7.9,0.7,300,110,76,7.5,63,0.1,0.3,,9.2,20,0.01,0.1,0.05,0.16,0.07,5.8,0.2,6.4,0.1,10.91,6,3.4
13503,Fats and oils/Salad dressings,GROCERY,360,1.4,4.5,37.4,0.3,4.3,2,810,27,18,7.4,46,0.5,0.3,2.8,8.8,26,0.02,0.03,0.02,0.16,0.06,7.2,0.23,0.1,0.3,19,75,4.2
13502,Fats and oils/Salad dressings,GROCERY,309,0.1,4.9,32.1,0.1,4.1,2,800,26,6.3,3.3,5.8,0.2,0.1,2,3.4,1,0,0,0.17,0,0.01,1,0.01,0.1,0,13.57,0,3.2
783,Sausages and cold meats/Raw sausage products,MEAT_FISH,343,14.8,0.3,31.4,0,0.3,2.8,1120,250,3,16,130,0.9,1.7,,0.6,5,0.46,0.17,0.28,1.9,3.95,2.1,0.41,0,0,0.52,59,11.8
1091,Sausages and cold meats/Raw sausage products,MEAT_FISH,367,24.1,0,30.1,0,0,3.9,1560,390,0,18,200,1.3,3,13,0.9,4,0.75,0.23,0.31,1.04,7.68,3,1,18.6,1.7,0,84,11.3
1094,Sausages and cold meats/Raw sausage products,MEAT_FISH,422,22,0,37.1,0,0,3.8,1530,330,0,17,180,1.2,2.7,12,0.6,0,0.47,0.15,0.24,1.1,5.9,2.1,0.9,13.7,2.3,0,76,13.6
13354,Fish/Sea fish,MEAT_FISH,200,18.7,0,13.9,0,0,0.2,61,410,15,30,260,0.4,0.5,21,49,10,0.2,0.12,0.44,6.9,7.18,11.4,0.71,1,7.3,2.19,83,2
194,Fish/Sea fish,MEAT_FISH,223,19.9,0,15.9,0,0,0.1,57,440,12,28,250,0.4,0.4,19,44,11,0.21,0.14,0.5,6.9,8.2,13,0.81,1,8.3,2.5,66,2.3
193,Fish/Sea fish,MEAT_FISH,173,23.2,0,8.9,0,0,4.1,1660,410,10,27,310,0,0.4,17,56,7,0.25,0.16,0.64,4.3,8.7,3,0.71,0,6.3,2.24,50,1.1
210,Fish/Sea fish,MEAT_FISH,182,19.7,0,11.5,0,0,0.2,63,480,8,30,260,0.4,0.4,50,53,0,0.2,0.15,0.6,6.9,7,13,0.51,0,8.4,1.2,50,1.8
1089,Sausages and cold meats/Raw sausage products,MEAT_FISH,415,25.2,0,34.9,0,0,3.9,1540,400,16,15,150,2.2,4,12,0.6,0,0.42,0.15,0.34,1.7,6.9,2.1,0.9,7,1.1,0,80,13.6
14088,"Various/Salt, spices and flavours",GROCERY,0,0,0,0,0,0,95,38000,0,140,,0,24,0,,0,0,0,0,0,0,0,0,0,,0,0,0,0
14087,"Various/Salt, spices and flavours",GROCERY,0,0,0,0,0,0,95,37900,140,110,420,0,0,0,,3.8,0,0,0,0,0,0,0,0,,0,0,0,0
14086,"Various/Salt, spices and flavours",GROCERY,0,0,0,0,0,0,99,39700,17,30,37,0,0,0,0,1.8,0,0,0,0,0,0,0,0,,0,0,0,0
1687,Meat and offal/Veal,MEAT_FISH,216,28.8,0.1,11.2,0,0.1,1.7,670,340,9.1,30,250,3,3.1,11,0.2,5,0.21,0.3,0.3,0.85,8.2,12.4,1.19,1,0.1,0.61,85,1.8
10562,Prepared dishes/Asian dishes,GROCERY,382,6.4,30.6,25.3,3.1,1.3,0.8,330,200,20,25,72,0.9,0.6,1.3,2,8,0.13,0.06,0.12,0,0.88,20.1,0.41,11.9,0,2.29,0,7.9
1551,Prepared dishes/Sandwiches,GROCERY,154,5.3,17.3,6.8,1.5,1.8,0.8,340,160,14,13,61,0.5,0.5,,2.2,14,0.1,0.04,0.09,0.15,0.77,14.9,0.21,11.2,0.1,1.81,11,1.7
1553,Prepared dishes/Sandwiches,GROCERY,139,7.2,18.4,3.7,1.7,1.9,1.3,500,200,13,16,72,0.9,1,,2,14,0.07,0.05,0.11,0.17,1.36,15,0.25,7.1,0,1.9,11,0.5
1557,Prepared dishes/Sandwiches,GROCERY,129,6.3,17.4,3.5,1.6,1.8,1.2,470,200,14,15,87,0.6,0.6,,2.4,13,0.18,0.05,0.12,0.03,1.29,14.4,0.23,15.8,0,1.81,9,0.5
1505,Prepared dishes/Sandwiches,GROCERY,217,8,25.3,9,1.6,1.1,1.2,470,150,17,15,93,0.8,0.7,5.7,6.2,25,0.11,0.07,0.09,0.23,0.76,17.7,0.5,9.9,0.6,2.91,65,2
1561,Prepared dishes/Sandwiches,GROCERY,161,5.9,20.2,5.9,1.6,1.5,1,410,140,49,14,80,0.6,0.7,,2.5,37,0.07,0.06,0.07,0.17,0.42,14.6,0.15,7.3,0.1,2.21,8,1.7
1549,Prepared dishes/Sandwiches,GROCERY,162,8.8,18.8,5.4,1.5,1.3,1.4,550,230,13,17,89,0.9,0.8,3.4,2.2,15,0.22,0.07,0.15,0.08,2.19,12.9,0.41,8.3,0.1,2.04,16,1.1
1555,Prepared dishes/Sandwiches,GROCERY,156,5.8,18.4,6.2,1.7,1.8,1.2,500,180,13,14,59,0.7,0.6,,2.1,14,0.13,0.05,0.1,0.12,1.1,15.3,0.23,8.8,0.2,1.9,11,1.5
1559,Prepared dishes/Sandwiches,GROCERY,176,6.7,20.2,7.3,1.6,1.4,1.1,450,150,110,17,110,0.6,0.8,,3.7,50,0.06,0.06,0.08,0.18,0.4,14.3,0.17,7.3,0.1,2.22,13,2.6
1521,Prepared dishes/Sandwiches,GROCERY,181,6.3,21.5,7.3,1.7,1.2,1.3,530,140,65,16,79,0.7,0.6,,5,39,0.07,0.08,0.08,0.19,0.44,18.6,0.21,5.9,0.1,2.37,13,2.5
1552,Prepared dishes/Sandwiches,GROCERY,148,5.5,15.3,6.8,1.9,1.8,0.8,330,160,17,18,83,0.7,0.7,,2.4,14,0.13,0.05,0.08,0.15,0.97,18.4,0.24,11.2,0.1,1.78,11,1.7
1554,Prepared dishes/Sandwiches,GROCERY,132,7.4,16.2,3.8,2,1.9,1.2,490,210,16,21,94,1.1,1.2,,2.1,14,0.11,0.06,0.11,0.17,1.57,18.8,0.27,7.1,0,1.87,11,0.5
1558,Prepared dishes/Sandwiches,GROCERY,123,6.4,15.3,3.6,1.9,1.8,1.1,460,200,17,20,110,0.8,0.8,,2.5,13,0.21,0.07,0.12,0.03,1.49,17.9,0.25,15.8,0,1.78,9,0.5
1506,Prepared dishes/Sandwiches,GROCERY,207,8.2,22,9.1,2.2,1.1,1.2,460,160,21,23,130,1.1,1,6,6.4,25,0.17,0.09,0.08,0.23,1.07,23.3,0.54,9.9,0.6,2.86,65,2
1562,Prepared dishes/Sandwiches,GROCERY,153,6.1,17.7,6,2.1,1.5,1,400,150,52,20,110,0.8,0.9,,2.7,37,0.11,0.07,0.07,0.17,0.66,18.9,0.17,7.3,0.1,2.18,8,1.7
1550,Prepared dishes/Sandwiches,GROCERY,155,9,16.4,5.5,1.9,1.3,1.4,540,240,16,23,110,1.1,1,3.7,2.3,15,0.26,0.08,0.14,0.08,2.41,16.9,0.43,8.3,0.1,2.01,16,1.1
1556,Prepared dishes/Sandwiches,GROCERY,149,5.9,16.2,6.3,2,1.8,1.2,490,180,16,19,82,0.9,0.8,,2.2,14,0.17,0.06,0.09,0.11,1.3,19.1,0.25,8.8,0.2,1.87,11,1.5
1560,Prepared dishes/Sandwiches,GROCERY,169,6.9,17.6,7.4,2.1,1.4,1.1,440,150,120,23,130,0.9,1.1,,3.8,50,0.11,0.08,0.07,0.18,0.64,18.6,0.2,7.3,0.1,2.19,13,2.6
1520,Prepared dishes/Sandwiches,GROCERY,172,6.5,18.8,7.4,2.1,1.2,1.3,520,150,69,22,110,0.9,0.9,,5.2,39,0.11,0.1,0.07,0.19,0.7,23.2,0.24,5.9,0.1,2.34,13,2.5
13978,Fish/Sea fish,MEAT_FISH,177,18.5,0.9,10.8,1.1,0.9,0.8,320,370,460,38,420,2.7,2,39,26,33,0.03,0.22,0.25,8.9,5.5,4,0.63,0,3.3,2.3,71,2.9
780,Sausages and cold meats/Raw sausage products,MEAT_FISH,403,18.2,0.5,36.4,0,0.5,2.5,1000,330,3.8,21,160,0.9,1.7,,1.2,5,0.72,0.2,0.42,1.61,4.36,2.5,0.52,59.2,0,0.64,73,13.2
13341,Sausages and cold meats/Raw sausage products,MEAT_FISH,442,21.1,0.6,39.4,0,0.6,2.6,1020,330,3.9,26,190,1.1,2,,1.4,5,0.65,0.23,0.38,1.36,3.94,2,0.47,50,0,0.7,88,14.3
647,Vegetables/Cooked vegetables (incl. cans),PRODUCE,19,1.3,1.7,0.3,2.2,0,1.4,550,220,36,11,30,0.5,0.3,,3.1,1,0.03,0.05,0.17,0,0.2,12,0.2,17,0,0.1,0,0.1
1568,Prepared dishes/Salads,GROCERY,224,7.1,1.3,21.1,0.4,1.1,1.6,650,140,13,11,110,0.8,0.9,,0.9,7,0.17,0.07,0.06,0.29,1.63,5,0.21,21.6,0.4,2.97,26,5.4
1088,Sausages and cold meats/Raw sausage products,MEAT_FISH,358,16.5,0.2,32.3,0,0.2,2.1,830,260,14,17,170,0.7,1.8,9.4,,0,0.45,0.12,0.21,0.7,4.7,,0.9,19.5,0,0,71,12
1080,Sausages and cold meats/Boiled sausage products,MEAT_FISH,228,12.5,1.2,19.2,0,1.2,1.9,760,150,20,12,180,0.5,1.5,5.1,,18,0.16,0.11,0.13,0.65,2.54,,0.3,5.7,0.8,0,53,7.9
14183,Sausages and cold meats/Boiled sausage products,MEAT_FISH,232,13,1.3,19.4,0,1.3,1.8,730,140,21,12,180,0.5,1.6,5.4,,18,0.12,0.11,0.1,0.62,2.3,,0.27,4.9,0.8,0,56,8
14149,"Plant based protein foods and alternaives to animal products/Substitutes for meat, meat products, fish or egg",DAIRY,229,13.4,5.7,16.3,0,0.5,1.7,670,120,140,58,210,2,1.4,9.8,,8,0.04,0.03,0.03,0,0.18,17.3,0.19,0,0,2.3,0,2
14150,"Plant based protein foods and alternaives to animal products/Substitutes for meat, meat products, fish or egg",DAIRY,250,29.1,7.5,10.5,4.6,1.7,1.8,730,200,37,32,110,1.7,1.8,20,,11,0.11,0.16,0.08,0,0.49,40.6,0.46,0,0,,0,2.8
1543,"Prepared dishes/Cakes, pies and gratins",GROCERY,302,14.2,14.5,20.7,0.6,1.3,0.9,370,130,360,23,290,0.7,2,8.1,14,191,0.05,0.23,0.08,0.74,0.16,10.2,0.6,0.2,0.9,0.63,121,11.7
1544,"Prepared dishes/Cakes, pies and gratins",GROCERY,298,13.7,11.6,21.8,0.5,1.3,0.9,370,130,360,22,290,0.7,2,8,14,202,0.05,0.23,0.07,0.74,0.15,9.8,0.59,0.2,0.9,0.63,125,12.4
454,Vegetables/Fresh vegetables,PRODUCE,27,2,3,0.1,3.1,2.8,0,11,290,44,18,45,0.4,0.3,0.9,2.6,12,0.1,0.03,0.19,0,0.19,50.9,0.45,66.3,0,0.08,0,0
1030,Vegetables/Cooked vegetables (incl. cans),PRODUCE,26,1.9,2.9,0.1,2.9,2.7,0,9.5,250,43,17,44,0.4,0.3,0.9,2.5,11,0.08,0.03,0.17,0,0.15,30.8,0.39,36.9,0,0.08,0,0
552,Milk and dairy products/Hard cheese,DAIRY,411,28,0,33.2,0,0,1.8,710,96,1030,38,660,0.3,4.3,9,40,288,0.01,0.39,0.1,2.07,0.2,8,0.44,0,0.6,0.35,100,19.9
507,Milk and dairy products/Hard cheese,DAIRY,131,31.6,0,0.5,0,0,4.3,1740,140,860,34,560,0.2,3.9,,0,3,0.01,0.28,0.05,0,0,0,0,0,0,0,2,0.3
1685,Prepared dishes/Sandwiches,GROCERY,262,14.5,25.1,11.2,1.3,0.5,1.3,520,190,9.2,19,130,1.5,1.4,4.9,2,9,0.08,0.14,0.14,0.41,3.07,16.8,0.6,0.5,0.1,2.64,47,1.1
1686,Prepared dishes/Sandwiches,GROCERY,242,13.9,23.2,10.2,1.3,0.4,1.2,480,180,11,18,130,1.4,1.4,5.2,2.6,13,0.07,0.14,0.13,0.41,2.86,18.5,0.61,1.8,0.1,2.33,52,1
791,Sausages and cold meats/Boiled sausage products,MEAT_FISH,244,9.2,0.2,23,0,0.2,2.1,850,82,5.5,7.3,140,0.9,1.4,,0.6,4,0.1,0.1,0.06,0.8,1.78,1.4,0.19,52.2,0,0.31,46,8.5
1603,Prepared dishes/Other savoury dishes,GROCERY,140,10.6,1.9,10,0.4,1.7,0.8,310,220,82,15,180,1.9,1.1,18,33,133,0.08,0.26,0.08,0.99,0.18,48.7,1.61,16.2,2.1,1.25,278,3.5
1605,Prepared dishes/Other savoury dishes,GROCERY,156,11.7,1.3,11.5,0,1.3,0.9,340,160,100,13,200,1.5,1.2,19,35,114,0.07,0.26,0.07,1.1,0.07,39.6,1.68,0.2,2.2,1,295,4.3
1606,Prepared dishes/Other savoury dishes,GROCERY,143,12.8,1.3,9.6,0,1.3,1,420,200,62,14,210,1.4,1.3,18,31,93,0.16,0.25,0.1,0.94,0.91,35,1.57,9.1,1.9,0.9,267,3.4
1604,Prepared dishes/Other savoury dishes,GROCERY,127,9.8,1.5,9,0.4,1.3,0.7,270,200,59,12,170,1.4,1,17,32,89,0.08,0.26,0.08,0.89,0.6,36.5,1.7,0.6,2.2,0.84,250,3.1
1602,Prepared dishes/Other savoury dishes,GROCERY,147,11.1,1.4,10.8,0,1.3,0.8,330,160,69,12,190,1.5,1.1,19,35,108,0.08,0.26,0.07,1.08,0.07,40.4,1.71,0.2,2.2,1.02,302,3.7
13466,Vegetables/Dried vegetables,PRODUCE,255,31.5,10.5,1.6,36.3,0.5,5,1980,1730,320,490,520,37,4.5,51,5100,2083,0.58,1.91,0.53,,5.82,21.7,0.25,57.3,0.6,2.87,0,0.4
1170,"Nuts, seeds and oleaginous fruit",GROCERY,618,20.8,9.4,52.9,10.1,4.3,0,8.7,670,160,210,440,3.6,3.5,11,5,1,0.44,0.34,0.25,0,3.37,82.4,1.16,1,0,12.04,0,7.6
14118,Plant based protein foods and alternaives to animal products/Plant based protein foods,DAIRY,193,28,3,7.2,2.3,0.7,1.3,540,94,32,21,87,1.6,1.6,21,17,2,0.05,0.05,0.03,0,0.21,16.6,0.09,0,0,1.48,0,0.6
833,"Bread, flakes and breakfast cereals/Bread and bread products",BAKERY,240,9.4,46.4,1.1,3.7,0.4,1.7,680,150,16,38,130,1.8,1.3,2.7,1.1,0,0.15,0.07,0.19,0,0.79,21,0.38,0,0,0.29,0,0.1
14078,"Bread, flakes and breakfast cereals/Bread and bread products",BAKERY,240,9.4,46.4,1.1,3.7,0.4,1.7,670,150,16,38,130,1.8,1.3,2.7,44,0,0.15,0.07,0.19,0,0.79,21,0.38,0,0,0.29,0,0.1
1463,"Bread, flakes and breakfast cereals/Bread and bread products",BAKERY,245,9.2,48.5,0.9,3,0.4,1.6,650,150,10,22,91,1,0.8,2.5,0.9,0,0.14,0.09,0.11,0,0.83,37,0.34,0,0,0.35,0,0.2
14248,Sweets/Creams and puddings,GROCERY,118,4.4,18.2,2.9,0.6,12.1,0.2,67,170,120,15,110,0.3,0.5,1.8,10,32,0.03,0.17,0.03,0.14,0.15,6.2,0.33,0.3,0.1,0.11,11,1.6
1510,Prepared dishes/Muesli and pudding,GROCERY,94,4.8,11.5,3.1,0.6,4.9,0.2,72,180,130,16,110,0.3,0.6,1.9,11,34,0.03,0.18,0.03,0.15,0.17,6.7,0.35,0.4,0.1,0.12,12,1.8
1509,Prepared dishes/Muesli and pudding,GROCERY,88,4.7,11.6,2.4,0.6,5,0.2,74,190,130,17,110,0.3,0.6,1.9,11,24,0.03,0.19,0.04,0.19,0.15,8.4,0.33,0.8,0.1,0.12,8,1.4
1508,Prepared dishes/Other savoury dishes,GROCERY,154,6.3,14.8,7.5,1,4.1,0.3,100,180,110,19,130,0.7,0.7,4.8,13,66,0.04,0.21,0.04,0.28,0.18,12.5,0.53,0.6,0.4,0.34,63,4
1507,Prepared dishes/Other savoury dishes,GROCERY,139,6.3,14.7,5.8,1,4.2,0.3,100,190,110,19,130,0.7,0.8,4.8,14,48,0.04,0.19,0.04,0.31,0.17,13.7,0.51,0.6,0.4,0.3,56,3
14107,Fats and oils/Oils,GROCERY,900,0,0,100,0,0,0,0,0,0,0,0,0,0,0,0,0,0,0,0,0,0,0,0,0,0,1.4,0,14.9
280,"Nuts, seeds and oleaginous fruit",GROCERY,619,23.1,4,53.8,13.3,1.2,0,1,500,930,330,620,7.7,5.5,20,0,0,0.75,0.22,0.34,0,4.61,171,0.34,0,0,0.08,0,7.4
408,"Nuts, seeds and oleaginous fruit",GROCERY,660,26.8,4.6,57.4,8.8,1.6,0.1,26,470,37,350,640,5.8,5.8,56,0,4,0.83,0.12,0.35,0,4.6,115,0.35,0,0,0.08,0,8.6
14281,Vegetables/Fresh vegetables,PRODUCE,66,1.8,12.2,0,2.6,3.3,0,5,220,9.5,7.5,46,0.1,0.2,,,0,0.04,0,0.1,0,0.2,10.2,0.19,8,0,0,0,0
1099,"Fish/Seafood, crustaceans and shellfish",MEAT_FISH,84,18.1,0.4,1.1,0,0,0.8,330,160,37,50,180,1.2,2.8,43,130,0,0.08,0.02,0.14,1.48,3.11,14,0.85,1.5,0,1.76,121,0.2
515,Alcoholic beverages/Wine,GROCERY,118,0.1,3.6,0,0,3.6,0,6,89,9,8,7,0.5,0.3,,10,0,0,0.01,0.02,0.1,0.08,1,0.04,0,0,0,0,0
875,Sweets/Cookies/Biscuits,GROCERY,474,5.9,53.1,26.2,1.6,17.8,0.1,44,90,7.9,7.5,37,0.3,0.3,1.3,0.4,218,0.06,0.01,0.02,0,0.15,2.5,0.12,0,0.4,0.68,69,15.5
14044,"Cereal products, pulses and potatoes/Dough",BAKERY,530,9.8,57.3,28.6,2,13.2,0.9,350,140,20,24,120,1.3,1,5.3,7,252,0.11,0.07,0.11,0.21,0.2,10.4,0.52,0,0.9,1.1,126,16.3
14043,"Cereal products, pulses and potatoes/Dough",BAKERY,424,7.8,45.8,22.9,1.6,10.5,0.7,280,120,16,19,92,1,0.8,4.2,5.6,224,0.12,0.06,0.1,0.17,0.17,16.7,0.55,0,0.7,0.88,101,13.1
14045,"Cereal products, pulses and potatoes/Dough",BAKERY,494,8,58.4,24.9,1.9,17.8,0.3,130,120,12,21,86,1,0.7,3,3.5,7,0.1,0.04,0.09,0.1,0.18,7.2,0.34,0,0.2,2.44,26,11.2
909,"Cereal products, pulses and potatoes/Dough",BAKERY,395,6.4,46.7,19.9,1.5,14.2,0.3,100,93,9.3,17,69,0.8,0.6,2.4,2.8,7,0.1,0.03,0.08,0.08,0.15,11.4,0.37,0,0.2,1.95,21,9
1498,Prepared dishes/Salads,GROCERY,168,4.4,4,13.4,0.3,3.3,0.4,180,180,44,5.6,100,0.3,0.4,13,35,153,0.06,0.08,0.06,0.06,0.73,10,0.17,5.4,0.2,1.04,97,7.9
14293,"Fish/Seafood, crustaceans and shellfish",MEAT_FISH,86,19,0,1.1,0,0,1.4,570,140,63,36,160,0.3,1.1,32,24,0,0.01,0.04,0.5,1.9,0.53,13,0.16,0,0,2.73,156,0.2
766,"Fish/Seafood, crustaceans and shellfish",MEAT_FISH,74,16.6,0,0.8,0,0,0.8,310,110,46,32,170,0.5,1.1,30,17,0,0.03,0.04,0.08,2.07,0.55,11,0.19,0,0.1,2.01,147,0.2
578,Milk and dairy products/Milk,DAIRY,348,34.3,50.5,1,0,50.5,1.4,560,1580,1290,110,1020,0.8,4.1,12,36,7,0.34,2.2,0.28,2.2,1.1,21,3.5,2,0,0.01,3,0.6
954,"Sweets/Candies, fruits gums and chewing gum",GROCERY,448,2.1,71.1,17.2,0,71.1,0.8,320,210,95,25,64,1.5,0,,0,0,0,0,0,0,0,0,0,0,0,0,0,10.1
1197,Milk and dairy products/Soft cheese,DAIRY,327,19.4,0,27.7,0,0,2.1,840,99,450,21,310,0.1,2.1,,24,218,0.02,0.44,0.14,1.45,0.72,51.4,0.64,0,0.5,0.55,80,17.2
13391,Milk and dairy products/Soft cheese,DAIRY,296,20.6,0,23.7,0,0,1.8,730,81,360,19,280,0.1,2.2,,7.1,222,0.02,0.36,0.17,1.4,0.63,48.5,0.78,0,0.5,0.6,72,14.2
631,Milk and dairy products/Soft cheese,DAIRY,376,9.7,0,37.5,0,0,1.8,700,110,270,15,230,0.3,2.3,,20,387,0.04,0.38,0.11,1.5,1.2,55,0.29,0,0.7,1.05,105,25.1
13392,Milk and dairy products/Soft cheese,DAIRY,347,17.4,0,30.9,0,0,1.3,520,110,420,18,300,0.2,2,,11,228,0.02,0.64,0.14,1.47,1.1,68.2,0.51,0,0.6,0.69,93,18.5
485,Milk and dairy products/Fresh cheese and curds,DAIRY,435,4.5,4.1,44.5,0,4.1,0.2,86,53,68,0,97,0.2,0.4,,29,328,0.01,0.26,0.04,0.33,0.1,11,0.41,0,0.5,1,123,29.5
595,Non-alcoholic beverages/Soft drinks,GROCERY,37,0,9.1,0,0,9.1,0,2.9,7.7,4.8,11,1,0.1,0,,1.7,0,0,0.02,0,0,0.02,0,0,0,0,0,0,0
13924,Milk and dairy products/Soft cheese,DAIRY,283,18.4,0,23.3,0,0,1.6,630,170,110,13,180,0.2,0.6,10,30,160,0.02,0.47,0.16,2,1.05,76.4,0.52,0,0,0.29,96,16.2
10561,Prepared dishes/Asian dishes,GROCERY,353,6.8,32.5,21,3.3,1.4,0.9,350,210,21,26,76,0.9,0.7,1.4,2.2,9,0.14,0.06,0.12,0,0.93,21.4,0.44,12.7,0,2.11,0,8
892,Sweets/Water based ice cream,GROCERY,137,0.2,32.1,0,0.4,32.1,0,1,41,12,4,6,0.2,0.1,,2.6,1,0.02,0.01,0.01,0,0.07,5,0.05,10,0,0.05,0,0
574,Fats and oils/Cream,DAIRY,336,2.4,2.8,35,0,2.8,0.1,30,100,73,7,64,0.1,0.3,,9,201,0.02,0.17,0.03,0.19,0.2,23,0.26,0,0.4,0.7,105,21
575,Fats and oils/Cream,DAIRY,173,2.7,3.2,16.6,0,3.2,0.1,40,130,100,11,80,0.1,0.4,,11,198,0.04,0.2,0.04,0.23,0.1,11,0.29,0,0.3,0.45,50,10.8
14223,Plant based protein foods and alternaives to animal products/Plant based drinks,DAIRY,76,3.8,8.5,2.6,1.6,8.3,0.1,21,210,15,31,66,0.8,0.5,,1.3,0,0.04,0.02,0.04,0,0.24,17.1,0.14,0,0,0.21,0,0.7
13456,Various/Sauces,GROCERY,56,8.1,4.1,0.6,0.8,0.4,14,5490,440,33,74,170,1.5,0.9,0.5,1,0,0.03,0.17,0.15,0,2.2,14,0.3,0,0,0,0,0.1
72,Plant based protein foods and alternaives to animal products/Plant based drinks,DAIRY,40,3.6,1.5,2.1,0.6,1.4,0.1,23,160,12,20,50,0.5,0.3,1,1.3,0,0.04,0.01,0.04,0,0.17,17.7,0.12,0,0,0.21,0,0.3
14129,Plant based protein foods and alternaives to animal products/Plant based drinks,DAIRY,40,3.6,1.5,2.1,0.6,1.4,0.1,23,160,120,20,81,0.5,0.3,1,1.3,0,0.04,0.16,0.04,0.28,0.17,17.7,0.12,0,0.6,0.21,0,0.3
996,"Cereal products, pulses and potatoes/Flour and starch",GROCERY,296,51.5,7.5,1.2,24.5,7.4,0.1,20,2400,240,300,670,9.2,2.5,1.7,0.8,2,0.69,0.25,0.57,0,2.6,303,1.98,0,0,0.04,0,0.2
995,"Cereal products, pulses and potatoes/Flour and starch",GROCERY,470,40.8,17.3,22.4,18,6.1,0,1,1870,180,250,670,8.4,4.1,7,0.5,6,0.38,0.26,0.4,0,1.9,245,1.79,0,0,2.39,0,2.7
14147,Plant based protein foods and alternaives to animal products/Plant based protein foods,DAIRY,322,49.9,9,4.4,23.5,7.2,0,1.5,1980,350,270,580,12,4.5,8.8,0,0,0.15,0.04,0.29,0,2.02,119,1.79,0,0,0.61,0,0.6
603,Fats and oils/Oils,GROCERY,900,0,0,100,0,0,0,0,1,0,0,0,0,0,0,0,0,0,0,0,0,0,0,0,0,0,6.1,0,14.7
466,Vegetables/Sprouts and shoots,PRODUCE,55,5.5,4.7,1,2.4,4.6,0.1,30,240,32,19,75,0.9,1,,2,3,0.08,0.16,0.09,0,1.5,160,0.49,9.6,0,0.1,0,0.1
1061,"Cereal products, pulses and potatoes/Pulses",GROCERY,157,15,3.3,7.3,8.8,2.6,0,2,540,72,75,200,2.2,1.5,,2.5,13,0.27,0.14,0.28,0,0.7,50,0.37,8.2,0,0.23,0,1
442,"Cereal products, pulses and potatoes/Pulses",GROCERY,396,38.2,8.7,18.3,22,6.8,0,4.7,1800,200,220,550,6.6,4.2,19,6.3,32,1.03,0.46,1,0,2.7,250,1.7,34,0,0.64,0,2.4
551,Alcoholic beverages/Wine,GROCERY,71,0.2,1.5,0,0,1.5,0,4,48,10,6,7,0.8,0,,10,0,0,0,0.02,0,0.1,0,0.03,0,0,0,0,0
1399,"Cereal products, pulses and potatoes/Flour and starch",GROCERY,347,12.9,67.6,1.5,5.7,1.4,0,1.6,200,19,46,140,2.2,1.5,6.2,4.2,1,0.12,0.04,0.08,0,0.51,39.4,0.38,0,0,0.36,0,0.2
14180,"Cereal products, pulses and potatoes/Other cereal products",GROCERY,146,6.7,24.2,2.3,1.2,0.2,1,390,92,14,15,78,0.9,0.6,4.8,7.3,19,0.08,0.06,0.07,0.19,0.11,13.9,0.53,0,0.5,0.42,64,0.6
14198,"Cereal products, pulses and potatoes/Other cereal products",GROCERY,168,7.7,27.8,2.6,1.3,0.2,1.1,450,110,16,17,90,1,0.7,5.5,8.4,20,0.07,0.06,0.07,0.22,0.12,8,0.46,0,0.6,0.49,74,0.7
14184,"Cereal products, pulses and potatoes/Other cereal products",GROCERY,199,7.3,26.2,6.9,1.3,0.2,1.1,430,100,16,16,86,0.9,0.7,5.2,8.3,41,0.07,0.06,0.07,0.21,0.11,10.5,0.46,0,0.6,0.48,82,3.3
1043,"Cereal products, pulses and potatoes/Flour and starch",GROCERY,348,13.3,68.2,1.6,4,0.9,0,3.6,150,21,34,150,1.3,1.2,9.3,0,0,0.24,0.03,0.08,0,0.53,43.4,0.35,0,0,0.47,0,0.3
1041,"Cereal products, pulses and potatoes/Flour and starch",GROCERY,348,14.3,65,2.2,5.7,1.4,0.1,27,210,28,64,240,2.4,2.8,9.3,,,,,,,0.53,,,,,,,0.3
1042,"Cereal products, pulses and potatoes/Flour and starch",GROCERY,345,15,58,2.5,15.3,1.3,0,1.3,390,31,130,420,3.7,3.8,6.8,0,0,0.44,0.09,0.19,0,0.82,67.4,0.65,0,0,0.63,,0.4
14240,Vegetables/Frozen vegetables,PRODUCE,65,2.9,4,3.8,1.8,1.2,0.7,300,490,110,74,58,1.5,0.6,,11,268,0.06,0.21,0.16,0.04,0.6,50,0.24,24.6,0,2.41,6,1.4
1566,"Prepared dishes/Cakes, pies and gratins",GROCERY,192,6.4,13.8,11.9,1.9,1.1,1.2,490,400,94,60,89,1.4,0.9,,12,253,0.1,0.17,0.15,0.11,0.65,31.4,0.36,15.4,0.3,1.83,48,6.3
1567,"Prepared dishes/Cakes, pies and gratins",GROCERY,189,6,11.4,12.8,1.7,1.1,1.2,490,400,94,59,85,1.4,0.8,,12,262,0.1,0.17,0.15,0.11,0.64,31.1,0.35,15.4,0.4,1.83,50,6.9
365,Vegetables/Fresh vegetables,PRODUCE,25,2.6,1.3,0.6,1.9,0.1,0.2,69,590,100,89,46,1.8,0.6,0.4,12,284,0.07,0.2,0.21,0,0.62,94.4,0.23,51,0,2.1,0,0.1
1025,Vegetables/Cooked vegetables (incl. cans),PRODUCE,31,3.3,1.6,0.8,2.3,0.1,0.2,77,660,130,110,58,1.9,0.7,0.6,15,336,0.08,0.24,0.24,0,0.65,74.5,0.26,36.9,0,2.76,0,0.1
646,Alcoholic beverages/Spirits,GROCERY,234,0,0,0,0,0,0,3,4,0,0,4,0,0,,0,0,0,0,0,0,0,0,0,0,0,0,0,0
518,Alcoholic beverages/Spirits,GROCERY,247,0,0.1,0,0,0.1,0,1,3,2,1,5,0,0.1,,0,0,0,0,0,0,0,0,0,0,0,0,0,0
644,Alcoholic beverages/Spirits,GROCERY,245,0,0,0,0,0,0,0,3,2,0,0,0,0,,0,0,0,0,0,0,0,0,0,0,0,0,0,0
520,Alcoholic beverages/Spirits,GROCERY,234,0,0,0,0,0,0,1,2,0,0,5,0.1,0.1,,0,0,0.01,0,0,0,0,0,0,0,0,0,0,0
519,Alcoholic beverages/Spirits,GROCERY,240,0,2,0,0,2,0,2,2,0,1,0,0,0,,0,0,0,0,0,0,0,0,0,0,0,0,0,0
14207,Milk and dairy products/Cheese products,DAIRY,226,7.5,1.4,21.2,0,1.4,1.2,500,120,100,14,110,,2,7,11,171,0.04,0.22,0.08,0.39,0.15,3.4,0.47,0,0.2,0.7,56,11.4
14061,Prepared dishes/Asian dishes,GROCERY,224,6.5,23.1,11.2,2.5,3,1.5,610,160,25,16,67,0.9,0.6,4.4,1,17,0.11,0.06,0.12,0.22,1.4,23.1,0.25,0,0,0.82,28,2.9
1656,Prepared dishes/Other savoury dishes,GROCERY,144,4.7,16.7,5.8,2.7,4.1,0.2,93,370,50,12,66,0.6,0.4,3.7,5.8,196,0.08,0.09,0.09,0.17,0.47,17.8,0.68,9,0.4,,47,0.7
764,"Fish/Seafood, crustaceans and shellfish",MEAT_FISH,77,14.4,2.2,1.2,0,0,0.6,240,230,18,44,170,0.2,1.1,24,13,2,0.04,0.03,0.1,3.15,1.57,11,0.24,1.6,0.4,1.2,247,0.3
792,Sausages and cold meats/Boiled sausage products,MEAT_FISH,237,12.6,0.2,20.7,0,0.2,2.1,850,76,4.9,8.4,140,0.9,1.7,,0.4,4,0.09,0.11,0.05,1.19,2.02,1,0.17,52.2,0,0.32,42,7.6
570,Milk and dairy products/Hard cheese,DAIRY,325,21.8,0,26.4,0,0,1.6,640,71,600,25,400,0.1,2.7,,0,256,0,0.17,0.02,0.46,0,52.5,0.4,0,0,0.67,90,17.9
385,Fruit/Fresh fruit,PRODUCE,38,0.6,6,0.4,3.8,5.6,0,1,140,18,12,23,0.2,0.1,0.2,1,0,0.02,0.02,0.04,0,0.37,40.7,0.12,55.8,0,0.3,0,0
13418,"Cereal products, pulses and potatoes/Dough",BAKERY,234,7.6,44.3,2.5,2,0.2,1.9,750,110,9.5,22,77,1,0.7,1.5,0.9,0,0.13,0.02,0.1,0,0.2,10.2,0.31,0,0,0.81,0,0.3
465,Vegetables/Fresh vegetables,PRODUCE,16,1.2,1.5,0.2,1.6,1.5,0,10,230,35,10,30,1,0.2,,3.3,17,0.06,0.08,0.05,0,0.31,16.2,0.17,6.8,0,0.5,0,0
438,Vegetables/Fresh vegetables,PRODUCE,48,3.8,6.4,0.3,2.3,2.7,0,1.8,190,45,27,61,1.1,0.5,0,1.7,22,0.17,0.14,0.12,0,0.7,30.7,0.41,51.3,0,0.39,0,0
1012,Vegetables/Cooked vegetables (incl. cans),PRODUCE,52,4.1,6.9,0.3,2.5,2.9,0,1.7,180,49,28,65,1,0.5,0,1.8,23,0.15,0.14,0.11,0,0.64,20.9,0.4,43.7,0,0.44,0,0
471,Sweets/Sugar and sweeteners,GROCERY,390,0,97.6,0,0,97.6,0.1,40,320,85,22,24,1.9,0.1,1,0,0,0,0,0.02,0,0,0,0.1,0,0,0,0,0
470,Sweets/Sugar and sweeteners,GROCERY,400,0,100,0,0,100,0,0,2,1,0,0,0.1,0,0,0,0,0,0,0,0,0,0,0,0,0,0,0,0
598,Fats and oils/Oils,GROCERY,900,0,0,100,0,0,0,1,1,1,0,0,0.1,0.1,0,0,0,0,0,0,0,0,0,0,0,0,56.95,0,11.1
1068,Fats and oils/Oils,GROCERY,900,0,0,100,0,0,0,0,0,0,0,0,0,0,0,0,0,0,0,0,0,0,0,0,0,0,40,0,9.9
281,"Nuts, seeds and oleaginous fruit",GROCERY,621,25.1,3.6,54.5,8,3.4,0,3.6,750,86,330,670,5,5.8,9.9,4,3,1.48,0.36,0.57,0,8.3,227,1.13,1,0,36.85,0,5.4
770,Fish/Fish products,MEAT_FISH,125,8.3,11.8,4.9,0,2.1,1.6,630,52,19,12,44,0.4,0.2,9.2,10,28,0.02,0.02,0.03,0.71,0.22,2,0.07,0,0,1.1,11,0.5
1033,Vegetables/Cooked vegetables (incl. cans),PRODUCE,107,3.1,18.6,1.7,2.3,7,0.7,270,180,4,21,70,0.5,0.5,,0,10,0.03,0.08,0.08,0,1.19,21.1,0.45,0.8,0,0.35,0,0.3
632,Vegetables/Cooked vegetables (incl. cans),PRODUCE,105,3,18.2,1.7,2.3,6.9,0.8,300,200,4,22,69,0.6,0.5,,0,10,0.04,0.08,0.09,0,1.4,33,0.5,1,0,0.34,0,0.3
633,Vegetables/Cooked vegetables (incl. cans),PRODUCE,119,3.4,21,1.4,4.2,2,0,17,250,3,33,100,0.6,0,,0,10,0.22,0.07,0.1,0,1.7,50,0.7,7,0,0.7,0,0.2
432,Vegetables/Fresh vegetables,PRODUCE,85,3.2,12.6,1.8,3,5.1,0,3,310,4,37,91,0.7,0.4,0.6,0.5,9,0.15,0.08,0.16,0,1.8,33,0.54,6.8,0,,0,0.3
1032,Vegetables/Cooked vegetables (incl. cans),PRODUCE,92,3.5,13.6,1.9,3.2,5.5,0,2.9,300,4.3,38,98,0.6,0.4,0.6,0.5,10,0.14,0.08,0.15,0,1.64,22.5,0.52,5.8,0,,0,0.3
14262,"Cereal products, pulses and potatoes/Potatoes and other starchy tubers",PRODUCE,100,1.9,21.1,0.1,3.7,5.2,0.2,68,520,51,32,64,0.7,0.4,0.7,3,437,0.08,0.07,0.23,0,0.64,10.6,0.89,21,0,0.32,0,0
13406,"Cereal products, pulses and potatoes/Potatoes and other starchy tubers",PRODUCE,81,1.6,17.1,0.1,3,4.2,0.1,55,420,41,26,52,0.6,0.3,0.6,2.4,373,0.08,0.06,0.21,0,0.56,11,0.8,19.3,0,0.26,0,0
13407,"Cereal products, pulses and potatoes/Potatoes and other starchy tubers",PRODUCE,81,1.6,17.1,0.1,3,4.2,0.1,51,370,40,25,51,0.5,0.3,0.6,2.3,342,0.07,0.06,0.18,0,0.51,6.7,0.69,15.8,0,0.27,0,0
602,Milk and dairy products/Milk and yoghurt beverages,DAIRY,24,0.8,4.7,0.2,0,4.7,0.1,45,130,68,8,40,0.1,0.1,,8,3,0.04,0.14,0.04,0.2,0.2,1,0.4,1,0,0,1,0.1
450,Vegetables/Fresh vegetables,PRODUCE,16,1,1.6,0.2,1.8,1.2,0.1,53,300,38,17,10,0.9,0.1,0.5,4,38,0.04,0.02,0.06,0,0.4,18.7,0.18,10.7,0,,0,0
1016,Vegetables/Cooked vegetables (incl. cans),PRODUCE,20,1.3,2,0.3,2.2,1.5,0.1,60,340,48,20,13,0.9,0.1,0.6,5,45,0.04,0.02,0.07,0,0.42,14.7,0.2,7.7,0,,0,0
569,Non-alcoholic beverages/Cordial,GROCERY,286,0.1,70.6,0.1,0.7,70.3,0,1,49,3,2,4,0.4,0.1,,0.7,0,0.01,0.01,0.02,0,0.07,2,0.03,4,0,0.16,0,0
1132,Non-alcoholic beverages/Soft drinks,GROCERY,55,0,13.6,0,0.1,13.5,0,1,9.4,6.2,1.2,0.8,0.1,0,0,0.1,0,0,0,0,0,0.01,0.4,0.01,0.8,0,0.03,0,0
762,"Various/Salt, spices and flavours",GROCERY,0,0,0,0,0,0,98,39200,4,10,1,8,0.3,0.1,0.1,2500,0,0,0,0,0,0,0,0,0,0,0,0,0
10457,"Various/Salt, spices and flavours",GROCERY,0,0,0,0,0,0,100,39900,4,10,1,8,0.3,0.1,0.1,2500,0,0,0,0,0,0,0,0,0,0,0,0,0
634,"Various/Salt, spices and flavours",GROCERY,0,0,0,0,0,0,100,39900,4,10,1,8,0.3,0.1,0.1,20,0,0,0,0,0,0,0,0,0,0,0,0,0
1609,Prepared dishes/Salads,GROCERY,110,2.3,11.5,5.5,2.8,1.1,0.4,150,150,19,22,72,0.8,0.5,,1.9,14,0.07,0.03,0.06,0,0.95,21.6,0.24,9,0,1.8,0,0.7
1610,Prepared dishes/Salads,GROCERY,132,3.1,15,6.2,1.9,1.4,0.4,170,140,19,16,46,0.8,0.4,1.5,1.8,16,0.03,0.03,0.04,0,0.29,18.6,0.14,10.2,0,1.89,0,0.7
1684,Various/Sauces,GROCERY,385,3.7,1.8,40.2,0.6,1.5,0.3,140,120,25,6.8,76,0.8,0.5,7.2,12,62,0.05,0.09,0.07,0.4,0.2,27.3,0.67,9.3,0.8,11.62,141,3.6
14231,Sweets/Cakes and tarts,GROCERY,257,6.3,31.1,11.8,0.6,18.5,0.1,52,120,30,12,90,0.8,0.6,,12,101,0.06,0.11,0.06,0.38,0.15,17.8,0.61,11.4,0.8,0.62,117,6.1
803,Non-alcoholic beverages/Tea,GROCERY,0,0,0,0,0,0,0,0,19,0,1,1,0,0,,1,0,0,0,0,0,0.1,5,0,0,0,0,0,0
14251,Plant based protein foods and alternaives to animal products/Plant based protein foods,DAIRY,157,17.6,7.9,4.7,6.2,0.2,0.1,28,340,89,66,220,1.8,1.5,2.7,0,0,0.03,0.18,0.09,0.02,1.46,38.5,0.57,0,0,1.17,0,0.6
774,Sausages and cold meats/Cooked sausage products,MEAT_FISH,298,13.6,0.9,26.5,0.1,0.7,2.2,870,130,17,14,110,4.2,2,,4.8,1931,0.25,0.75,0.2,6.33,4.13,20.9,1.41,3.9,0,0.46,119,9.7
796,Meat and offal/Game,MEAT_FISH,243,16.5,1.6,18.7,0.1,1.4,2.2,870,150,13,13,150,4,2.5,,3.5,1468,0.13,0.58,0.17,4.89,4.13,16.2,1.16,44.8,0.1,0.41,107,7.4
495,Milk and dairy products/Hard cheese,DAIRY,416,24.2,0,35.5,0,0,2.3,930,84,700,27,510,0.1,3.9,8.6,28,480,0.01,0.27,0.27,1.6,0.08,24,0.32,0,0.7,0.59,107,21.3
13956,Sweets/Sugar and sweeteners,GROCERY,351,3.1,81,1.7,0,79.8,0,14,710,70,49,77,1.1,0.8,,5.6,10,0.2,0.22,0.09,0,1.29,63,0.36,20.2,0,3.14,0,0.6
1496,Prepared dishes/Other savoury dishes,GROCERY,251,11.2,14.9,16.2,0.6,2.4,0.9,370,210,75,18,160,0.9,1.2,10,16,80,0.2,0.21,0.11,0.52,1.01,18.6,0.94,5.8,1,0.59,135,7.4
1489,Prepared dishes/Other savoury dishes,GROCERY,246,11.9,14.7,15.4,0.6,2.3,0.8,320,170,150,19,180,0.8,1.2,9.5,21,126,0.07,0.23,0.1,0.83,0.36,35.4,0.98,0.5,1,0.62,140,8.2
1495,Prepared dishes/Other savoury dishes,GROCERY,191,12.8,13.1,9.6,0.5,2.2,1,400,270,69,20,210,0.9,1.3,9.3,15,70,0.31,0.22,0.18,0.42,2.13,16.3,0.93,19.7,0.8,0.52,122,4.7
1491,Prepared dishes/Other savoury dishes,GROCERY,138,5.8,7.8,8.9,1.6,1.7,0.4,140,330,45,15,130,1.1,0.7,,19,76,0.09,0.28,0.09,0.21,2.3,19.3,1.53,2.3,1.7,0.32,67,4.8
1494,Prepared dishes/Other sweet dishes,GROCERY,376,7.8,35.7,22.1,1.6,26.4,0.3,110,290,110,35,160,1.9,1,6,13,55,0.09,0.21,0.08,0.39,0.23,20.2,0.81,0.5,0.7,2.1,87,9.3
1488,Prepared dishes/Other sweet dishes,GROCERY,253,8.2,28.8,11.4,0.7,14.9,0.3,140,170,84,16,140,1,0.8,8.7,18,88,0.08,0.2,0.07,0.49,0.14,20.1,0.91,0.5,1,0.59,140,5.7
1493,Prepared dishes/Other savoury dishes,GROCERY,165,6,13.8,9.1,1.6,4.1,0.2,95,220,63,15,100,0.7,0.6,5.9,12,125,0.07,0.16,0.14,0.33,0.36,26.6,0.69,27.7,0.7,1.06,94,4
1487,Prepared dishes/Other savoury dishes,GROCERY,232,9.4,18.9,13.1,0.7,3,0.4,160,190,93,18,160,1,1,9.9,21,100,0.09,0.23,0.08,0.56,0.15,22.9,1.04,0.6,1.1,0.67,160,6.5
460,Vegetables/Herbs,PRODUCE,52,1.5,7.3,1.2,3,7.2,0,9,130,310,36,32,20,1,,1,238,0.08,0.07,0.15,0,0.8,19.5,0,0,0,0.8,0,0.6
556,Milk and dairy products/Hard cheese,DAIRY,348,24.1,0,28,0,0,1.4,550,60,840,29,510,0.1,3.7,7.7,7.3,287,0.05,0.27,0.06,1.64,0.21,30,0.41,0,0.5,0.76,84,16.8
557,Milk and dairy products/Hard cheese,DAIRY,374,25.6,0,30.2,0,0,1.7,690,98,900,24,540,0.3,4.2,8,7.9,287,0.05,0.38,0.06,1.33,0.23,33,0.44,0,0.6,0.84,91,18.1
14023,Prepared dishes/Other sweet dishes,GROCERY,240,4.3,30.4,9.8,1.2,19.5,0.2,77,230,94,18,110,0.7,0.5,,8.1,39,0.02,0.1,0.32,0.08,0.24,5.5,0.7,0,0,0.86,45,6.4
14120,Plant based protein foods and alternaives to animal products/Plant based protein foods,DAIRY,148,14.7,2.9,8.5,0,0.6,0,2,170,220,49,180,2,1.2,2.2,6,0,0.06,0.03,0.04,0,0.28,25.1,0.11,0,0,0.55,0,1.4
14119,Plant based protein foods and alternaives to animal products/Plant based protein foods,DAIRY,148,14.7,2.9,8.5,0,0.6,0.1,51,140,72,130,210,2,1.4,1.2,6,0,0.03,0.01,0.05,0,0.28,25.1,0.07,0,0,0.55,0,1.4
13437,Plant based protein foods and alternaives to animal products/Plant based protein foods,DAIRY,148,14.7,2.9,8.5,0,0.6,0.1,35,150,120,100,200,2,1.3,1.5,6,0,0.06,0.03,0.04,0,0.28,25.1,0.11,0,0,0.55,0,1.4
14167,Plant based protein foods and alternaives to animal products/Plant based protein foods,DAIRY,168,18,3.6,8.9,0.6,0.7,0.1,37,150,140,110,210,2.4,1.6,1.9,7.6,0,0.05,0.03,0.04,0,0.29,23.8,0.11,0.5,0,0.59,0,1.4
13438,Plant based protein foods and alternaives to animal products/Plant based protein foods,DAIRY,53,5,1.5,2.9,0.6,1.1,0,17,170,49,58,98,1,0.6,1.1,0.7,0,0.08,0.02,0.04,0,0.4,24.2,0.17,0,0,0.2,0,0.5
14090,Plant based protein foods and alternaives to animal products/Plant based protein foods,DAIRY,164,16.4,2.9,9.5,0,0.9,1,390,190,130,110,230,2.3,1.5,1.4,,0,0.08,0.05,0.05,0.02,0.41,16.4,0.14,0,0,0.66,0,1.5
14168,Plant based protein foods and alternaives to animal products/Plant based protein foods,DAIRY,163,17.5,3.2,8.8,0.6,0.9,0.9,370,170,140,100,220,2.5,1.6,1.5,,0,0.06,0.05,0.03,0.02,0.37,13.9,0.13,0.5,0.2,0.62,0,1.4
14122,Plant based protein foods and alternaives to animal products/Plant based protein foods,DAIRY,164,16.4,2.9,9.5,0,0.9,1.4,550,210,230,65,230,2.5,1.6,2.2,,0,0.08,0.05,0.05,0.02,0.41,16.4,0.14,0,0,0.66,0,1.5
14121,Plant based protein foods and alternaives to animal products/Plant based protein foods,DAIRY,164,16.4,2.9,9.5,0,0.9,0.7,280,170,66,130,230,2.2,1.4,0.8,,0,0.08,0.05,0.05,0.02,0.41,16.4,0.14,0,0,0.66,0,1.5
564,Non-alcoholic beverages/Fruit and vegetable juices;Vegetables/Vegetable juices,GROCERY,16,0.8,2.9,0.1,0.1,2.1,0.5,210,220,14,13,25,0.4,0.2,0.3,2,32,0.03,0.02,0.05,0,0.39,15.7,0.21,9.7,0,0.8,0,0.1
636,Vegetables/Cooked vegetables (incl. cans),PRODUCE,77,4.5,12.9,0.2,2.8,12.4,0.6,240,1150,48,48,94,1.6,0.7,1,4,38,0.22,0.12,0.44,0,3.5,54,1,38,0,5.37,0,0
1618,"Prepared dishes/Cakes, pies and gratins",GROCERY,174,4.3,13.5,11.2,1.2,2.8,0.4,160,210,37,13,72,0.6,0.4,3.4,6.6,129,0.06,0.08,0.08,0.18,0.41,13.4,0.35,11,0.5,0.67,67,6.2
1617,"Prepared dishes/Cakes, pies and gratins",GROCERY,171,3.9,11,12.1,1.1,2.8,0.4,160,200,37,12,68,0.6,0.4,3.4,6.6,138,0.06,0.08,0.08,0.18,0.4,13.1,0.34,11,0.5,0.67,70,6.8
667,Various/Sauces,GROCERY,69,1.8,9.7,2.1,1.9,4.1,1.4,540,360,23,17,33,1.4,0.4,,1.6,62,0.06,0.05,0,0,1,12,0.3,11,0.1,0.5,0,0.5
670,Prepared dishes/Stews and soups,GROCERY,39,0.7,6.3,1,0.9,3,0.6,260,130,11,5.9,15,0.1,0.1,,3,161,0.01,0.06,0.2,0,0.58,23.8,0.2,6.4,0,0.69,3,0.4
13463,Vegetables/Dried vegetables,PRODUCE,282,14.1,43.5,3,12.3,37.6,5.3,2120,3430,110,190,360,9.1,2,1.5,,44,0.2,0.49,0.33,0,9.05,68,1.21,39.2,0,0.01,0,0.4
13490,Vegetables/Dried vegetables,PRODUCE,187,4.3,13.4,11.7,5.6,6.5,2.6,1020,1570,47,81,140,2.7,0.8,,,16,0.19,0.38,0.32,0,3.63,23,0.48,11.5,0,4.86,0,1.3
637,Vegetables/Cooked vegetables (incl. cans),PRODUCE,22,1.1,3.8,0.1,0.8,3.8,0,5,210,11,10,17,0.6,0.1,0,3,25,0.13,0.04,0.12,0,1,11,0.11,11,0,1.33,0,0
348,Vegetables/Fresh vegetables,PRODUCE,21,0.9,3.3,0.3,1.2,3.2,0,2.4,240,8.3,8.2,22,0.1,0.1,0.1,0.6,39,0.05,0.02,0.09,0,0.65,18.1,0.06,25.5,0,0.42,0,0.1
1027,Vegetables/Cooked vegetables (incl. cans),PRODUCE,26,1.1,4,0.3,1.5,3.9,0,2.7,250,11,9,27,0.2,0.1,0.1,0.7,46,0.05,0.02,0.1,0,0.68,14.3,0.06,24.5,0,0.55,0,0.1
615,Milk and dairy products/Soft cheese,DAIRY,284,20.3,0,22.5,0,0,1.8,720,76,290,18,230,0.1,1.9,,0,183,0.01,0.4,0.18,1.8,0.12,24,0.36,0,0.2,0.59,68,13.5
10378,Meat and offal/Veal;Meat and offal/Beef,MEAT_FISH,191,16.6,2.8,12.6,0,0,0.2,83,230,9.5,18,180,2.9,2.8,7,2.3,13,0.14,0.29,0.13,4.5,4.15,6,2,2.9,0,0.18,104,4.9
932,Savoury snacks/Chips/Crisps,GROCERY,509,7.8,56,27.2,4.4,2.4,2.4,970,190,67,43,130,1.9,0,,0,0,0.15,0.2,0.17,0,1.8,18,0.3,0,0,5.9,0,6.6
289,Fish/Fresh water fish,MEAT_FISH,127,17.7,0,6.2,0,0,0.1,40,470,14,30,220,2,0.4,9.8,14,12,0.08,0.06,0.54,5,5.54,9.4,1.7,,5.9,1.94,56,1.3
13976,Fish/Fresh water fish,MEAT_FISH,177,23.4,0,9.3,0,0,3.2,1270,410,2.7,31,230,0.4,0.4,23,40,51,0.21,0.08,0.67,3.2,7.1,26,2.05,0,5.2,1.67,48,1.7
13349,Fish/Fresh water fish,MEAT_FISH,115,16.6,0,5.4,0,0,0.1,43,440,18,32,230,2,0.6,11,15,11,0.08,0.05,0.47,5,4.85,8.2,1.49,,5.2,1.7,70,1.1
418,Fish/Sea fish,MEAT_FISH,199,27.3,0.9,9.6,0,0,0.8,320,280,6.5,34,190,0.6,0.5,51,13,13,0.03,0.04,0.39,2.75,13.25,7.5,0.16,0,0.8,4.7,41,1.4
417,Fish/Sea fish,MEAT_FISH,109,24.9,0,1,0,0,0.7,290,230,10,27,170,1.5,0.9,69,12,26,0,0.11,0.31,3.4,10.3,3,0.19,0,1.1,0.6,47,0.3
1613,Prepared dishes/Salads,GROCERY,108,8.8,6.8,4.8,1.1,3.1,0.7,290,180,8.4,18,81,0.8,0.5,,4.1,17,0.02,0.06,0.14,1.03,3.68,16.1,0.23,4.1,0.3,1.48,14,0.7
14291,Sausages and cold meats/Cooked sausage products,MEAT_FISH,100,20.9,0,1.7,0.4,0,1.9,760,370,7.1,26,230,0.4,0.5,7.9,11,1,0.06,0.07,0.35,0.6,8.86,17.3,0.61,26.3,0,0.11,50,0.5
713,Meat and offal/Poultry,MEAT_FISH,109,24,0,1.5,0,0,0.2,63,330,7.9,32,210,0.7,1.8,8.9,1.5,3,0.12,0.1,0.4,0.57,9.86,8,0.8,0,0,0,37,0.3
13275,Meat and offal/Poultry,MEAT_FISH,141,31.8,0,1.5,0,0,0.2,72,400,11,35,240,0.9,2.4,12,2,3,0.11,0.13,0.3,0.5,10.66,5.4,0.86,0,0,0,50,0.3
887,Sweets/Cakes and tarts,GROCERY,514,8.9,40.1,34.6,3.3,26.7,0.1,57,310,54,54,150,2.1,1.3,6.6,11,162,0.15,0.09,0.15,0.29,0.4,25.1,0.82,0.4,0.9,3.85,123,13.7
14003,Various/Sauces,GROCERY,138,6.1,3.8,10.9,0,2.7,0.9,350,150,88,8.8,100,0.1,0.3,,3.1,16,0.05,0.19,0.05,0.59,1.54,14.8,0.24,0.5,0,2.45,9,0.8
536,Milk and dairy products/Hard cheese,DAIRY,368,23.5,0,30.4,0,0,1.5,600,88,640,25,460,0.1,2.7,7.6,27,513,0.01,0.33,0.09,1.62,0.14,33.2,0.42,0,0.4,0.81,91,18.2
534,Milk and dairy products/Soft cheese,DAIRY,278,17.2,0,23.2,0,0,1.7,690,78,430,20,300,0.1,1.9,,20,491,0.01,0.26,0.26,2.06,0.2,51.5,0.4,0,0.5,0.64,70,13.9
13413,Sweets/Creams and puddings,GROCERY,109,4.3,12.7,4.6,0,11.6,0.1,52,140,100,9.8,99,0.3,0.5,4.1,13,53,0.03,0.19,0.03,0.39,0.08,10.9,0.5,0.5,0.4,0.27,62,2.3
1106,Meat and offal/Veal,MEAT_FISH,127,21.1,0,4.8,0,0,0.2,66,340,9.7,22,200,1.1,2.6,7.1,1.3,5,0.08,0.23,0.45,1.47,6.39,10.1,1.4,0,0.9,0.35,71,1.9
1676,Meat and offal/Veal,MEAT_FISH,116,13.9,3.3,5.1,0.4,1.5,0.6,230,280,16,19,140,1.1,2.1,4.5,1.8,29,0.04,0.13,0.18,0.7,3.76,5.3,0.77,0.6,0.1,0.49,46,1.6
1667,Prepared dishes/Other savoury dishes,GROCERY,217,22.5,5.5,11.6,0.3,0.1,0.9,340,230,100,25,260,2.3,2.5,13,14,59,0.06,0.28,0.19,1.1,4.56,23.3,1.26,0,0.8,0.81,155,3
1669,Prepared dishes/Other savoury dishes,GROCERY,91,11.3,3.1,3.5,0.6,1.3,0.8,310,230,9.5,13,110,0.4,2.1,4.1,1,61,0.04,0.11,0.19,0.62,2.82,10.2,0.72,0.9,0.1,0.33,40,0.7
13316,Meat and offal/Veal,MEAT_FISH,128,28.4,0,1.6,0,0,0.2,74,300,6.1,31,260,3,3.2,9.3,0.1,4,0.05,0.32,0.29,1.04,8,16.1,1.18,0,0,0.19,88,0.5
1681,Meat and offal/Veal,MEAT_FISH,185,26.8,0,8.6,0,0,1,390,280,5.8,29,240,2.8,3,8.8,0.3,4,0.05,0.3,0.27,0.98,7.53,15.1,1.11,0,0,0.57,83,0.9
1071,Meat and offal/Veal,MEAT_FISH,234,23.5,0,15.5,0,0,0.1,41,220,6.1,15,160,0.9,3.7,10,2.7,6,0.05,0.22,0.18,1.37,3.5,6.5,1.29,0,5.4,0.31,104,6.6
1,Meat and offal/Veal,MEAT_FISH,204,18.3,0,14.5,0,0,0.2,64,310,5.3,18,170,0.6,2.6,7.2,1.9,5,0.08,0.19,0.32,1.6,4.9,7,1.5,0,0,0.29,73,6.2
2,Meat and offal/Veal,MEAT_FISH,161,20.7,0,8.7,0,0,0.1,51,340,5.3,19,180,0.6,2.9,7.2,0.1,5,0.08,0.19,0.62,1.6,3.4,7,1.5,0,0.2,0.79,62,3.6
13325,Meat and offal/Veal,MEAT_FISH,123,28.2,0,1.1,0,0,0.1,59,290,5.8,25,230,0.8,4.5,9.3,2.6,4,0.05,0.22,0.28,1.51,8,8,1.62,0,0.1,0.37,89,0.4
13,Meat and offal/Veal,MEAT_FISH,98,22,0,1.1,0,0,0.1,51,360,4.8,22,200,0.6,3.3,6.9,1.9,5,0.08,0.19,0.46,1.6,7.4,7,1.5,0,0.1,0.5,66,0.4
14,Meat and offal/Veal,MEAT_FISH,104,21.9,0,1.8,0,0,0.1,43,370,4,20,210,0.5,2.1,6.9,1.8,5,0.08,0.19,0.46,1.6,7.4,7,1.5,0,0.1,0.5,63,0.7
660,Meat and offal/Veal,MEAT_FISH,119,21.2,0,3.8,0,0,0.2,91,320,17,25,210,1.4,2.5,7.2,0.1,5,0.07,0.26,0.56,1.2,9.08,14,1.39,0,0,0.3,78,1.3
3,Meat and offal/Veal,MEAT_FISH,113,22.8,0,2.4,0,0,0.1,44,360,4.7,21,200,0.5,2.3,7.2,3.5,5,0.08,0.19,0.51,1.6,3.4,7,1.5,0,0.2,0.5,65,1
673,Meat and offal/Veal,MEAT_FISH,95,15.8,1,3.1,0,0,0.4,180,270,11,16,240,12,1.8,100,4.2,210,0.37,2.5,0.5,28.2,6.47,80,4,12.7,0.5,0.2,364,1
13377,Meat and offal/Veal,MEAT_FISH,158,29.7,0,4.3,0,0,0.1,44,280,6.6,26,270,3.5,3.5,9.8,0.2,6,0.06,0.35,0.32,0.94,5.53,14.2,1.16,0,0,0.35,109,1.3
661,Meat and offal/Veal,MEAT_FISH,116,20.7,0,3.7,0,0,0.2,62,360,5,26,220,2.3,2.3,6.3,0.1,5,0.08,0.27,0.45,1,5.9,14,1.06,0,0,0.3,70,1.1
10,Meat and offal/Veal,MEAT_FISH,127,19.6,4.6,3.4,0,0,0.2,68,300,9,19,330,7.4,4,37,4.3,11438,0.24,2.54,0.9,60,14.44,240,7.9,23,0.3,0.37,350,1.3
11,Meat and offal/Veal,MEAT_FISH,105,20.5,0,2.6,0,0,0.1,57,330,4.9,20,190,0.8,3.3,7.2,1.9,5,0.08,0.19,0.51,1.6,6.18,7,1.5,0,0.2,0.5,72,1.1
15,Meat and offal/Veal,MEAT_FISH,102,20,0,2.4,0,0,0.1,57,330,4.7,19,190,0.6,3.7,7.2,0.8,5,0.08,0.19,0.51,1.6,6.19,7,1.5,0,0.2,0.29,72,1
662,Meat and offal/Veal,MEAT_FISH,103,22.2,0,1.6,0,0,0.2,64,370,5,27,220,2.3,2.3,6.9,0.1,5,0.08,0.28,0.47,1.1,7.4,14,1.09,0,0,0.26,65,0.5
1073,Meat and offal/Veal,MEAT_FISH,161,28.6,0,5.2,0,0,0.3,120,330,30,30,270,2,5.9,10,0.1,5,0.08,0.38,0.31,1.9,7.38,14.8,1.71,0,0,0.22,121,1.7
658,Meat and offal/Veal,MEAT_FISH,122,20.2,0,4.6,0,0,0.2,91,310,22,23,200,1.4,4,6.9,0.1,5,0.09,0.29,0.39,1.7,6.18,11.7,1.43,0,0,0.27,81,1.6
672,Meat and offal/Veal,MEAT_FISH,96,17.2,0,3,0,0,0.2,83,430,4,16,560,1.9,1.9,6,4,5,0.08,0.17,0.03,6,2.58,15,1,56,0,0.2,268,1.3
674,Meat and offal/Veal,MEAT_FISH,186,17.2,1.9,12.2,0,0,0.2,86,210,9,17,190,2.8,2.6,2,2.3,12,0.15,0.29,0.13,4,3.7,5,2,2.7,0,0.1,100,5
13324,Meat and offal/Veal,MEAT_FISH,144,27.3,0,3.9,0,0,0.3,100,260,21,29,240,1.8,3.4,9.7,0.1,4,0.04,0.3,0.34,1.14,9.82,16.1,1.5,0,0,0.22,106,1.3
1580,"Prepared dishes/Cakes, pies and gratins",GROCERY,58,2.6,2.4,3.9,1.6,2.1,0.3,110,250,79,13,65,0.2,0.4,1,2.9,32,0.04,0.08,0.07,0.07,0.6,22.2,0.28,24.7,0.1,0.26,9,2.3
1666,Prepared dishes/Italian dishes,GROCERY,133,4.4,11.3,7.6,1.1,2.5,1.2,460,140,120,14,96,0.3,0.5,5.7,5.5,9,0.02,0.09,0.06,0.12,0.37,6.1,0.16,8.3,0.1,0.45,20,4.4
14193,Vegetables/Cooked vegetables (incl. cans),PRODUCE,28,1.2,4,0.3,2,3.2,0,8.8,130,23,8.1,28,0.3,0.2,0.4,1.5,91,0.04,0.03,0.08,0,0.34,18.5,0.15,14.6,0,0.43,0,0.1
1152,Vegetables/Fresh vegetables,PRODUCE,29,1.3,4.3,0.3,2,3.4,0,12,250,24,13,31,0.3,0.2,0.4,1.7,96,0.05,0.05,0.11,0,0.5,36.2,0.21,27.1,0,0.43,0,0.1
514,Alcoholic beverages/Wine,GROCERY,132,0.1,12.9,0,0,12.9,0,19,40,7.6,5.1,6.6,0.5,0,,0,0,0,0,0,0,0,0,0,0,0,0,0,0
1202,Fats and oils/Salad dressings,GROCERY,232,4.2,1.8,22.9,0.5,1.3,0.3,120,90,20,8,62,0.7,0.4,7.1,8.9,33,0.04,0.08,0.05,0.32,0.08,23,0.62,1.7,0.8,6.35,106,2.2
1693,"Various/Salt, spices and flavours",GROCERY,21,0.1,0.7,0,0,0.3,0,7.7,35,7,7.7,12,0.2,0.2,,0,0,0,0,0,0,0,0,0,0,0,0,0,0
1199,Fats and oils/Salad dressings,GROCERY,287,0.7,2.5,30.2,0.9,1.8,0.6,240,68,14,9.4,23,0.2,0.2,,3.1,1,0.02,0.01,0.03,0,0.12,10.8,0.06,1.7,0,9,0,2.1
1680,Meat and offal/Veal,MEAT_FISH,172,17.9,0.9,10.6,0.2,0.6,0.6,250,200,26,20,140,1.2,2.6,,8.1,32,0.05,0.19,0.19,1.39,4.55,15.7,0.78,3.1,0.5,3.9,101,2.3
1679,Meat and offal/Veal,MEAT_FISH,197,21.3,0.7,12.1,0.1,0.3,0.7,280,200,26,23,160,1.3,3.2,,6.9,20,0.04,0.2,0.23,1.66,5.81,9.9,0.74,0,0.3,4.75,81,2.5
14304,Sweets/Cookies/Biscuits,GROCERY,534,6.6,56.6,30.5,3.5,37.8,0.3,100,470,130,65,190,5,1.1,4.9,15,19,0.07,0.21,0.04,0.3,0.55,13,0.69,5.7,1.1,,10,18.8
14016,Sweets/Other sweet pastries,GROCERY,301,8,36.1,13.4,1.9,4.8,1,390,160,48,18,190,0.9,0.6,,4.6,634,0.11,0.08,0,0.37,0.41,30.4,0.83,0,0.6,2.01,82,5.1
271,"Nuts, seeds and oleaginous fruit",GROCERY,709,15.7,6.9,67.3,6.7,3,0,0.2,420,78,140,360,2.6,2.7,1.2,0,2,0.42,0.05,0.19,0,0.4,112.1,1.39,0.8,0,2,0,6.5
13402,Fats and oils/Oils,GROCERY,900,0,0,100,0,0,0,0,0,0,0,0,0,0,0,0,0,0,0,0,0,0,0,0,0,0,2.05,0,10
10542,Various/Sauces,GROCERY,308,2.9,49.6,10.6,1.3,,5.8,2330,,,,,,,,,,,,,,,,,,,,,
371,Vegetables/Fresh vegetables,PRODUCE,19,1.7,1.9,0.2,1.2,0.6,0.2,60,310,83,17,68,1.6,0.2,1,14,231,0.09,0.1,0.18,0,0.6,70.5,0.16,36.3,0,1,0,0.1
893,Sweets/Water based ice cream,GROCERY,88,0,22,0,0,22,0,0,14,0,0,0,0,0,,0,0,0,0,0,0,0,0,0,12,0,0,0,0
402,Fruit/Fresh fruit,PRODUCE,39,0.7,8.3,0.2,0.5,7.9,0,0,100,6,11,9.7,0.2,0.1,1.3,10,35,0.03,0.02,0.06,0,0.26,20.4,0.18,5.8,0,0,0,0.1
822,"Bread, flakes and breakfast cereals/Bread and bread products",BAKERY,309,9.4,47.3,8.7,2.2,3.4,1.6,650,200,56,27,130,1.1,0.9,1.9,4.6,71,0.13,0.15,0.13,0.07,0.54,26.5,0.41,0.3,0.1,0.49,23,4.9
1273,Sausages and cold meats/Boiled sausage products,MEAT_FISH,220,11.8,0.6,18.9,0,0.6,2,810,140,21,10,160,0.7,1.3,,2.3,10,0.2,0.17,0.15,0.43,1.83,2.5,0.33,1,0.1,0.28,50,7.3
431,"Bread, flakes and breakfast cereals/Flakes, bran and germs",GROCERY,271,15.2,17.7,5.5,45.1,1.9,0,2,1340,67,480,1140,16,9.2,,2.4,0,0.83,0.51,0.54,0,18,195,2.25,0,0,1.6,0,0.9
204,"Cereal products, pulses and potatoes/Flour and starch",GROCERY,344,12,69.5,1.3,3.2,0.3,0,2.1,180,11,34,120,1.5,1.1,2.3,0.9,0,0.21,0.04,0.16,0,0.32,16,0.48,0,0,0.54,0,0.3
203,"Cereal products, pulses and potatoes/Flour and starch",GROCERY,339,13.5,64.6,1.7,5.7,0.6,0,2.6,200,24,54,210,2.2,1.9,6,1.4,0,0.41,0.07,0.11,0,1.42,22,0.56,0,0,0.39,0,0.3
207,"Cereal products, pulses and potatoes/Flour and starch",GROCERY,340,13,66.2,1.5,5,0.5,0,0,190,17,53,180,2.4,1.7,6,1.1,0,0.26,0.06,0.28,0,0.89,22,0.63,0,0,0.4,0,0.2
205,"Cereal products, pulses and potatoes/Flour and starch",GROCERY,346,11.5,71,1.1,3.2,0.3,0,1.5,170,5,14,62,0.6,0.5,2.3,0.7,0,0.16,0.01,0.05,0,0.32,10,0.33,0,0,0.54,0,0.3
206,"Cereal products, pulses and potatoes/Flour and starch",GROCERY,338,13.5,61,2,11,1,0,17,390,26,130,350,5,3.4,5,2.4,0,0.47,0.17,0.46,0,0.64,50,1.2,0,0,0.85,0,0.3
430,"Bread, flakes and breakfast cereals/Flakes, bran and germs",GROCERY,375,29.2,35.1,9.5,16.3,10,0,7.2,990,54,250,1000,6.9,18,,0.3,5,1.99,0.14,0.9,0,1.68,143,1.23,0,0,13.4,0,1.8
593,Fats and oils/Oils,GROCERY,900,0,0,100,0,0,0,0,0,0,0,0,0,0,0,0,0,0,0,0,0,0,0,0,0,0,133,0,17.4
1588,Prepared dishes/Other savoury dishes,GROCERY,172,5.3,27.5,3.1,6.2,1.2,1.1,450,200,21,45,160,1.5,1.2,2.3,3.5,1,0.16,0.05,0.11,0,2.18,34.5,0.53,0.8,0,0.93,0,0.4
897,"Cereal products, pulses and potatoes/Flour and starch",GROCERY,348,0.4,85.8,0.1,1.2,0,0,2,16,0,4,20,0,0.1,,0,0,0,0,0,0,0.01,0,0,0,0,0,0,0
939,"Bread, flakes and breakfast cereals/Flakes, bran and germs",GROCERY,335,13.5,59.6,1.8,13.3,0.7,0,8,380,33,97,340,3.2,2.6,5,6.7,2,0.46,0.09,0.27,0,5.1,87,1.18,0,0,1,0,0.3
734,"Cereal products, pulses and potatoes/Other cereal products",GROCERY,327,11.4,59.6,1.8,13.3,0.7,0,7.7,380,33,97,340,3.2,2.6,5,6.7,2,0.46,0.09,0.27,0,5.1,87,1.2,0,0,1,0,0.3
823,"Bread, flakes and breakfast cereals/Bread and bread products",BAKERY,242,8.5,48.9,0.8,2.5,0.2,1.7,680,130,8.3,15,61,0.6,0.5,1.9,0.9,0,0.11,0.04,0.06,0,0.46,16.7,0.24,0,0,0.36,0,0.2
828,"Bread, flakes and breakfast cereals/Bread and bread products",BAKERY,323,10.3,57.1,5.2,2.9,0.6,1.7,670,170,13,29,110,1.3,1,3.3,1.1,0,0.16,0.07,0.14,0.01,0.58,28.3,0.37,0,0,2.22,0,0.7
453,Vegetables/Fresh vegetables,PRODUCE,36,1.4,4.6,0.6,3.5,4.2,0,4.8,230,52,9.7,29,0.3,0.1,0.5,3,2,0.05,0.05,0.17,0,0.2,45.4,0.21,56.3,0,1.1,0,0.3
1028,Vegetables/Cooked vegetables (incl. cans),PRODUCE,35,1.3,4.4,0.6,3.3,4,0,4.1,200,50,8.7,27,0.2,0.1,0.5,2.9,2,0.04,0.04,0.15,0,0.16,27.3,0.17,31,0,1.1,0,0.3
1029,Vegetables/Cooked vegetables (incl. cans),PRODUCE,37,1.4,4.6,0.6,3.5,4.2,0,4.5,190,55,8.6,30,0.2,0.1,0.5,3.1,2,0.04,0.04,0.15,0,0.17,29.3,0.18,31.5,0,1.18,0,0.3
211,Fish/Fresh water fish,MEAT_FISH,98,19.2,0,2.3,0,0,0.1,20,390,11,28,250,0.4,0.6,27,1.5,13,0.07,0.07,0.45,1,4,10,,0,22.1,1.3,54,0.5
585,Milk and dairy products/Milk,DAIRY,480,24.7,35.1,26.2,0,35.1,0.9,370,1160,1060,88,710,0.7,3.1,8.7,27,240,0.27,1.4,0.2,1.5,0.7,40,2.7,11,1.2,0.5,70,15.7
14126,Milk and dairy products/Milk,DAIRY,65,3.2,5,3.5,0,5,0.1,38,160,110,10,92,0,0.3,1.6,12,31,0.01,0.11,0.02,0.2,0.13,3.2,0.36,0.2,0.1,0.09,13,2
62,Milk and dairy products/Milk,DAIRY,68,3.2,4.7,4,0,4.7,0.1,39,160,120,10,92,0,0.4,1.2,10,47,0.02,0.2,0.03,0.32,0.1,5.1,0.31,1,0.1,0.11,15,2.4
63,Milk and dairy products/Milk,DAIRY,68,3.2,4.6,4.1,0,4.6,0.1,39,160,120,10,91,0,0.4,1.1,9.5,46,0.02,0.22,0.03,0.16,0.12,4.3,0.36,1,0.1,0.13,16,2.5
1064,"Cereal products, pulses and potatoes/Pasta",GROCERY,152,5.9,26.8,1.2,5.4,0.3,1,420,110,15,48,160,1.4,1.4,,1.1,0,0.27,0.04,0.08,0,1.3,13,0.34,0,0,0.09,0,0.2
801,"Cereal products, pulses and potatoes/Pasta",GROCERY,338,12.6,60.6,2.5,11.5,0.7,0,5,390,34,120,370,3.9,3,,1.9,0,0.67,0.11,0.2,0,3.1,40,0.8,0,0,0.2,0,0.4
802,"Bread, flakes and breakfast cereals/Crispbreads, rusks, crackers and wafers",BAKERY,390,7.7,81.5,2.8,4.2,1.5,0.8,330,290,11,130,360,1.5,3,5.5,0,0,0.06,0.17,0.15,0,7.81,21,1,0,0,0.72,0,0.6
14278,"Bread, flakes and breakfast cereals/Crispbreads, rusks, crackers and wafers",BAKERY,379,6.6,81,2.4,3.4,15.3,0.7,270,310,16,110,300,1.4,2.6,4.5,0.5,1,0.07,0.16,0.16,0,6.53,23.4,0.86,2,0,0.87,0,0.5
14277,"Bread, flakes and breakfast cereals/Crispbreads, rusks, crackers and wafers",BAKERY,500,6.1,63.6,23.9,3.4,30.5,0.4,180,440,90,90,240,2.4,2,,4.5,19,0.06,0.21,0.08,0.04,3.34,12.2,0.54,0.8,0,0.4,4,14.1
821,"Bread, flakes and breakfast cereals/Bread and bread products",BAKERY,213,8.6,38.3,1.3,7,0.7,1.4,580,250,20,82,220,3.1,2.2,3.1,1.8,0,0.23,0.11,0.26,0,0.48,21.7,0.58,0,0,0.53,0,0.2
1082,Sausages and cold meats/Boiled sausage products,MEAT_FISH,242,13.9,0.6,20.4,0,0.6,2.2,870,190,7.9,13,190,0.8,1.8,7.3,0.4,1,0.23,0.11,0.11,0.64,3.47,1,0.5,17.5,1,0,51,7.8
14221,Prepared dishes/Fast Food,GROCERY,279,10.7,13.5,20.1,0.7,0.4,1.5,580,130,39,13,140,0.7,1.2,,6.1,18,0.12,0.09,0.06,0.46,1.46,5.8,0.47,6.5,0.8,1.09,67,8.3
1589,Sausages and cold meats/Boiled sausage products,MEAT_FISH,220,13,0.6,18.4,0,0.6,1.8,720,160,6.5,13,180,0.7,1.7,7.1,0.4,1,0.17,0.1,0.08,0.44,2.53,0.6,0.36,11.9,0.9,0,50,7
489,Meat and offal/Game,MEAT_FISH,108,19.5,0,3.3,0,0,0.2,94,360,10,22,170,1.8,2.3,9.8,6,8,0.1,0.2,0.4,5,5.1,5,0.7,0,0,0.21,65,1
509,Alcoholic beverages/Wine,GROCERY,70,0.2,0.3,0,0,0.3,0,5.1,120,8.1,15,14,0.9,0.1,,10,0,0,0.02,0.02,0,0.1,0,0.1,0,0,0,0,0
10477,Alcoholic beverages/Wine,GROCERY,76,0,0.2,0,0,0.2,0,3.1,,,,,,,,,,,,,,0.1,,,,,,0,0
508,Alcoholic beverages/Wine,GROCERY,55,0.2,0.2,0,0,0.2,0,5.1,120,8.1,15,14,0.9,0.1,,10,0,0,0.02,0.02,0,0.1,0,0.1,0,0,0,0,0
510,Alcoholic beverages/Wine,GROCERY,71,0.1,2,0,0,2,0,5.1,81,9.1,10,14,0.3,0.2,,10,0,0,0,0.02,0,0.1,0,0.03,0,0,0,0,0
511,Alcoholic beverages/Wine,GROCERY,72,0.2,0.1,0,0,0.1,0,2,96,10,10,15,0.6,0.2,,10,0,0,0.01,0.02,0.1,0.1,1,0.02,0,0,0,0,0
10478,Alcoholic beverages/Wine,GROCERY,36,0.1,0.1,0,0,0.1,0,1.5,48,8.6,5.6,7.6,0.3,0.1,,5.1,0,0,0.01,0.01,0.05,0.05,0.5,0.01,0,0,0,0,0
10479,Alcoholic beverages/Wine,GROCERY,54,0.1,4.6,0,0,4.6,0,2.5,52,7.5,10,8.1,0.4,0.1,,5.9,0,0,0.01,0.01,0.05,0.06,0.5,0.01,0,0,0,0,0
13939,Various/Sauces,GROCERY,124,1.4,29.4,0.1,0,20.5,3.8,1500,600,190,73,31,10,0.4,1,1,1,0,0.01,0.13,0,0.4,1,0.28,0,0,1.13,0,0
763,Various/Yeast;Various/Baking ingredients,GROCERY,96,16.7,1.1,1.2,6.9,0,0.1,22,570,16,41,370,2.9,2.4,1,0.6,0,0.83,1.39,0.63,0,9.75,642,2.29,0,0,0.1,0,0.2
910,"Cereal products, pulses and potatoes/Dough",BAKERY,311,8.7,43.2,11.1,1.9,6.4,0.9,380,160,34,22,110,1.1,0.9,3.5,5.8,106,0.15,0.14,0.12,0.14,0.54,37.9,0.61,0.2,0.4,0.61,57,6.1
1177,"Cereal products, pulses and potatoes/Dough",BAKERY,300,9.2,39.9,11.1,2.1,1.1,1,410,170,35,24,120,1.1,0.9,3.7,6.3,21,0.16,0.14,0.13,0.15,0.59,40.3,0.66,0.2,0.6,1.77,36,3.6
839,Special foods/Supplements;Various/Yeast,OTHER,354,47.9,26.5,4.2,9.5,3.2,0.2,77,1410,50,230,1900,18,8,,4,0,12,3.8,4.4,,45,3200,7.2,0,0,0.1,0,0.6
403,Fruit/Fresh fruit,PRODUCE,76,0.6,18,0.2,2.2,13.3,0,0,240,11,8.2,21,0.1,0.1,1.3,1,24,0.07,0.02,0.05,0,0.16,7.8,0.17,5.5,0,0.85,0,0
1192,Milk and dairy products/Yogurt and curdled milk,DAIRY,105,3.7,14.7,3.4,0.4,13.8,0.1,43,170,120,15,100,0.1,0.5,,6.1,28,0.01,0.15,0.08,0.3,0.1,10.9,0.29,2.1,0.1,0.27,10,2
58,Milk and dairy products/Yogurt and curdled milk,DAIRY,66,4,4.5,3.6,0,4.5,0.1,45,180,150,12,110,0,0.5,,7.5,38,0.02,0.13,0.04,0.5,0.09,5,0.33,0,0.2,0.11,11,2.2
14135,Fats and oils/Fats,DAIRY,602,1.2,1.5,65.7,0,1.4,0,18,51,41,3.6,40,0,0.3,,3.5,659,0.01,0.06,0.01,0.06,0.02,1.1,0.07,0.4,1.1,1.4,177,39.4
1612,Fats and oils/Salad dressings,GROCERY,58,3.2,4.5,3,0.1,4.5,0.5,200,160,110,11,92,0,0.4,,14,30,0.02,0.15,0.04,0.25,0.09,7.7,0.29,8.6,0.1,0.1,9,1.8
590,Milk and dairy products/Yogurt and curdled milk,DAIRY,47,4.4,7,0.1,0,7,0.1,45,210,100,11,120,0.1,0.4,,6,0,0.04,0.17,0.07,0.4,0.1,2,0.5,0,0,0.03,0,0.1
52,Milk and dairy products/Yogurt and curdled milk,DAIRY,66,3.9,4.5,3.6,0,4.5,0.1,49,170,140,12,110,0,0.4,,16,37,0.02,0.18,0.04,0.3,0.09,5,0.33,2,0.1,0.1,11,2.2
14174,Plant based protein foods and alternaives to animal products/Other dairy substitutes,DAIRY,99,2.3,10.3,5.4,0.1,7.2,0.1,24,64,15,16,61,0.3,0.3,0.4,,1,0.01,0.02,0,0,0.15,2.1,0.02,0.4,0,0.78,0,0.4
14171,Plant based protein foods and alternaives to animal products/Other dairy substitutes,DAIRY,60,1.3,4.8,4,,0.4,0.1,23,65,16,18,68,0.3,0.3,0,,0,0.01,0.02,0,0,0.16,1.9,0.02,0,0,0.86,0,0.3
14170,Plant based protein foods and alternaives to animal products/Other dairy substitutes,DAIRY,92,0.7,5,7.6,0.3,0.7,0.1,25,92,5,9.7,22,0,0.1,1.3,,0,0,0,0,0,0.1,0.5,0.03,0,0,0,0,7.1
14172,Plant based protein foods and alternaives to animal products/Other dairy substitutes,DAIRY,107,0.7,12.3,5.9,0.7,8,0.1,28,46,17,8.2,18,0.2,0.1,,,2,0,0,0,0,0.13,0,0.1,0,0,0,0,5.5
13451,Plant based protein foods and alternaives to animal products/Other dairy substitutes,DAIRY,43,4.1,2.1,1.9,0.8,0.7,0.1,34,110,14,17,48,0.4,0.3,1,,0,0,0,0,0,0,18.6,0.04,0,0,0.23,0,0.2
13452,Plant based protein foods and alternaives to animal products/Other dairy substitutes,DAIRY,40,3.9,1.1,2.1,0.6,0.3,0.1,21,130,120,16,87,0.4,0.3,,,0,0,0,0.03,0.38,0,15.1,0.07,0,0.8,0.23,0,0.3
13453,Plant based protein foods and alternaives to animal products/Other dairy substitutes,DAIRY,76,3.6,11.1,1.7,1.1,10.6,0.1,34,91,36,14,53,0.4,0.3,1,0,4,0,0,0.02,0,0,17.7,0.06,0,0,0.27,0,0.3
13454,Plant based protein foods and alternaives to animal products/Other dairy substitutes,DAIRY,85,3,12.9,2.3,0,11.6,0.1,28,89,87,13,63,0.4,0.2,,0,3,0,0.21,0,0.38,0,12.9,0.05,0,0.8,0.19,0,0.8
14204,Milk and dairy products/Yogurt and curdled milk,DAIRY,114,3.6,4.3,9.2,0,4.3,0.1,43,170,130,11,110,0,0.4,,7.4,98,0.02,0.13,0.04,0.45,0.09,5.4,0.32,0.1,0.2,0.25,27,5.6
14205,Milk and dairy products/Yogurt and curdled milk,DAIRY,138,3.3,12.5,8.3,0.2,12.5,0.1,41,170,120,12,97,0.1,0.4,,6.8,90,0.02,0.12,0.04,0.4,0.11,6.5,0.3,0.5,0.2,0.27,24,5
588,Milk and dairy products/Yogurt and curdled milk,DAIRY,49,4.5,7,0.1,0.9,7,0.1,45,210,110,11,120,0.1,0.4,,6,21,0.04,0.17,0.07,0.4,0.1,2,0.5,4,0,0.03,0,0.1
54,Milk and dairy products/Yogurt and curdled milk,DAIRY,120,3.9,16.9,3.9,0.8,15.5,0.1,44,200,130,18,110,0.3,0.5,,6,30,0.01,0.12,0.06,0.3,0.09,9,0.3,0,0.1,0.43,11,2.4
55,Milk and dairy products/Yogurt and curdled milk,DAIRY,119,3.8,15,4.6,0.9,14,0.1,46,150,110,16,100,0.1,0.5,,6.5,28,0.01,0.13,0.07,0.4,0.09,9,0.31,0,0.1,0.78,11,2.5
587,Milk and dairy products/Yogurt and curdled milk,DAIRY,42,4.7,5.5,0.1,0,5.5,0.2,60,210,160,15,130,0.1,0.5,,9.5,1,0.05,0.26,0.06,0.44,0.13,13,0.4,0,0.1,0,0,0.1
57,Milk and dairy products/Yogurt and curdled milk,DAIRY,99,3.7,14.1,3.1,0,13.2,0.1,42,170,130,13,100,0.1,0.4,,6,27,0.01,0.22,0.12,0.15,0.11,10.3,0.26,0,0.1,0.09,9,1.9
99,Milk and dairy products/Yogurt and curdled milk,DAIRY,95,3.4,13.1,3.3,0,12.4,0.1,42,200,120,18,100,0.2,0.5,,6,33,0.01,0.16,0.18,0.3,0.1,10.3,0.29,0,0.1,0.12,,2
53,Milk and dairy products/Yogurt and curdled milk,DAIRY,101,3.4,15.2,2.7,0.9,14.3,0.1,42,150,110,11,97,0.1,0.4,,5.5,27,0.01,0.15,0.04,0.27,0.15,13.6,0.25,12.3,0.1,0.1,8,1.6
56,Milk and dairy products/Yogurt and curdled milk,DAIRY,98,3.7,14,3,0,13.1,0.1,45,130,130,11,100,0,0.5,,6.5,23,0.02,0.14,0.03,0.4,0.09,13,0.34,0,0.1,0.08,9,1.8
759,Meat and offal/Pork,MEAT_FISH,361,19.1,0,31.6,0,0,3.4,1380,190,20,0,170,2.1,4.3,,0,0,0.26,0.21,0.14,0,3,8,0,0,0.9,1.17,95,10.4
506,Milk and dairy products/Fresh cheese and curds,DAIRY,122,10.9,3.3,7.2,0,3.3,0.1,33,120,170,11,130,0.2,0.3,,0,64,0,0,0.04,0,0,0,0,0,0,0.2,22,4.3
1661,Prepared dishes/Other savoury dishes,GROCERY,122,5.2,6.5,8.1,1.1,1.7,0.2,97,230,76,19,110,0.6,0.7,4.9,10,9,0.05,0.12,0.08,0.31,0.36,19.6,0.5,8,0.5,0.58,65,2.2
1657,Prepared dishes/Other savoury dishes,GROCERY,125,4.5,13.3,5.6,1.5,2,0.2,94,240,27,19,77,0.6,0.5,3.6,6.7,22,0.07,0.09,0.08,0.16,0.42,20,0.44,8.2,0.3,0.54,44,0.7
367,Vegetables/Fresh vegetables,PRODUCE,17,1.2,1.8,0.3,1.1,1.8,0,9,260,19,18,45,0.4,0.3,0.6,1.6,12,0.05,0.07,0.09,0,0.47,28.9,0.19,14.8,0,0.12,0,0.1
1654,Vegetables/Cooked vegetables (incl. cans),PRODUCE,18,1.3,1.9,0.3,1.1,1.9,0,8.7,250,20,18,48,0.3,0.3,0.6,1.8,12,0.04,0.07,0.09,0,0.43,19.7,0.19,12.6,0,0.14,0,0.1
1031,Vegetables/Cooked vegetables (incl. cans),PRODUCE,20,1.5,2.2,0.3,1.3,2.2,0,10,270,24,19,56,0.4,0.4,0.7,2.1,14,0.05,0.08,0.09,0,0.49,22.8,0.21,14.2,0,0.16,0,0.1
