ref,locale,name,normalised
10533,en,Agar Agar,agar agar
10533,fr,Agar Agar,agar agar
10533,de,Agar Agar,agar agar
10536,en,Agave syrup,agave syrup
10536,fr,Sirop d'agave,sirop d agave
10536,de,Agavensirup,agavensirup
10536,de,Agavendicksaft,agavendicksaft
273,en,Almond,almond
273,fr,Amande,amande
273,de,Mandel,mandel
14113,en,"Almond drink, plain",almond drink plain
14113,fr,"Boisson à base d'amande, nature",boisson a base d amande nature
14113,de,"Mandelgetränk, nature",mandelgetrank nature
14131,en,"Almond drink, plain, with calcium and vitamin fortified",almond drink plain with calcium and vitamin fortified
14131,fr,"Boisson à base d'amande, nature, enrichie en calcium et vitamines",boisson a base d amande nature enrichie en calcium et vitamines
14131,de,"Mandelgetränk, nature, mit Calcium und Vitaminen angereichert",mandelgetrank nature mit calcium und vitaminen angereichert
278,en,"Almond, dry roasted, salted",almond dry roasted salted
278,fr,"Amande, grillée sans graisse, salée",amande grillee sans graisse salee
278,de,"Mandel, geröstet ohne Fett, gesalzen",mandel gerostet ohne fett gesalzen
269,en,"Almond, roasted, salted",almond roasted salted
269,fr,"Amande, grillée, salée",amande grillee salee
269,de,"Mandel, geröstet, gesalzen",mandel gerostet gesalzen
13398,en,"Amaranth, seed, cooked (without addition of fat and salt)",amaranth seed cooked without addition of fat and salt
13398,fr,"Amarante, grain, cuit (sans adjonction de graisse ni de sel)",amarante grain cuit sans adjonction de graisse ni de sel
13398,de,"Amaranth, Samen, gekocht (ohne Zugabe von Fett und Salz)",amaranth samen gekocht ohne zugabe von fett und salz
13397,en,"Amaranth, seed, raw",amaranth seed raw
13397,fr,"Amarante, grain, cru",amarante grain cru
13397,de,"Amaranth, Samen, roh",amaranth samen roh
868,en,Amaretti (hard),amaretti hard
868,fr,Amaretti (durs),amaretti durs
868,de,Amaretti (hart),amaretti hart
14295,en,Amaretti (soft),amaretti soft
14295,fr,Amaretti (moelleux),amaretti moelleux
14295,de,Amaretti (weich),amaretti weich
10532,en,Anchovis paste,anchovis paste
10532,fr,Crème d'anchois,creme d anchois
10532,de,Sardellenpaste,sardellenpaste
554,en,"Appenzeller, at least 15% fidm",appenzeller at least 15 fidm
554,fr,"Appenzeller, quart-gras",appenzeller quart gras
554,de,"Appenzeller, viertelfett",appenzeller viertelfett
553,en,"Appenzeller, at least 45% fidm",appenzeller at least 45 fidm
553,fr,"Appenzeller, gras",appenzeller gras
553,de,"Appenzeller, vollfett",appenzeller vollfett
568,en,Apple juice,apple juice
568,fr,Jus de pomme,jus de pomme
568,de,Apfelsaft,apfelsaft
568,de,Süssmost,sussmost
1480,en,"Apple pie, homemade, baked (with cake dough)",apple pie homemade baked with cake dough
1480,fr,"Tarte aux pommes, faite maison, cuite au four (pâte brisée)",tarte aux pommes faite maison cuite au four pate brisee
1480,de,"Apfelwähe/-kuchen, hausgemacht, gebacken (mit Kuchenteig)",apfelwahe kuchen hausgemacht gebacken mit kuchenteig
1480,de,Apfelwähe,apfelwahe
1479,en,"Apple pie, homemade, baked (with puff pastry)",apple pie homemade baked with puff pastry
1479,fr,"Tarte aux pommes, faite maison, cuite au four (pâte feuilletée)",tarte aux pommes faite maison cuite au four pate feuilletee
1479,de,"Apfelwähe/-kuchen, hausgemacht, gebacken (mit Blätterteig)",apfelwahe kuchen hausgemacht gebacken mit blatterteig
1479,de,Apfelwähe,apfelwahe
378,en,"Apple, fresh",apple fresh
378,fr,"Pomme, crue",pomme crue
378,de,"Apfel, roh",apfel roh
435,en,"Apple, peeled, dried",apple peeled dried
435,fr,"Pomme, pelée, sechée",pomme pelee sechee
435,de,"Apfel, geschält, getrocknet",apfel geschalt getrocknet
435,de,Dörrapfel,dorrapfel
1049,en,"Apple, stewed, drained (without addition of sugar)",apple stewed drained without addition of sugar
1049,fr,"Pomme, cuite,  égouttée (sans adjonction de sucre)",pomme cuite egouttee sans adjonction de sucre
1049,de,"Apfel, gedünstet, abgetropft (ohne Zugabe von Zucker)",apfel gedunstet abgetropft ohne zugabe von zucker
627,en,"Applesauce, sweetened, canned",applesauce sweetened canned
627,fr,"Compote de pommes, sucrée, conserve",compote de pommes sucree conserve
627,de,"Apfelmus, gezuckert (Konserve)",apfelmus gezuckert konserve
628,en,"Applesauce, unsweetened, canned",applesauce unsweetened canned
628,fr,"Compote de pommes, non sucrée, conserve",compote de pommes non sucree conserve
628,de,"Apfelmus, ungezuckert (Konserve)",apfelmus ungezuckert konserve
621,en,"Apricot in syrup, canned, drained",apricot in syrup canned drained
621,fr,"Abricot, au sirop, en conserve, égoutté",abricot au sirop en conserve egoutte
621,de,"Aprikose in Sirup, Konserve, abgetropft",aprikose in sirup konserve abgetropft
621,de,Marille,marille
1482,en,"Apricot pie, homemade, baked (with cake dough)",apricot pie homemade baked with cake dough
1482,fr,"Tarte aux abricots, faite maison, cuite au four (pâte brisée)",tarte aux abricots faite maison cuite au four pate brisee
1482,de,"Aprikosenwähe/-kuchen, hausgemacht, gebacken (mit Kuchenteig)",aprikosenwahe kuchen hausgemacht gebacken mit kuchenteig
1482,de,Aprikosenwähe,aprikosenwahe
1482,de,Marille,marille
1481,en,"Apricot pie, homemade, baked (with puff pastry)",apricot pie homemade baked with puff pastry
1481,fr,"Tarte aux abricots, faite maison, cuite au four (pâte feuilletée)",tarte aux abricots faite maison cuite au four pate feuilletee
1481,de,"Aprikosenwähe/-kuchen, hausgemacht, gebacken (mit Blätterteig)",aprikosenwahe kuchen hausgemacht gebacken mit blatterteig
1481,de,Aprikosenwähe,aprikosenwahe
1481,de,Marille,marille
14097,en,"Apricot with sweetener, canned, drained",apricot with sweetener canned drained
14097,fr,"Abricot, avec édulcorant, en conserve, égoutté",abricot avec edulcorant en conserve egoutte
14097,de,"Aprikose mit Süssungsmittel, Konserve, abgetropft",aprikose mit sussungsmittel konserve abgetropft
469,en,"Apricot, dried",apricot dried
469,fr,"Abricot, sec",abricot sec
469,de,"Aprikose, getrocknet",aprikose getrocknet
469,de,Dörraprikose,dorraprikose
469,de,Marille,marille
379,en,"Apricot, raw",apricot raw
379,fr,"Abricot, cru",abricot cru
379,de,"Aprikose, roh",aprikose roh
379,de,Marille,marille
1051,en,"Apricot, stewed, drained (without addition of sugar)",apricot stewed drained without addition of sugar
1051,fr,"Abricot, cuit,  égoutté (sans adjonction de sucre)",abricot cuit egoutte sans adjonction de sucre
1051,de,"Aprikose, gedünstet, abgetropft (ohne Zugabe von Zucker)",aprikose gedunstet abgetropft ohne zugabe von zucker
1051,de,Marille,marille
13449,en,"Artichoke, heart, canned, drained",artichoke heart canned drained
13449,fr,"Artichaut, coeur, en conserve, égoutté",artichaut coeur en conserve egoutte
13449,de,"Artischocken, Herz, abgetropft (Konserve)",artischocken herz abgetropft konserve
443,en,"Asparagus (white or green), raw",asparagus white or green raw
443,fr,"Asperge (blanche ou verte), crue",asperge blanche ou verte crue
443,de,"Spargel (weiss und grün), roh",spargel weiss und grun roh
1024,en,"Asparagus (white or green), steamed (without addition of salt)",asparagus white or green steamed without addition of salt
1024,fr,"Asperge (blanche ou verte), à la vapeur (sans adjonction de sel)",asperge blanche ou verte a la vapeur sans adjonction de sel
1024,de,"Spargel (weiss und grün), gedämpft (ohne Zugabe von Salz)",spargel weiss und grun gedampft ohne zugabe von salz
14162,en,"Asparagus, green, raw",asparagus green raw
14162,fr,"Asperge, verte, crue",asperge verte crue
14162,de,"Spargel, grün, roh",spargel grun roh
14161,en,"Asparagus, with, raw",asparagus with raw
14161,fr,"Asperge, blanche, crue",asperge blanche crue
14161,de,"Spargel, weiss, roh",spargel weiss roh
380,en,"Avocado, fresh",avocado fresh
380,fr,"Avocat, cru",avocat cru
380,de,"Avocado, roh",avocado roh
704,en,Bacon for cooking,bacon for cooking
704,fr,"Lard à cuire, fumé",lard a cuire fume
704,de,Kochspeck,kochspeck
707,en,"Bacon, raw",bacon raw
707,fr,Lard à manger cru,lard a manger cru
707,fr,"Lard de campagne, fumé",lard de campagne fume
707,de,Rohessspeck,rohessspeck
707,de,Bauernspeck,bauernspeck
707,de,"Bauernspeck, roh, geräuchert",bauernspeck roh gerauchert
845,en,Baguette,baguette
845,fr,Baguette parisienne,baguette parisienne
845,de,Pariserbrot,pariserbrot
845,de,Baguette,baguette
845,de,Parisette,parisette
13455,en,Balsamic vinegar,balsamic vinegar
13455,fr,Vinaigre balsamique,vinaigre balsamique
13455,de,Balsamicoessig,balsamicoessig
13455,de,Balsamessig,balsamessig
13455,de,Aceto Balsamico,aceto balsamico
1577,en,"Bami Goreng, prepared",bami goreng prepared
1577,fr,"Bami Goreng, préparé",bami goreng prepare
1577,de,"Bami Goreng, zubereitet",bami goreng zubereitet
741,en,"Banana, dried",banana dried
741,fr,"Banane, mi-sèche",banane mi seche
741,fr,"Banane, séchée",banane sechee
741,de,"Banane, getrocknet",banane getrocknet
740,en,"Banana, dried (banana chips)",banana dried banana chips
740,fr,"Banane, déshydratée (chips)",banane deshydratee chips
740,de,"Banane, gedörrt",banane gedorrt
740,de,Bananenchips,bananenchips
381,en,"Banana, raw",banana raw
381,fr,"Banane, crue",banane crue
381,de,"Banane, roh",banane roh
13937,en,Barbecue sauce,barbecue sauce
13937,fr,Sauce barbecue,sauce barbecue
13937,de,Barbecue Grillsauce,barbecue grillsauce
739,en,Barley flakes,barley flakes
739,fr,"Orge, flocons",orge flocons
739,de,Gerstenflocken,gerstenflocken
1587,en,"Barley risotto, cooked",barley risotto cooked
1587,fr,"Potée à l'orge, cuite",potee a l orge cuite
1587,de,"Gerstotto, gekocht",gerstotto gekocht
464,en,"Basil, raw",basil raw
464,fr,"Basilic, cru",basilic cru
464,de,"Basilikum, roh",basilikum roh
1248,en,Basler Leckerli (Swiss biscuit from Basel),basler leckerli swiss biscuit from basel
1248,fr,Leckerli de Bâle,leckerli de bale
1248,de,Basler Leckerli,basler leckerli
473,en,"Bean, green, dried",bean green dried
473,fr,"Haricot (vert) sec, cru",haricot vert sec cru
473,de,"Bohne, grün, getrocknet",bohne grun getrocknet
473,de,Dörrbohne,dorrbohne
353,en,"Bean, green, raw",bean green raw
353,fr,"Haricot vert, cru",haricot vert cru
353,de,"Bohne, grün, roh",bohne grun roh
353,de,Gartenbohne,gartenbohne
12981,en,"Béchamel sauce, home-made",bechamel sauce home made
12981,fr,"Sauce Béchamel, faite maison",sauce bechamel faite maison
12981,de,"Béchamelsauce, hausgemacht",bechamelsauce hausgemacht
1103,en,"Beef (average excluding offal, chop), raw",beef average excluding offal chop raw
1103,fr,"Viande de bœuf (moyenne sans abats ni côte), crue",viande de boeuf moyenne sans abats ni cote crue
1103,de,"Rindfleisch (Durchschnitt exkl. Innereien, Rippensteak), roh",rindfleisch durchschnitt exkl innereien rippensteak roh
1672,en,"Beef ragout with sauce, prepared",beef ragout with sauce prepared
1672,fr,"Ragoût de boeuf avec sauce, préparé",ragout de boeuf avec sauce prepare
1672,de,"Rindsragout mit Sauce, zubereitet",rindsragout mit sauce zubereitet
1672,de,Voressen,voressen
14280,en,"Beef tartare, prepared",beef tartare prepared
14280,fr,"Tartare de boeuf, préparé",tartare de boeuf prepare
14280,de,"Rindstatar, zubereitet",rindstatar zubereitet
13292,en,"Beef, boiling meat lean, cooked (without addition of fat and salt)",beef boiling meat lean cooked without addition of fat and salt
13292,fr,"Boeuf, bouilli maigre, cuit (sans adjonction de graisse ni de sel)",boeuf bouilli maigre cuit sans adjonction de graisse ni de sel
13292,de,"Rind, Siedfleisch, mager, gekocht (ohne Zusatz von Fett and Salz)",rind siedfleisch mager gekocht ohne zusatz von fett and salz
13291,en,"Beef, boiling meat with fat, cooked (without addition of fat and salt)",beef boiling meat with fat cooked without addition of fat and salt
13291,fr,"Boeuf, bouilli entremêlé, cuit (sans adjonction de graisse ni de sel)",boeuf bouilli entremele cuit sans adjonction de graisse ni de sel
13291,de,"Rind, Siedfleisch, durchzogen, gekocht (ohne Zusatz von Fett und Salz)",rind siedfleisch durchzogen gekocht ohne zusatz von fett und salz
36,en,"Beef, boiling meat, lean, raw",beef boiling meat lean raw
36,fr,"Boeuf, bouilli, maigre, cru",boeuf bouilli maigre cru
36,de,"Rind, Siedfleisch, mager, roh",rind siedfleisch mager roh
35,en,"Beef, boiling meat, with fat, raw",beef boiling meat with fat raw
35,fr,"Boeuf, bouilli, entremêlé, cru",boeuf bouilli entremele cru
35,de,"Rind, Siedfleisch, durchzogen,  roh",rind siedfleisch durchzogen roh
1072,en,"Beef, breast, cooked (without addition of fat and salt)",beef breast cooked without addition of fat and salt
1072,fr,"Boeuf, poitrine, cuite (sans adjonction de graisse ni de sel)",boeuf poitrine cuite sans adjonction de graisse ni de sel
1072,de,"Rind, Brust, gekocht (ohne Zugabe von Fett und Salz)",rind brust gekocht ohne zugabe von fett und salz
719,en,"Beef, breast, raw",beef breast raw
719,fr,"Boeuf, poitrine, crue",boeuf poitrine crue
719,de,"Rind, Brust, roh",rind brust roh
37,en,"Beef, chopped, raw",beef chopped raw
37,fr,"Boeuf, émincé, cru",boeuf emince cru
37,de,"Rind, Geschnetzeltes, roh",rind geschnetzeltes roh
13258,en,"Beef, entrcôte, steak, pan fried ""medium"" (without addition of fat and salt)",beef entrcote steak pan fried medium without addition of fat and salt
13258,fr,"Boeuf, entrecôte, grillée ""à point"" (sans adjonction de graisse ni sel)",boeuf entrecote grillee a point sans adjonction de graisse ni sel
13258,de,"Rind, Entrecôte, ""medium"" gebraten (ohne Zusatz von Fett und Salz)",rind entrecote medium gebraten ohne zusatz von fett und salz
30,en,"Beef, entrecôte, steak, raw",beef entrecote steak raw
30,fr,"Boeuf, entrecôte, crue",boeuf entrecote crue
30,de,"Rind, Entrecôte, roh",rind entrecote roh
34,en,"Beef, eye of round, raw",beef eye of round raw
34,fr,"Boeuf, pièce ronde, tranche, crue",boeuf piece ronde tranche crue
34,de,"Rind, Runder Mocken, roh",rind runder mocken roh
34,de,Saftplätzli,saftplatzli
13262,en,"Beef, Filet, fried in oven ""medium"" (without addition of fat and salt)",beef filet fried in oven medium without addition of fat and salt
13262,fr,"Boeuf, filet, grillé ""à point"" (sans adjonction de graisse ni sel)",boeuf filet grille a point sans adjonction de graisse ni sel
13262,de,"Rind, Filet, ""medium"" gebraten (ohne Zustatz von Fett und Salz)",rind filet medium gebraten ohne zustatz von fett und salz
639,en,"Beef, filet, raw",beef filet raw
639,fr,"Boeuf, filet, cru",boeuf filet cru
639,de,"Rind, Filet, roh",rind filet roh
657,en,"Beef, liver, raw",beef liver raw
657,fr,"Boeuf, foie, cru",boeuf foie cru
657,de,"Rind, Leber, roh",rind leber roh
6,en,"Beef, minced, lean, raw",beef minced lean raw
6,fr,"Boeuf, haché, maigre, cru",boeuf hache maigre cru
6,de,"Rind, Gehacktes, mager, roh",rind gehacktes mager roh
6,de,Hackfleisch,hackfleisch
13297,en,"Beef, minced, pan fried (without addition of fat and salt)",beef minced pan fried without addition of fat and salt
13297,fr,"Boeuf, hâché, grillé (sans adjonction de graisse ni de sel)",boeuf hache grille sans adjonction de graisse ni de sel
13297,de,"Rind, Gehacktes, gebraten (ohne Zusatz von Fett und Salz)",rind gehacktes gebraten ohne zusatz von fett und salz
13297,de,Hackfleisch,hackfleisch
14237,en,"Beef, minced, raw",beef minced raw
14237,fr,"Boeuf, haché, cru",boeuf hache cru
14237,de,"Rind, Gehacktes, roh",rind gehacktes roh
14237,de,Hackfleisch,hackfleisch
32,en,"Beef, prime rib, raw",beef prime rib raw
32,fr,"Boeuf, entrecôte parisienne, crue",boeuf entrecote parisienne crue
32,de,"Rind, Hohrücken, roh",rind hohrucken roh
648,en,"Beef, ragout (goulash), raw",beef ragout goulash raw
648,fr,"Boeuf, cou, ragoût (goulache), cru",boeuf cou ragout goulache cru
648,de,"Rind, Hals, roh",rind hals roh
648,de,Voressen,voressen
648,de,Gulasch,gulasch
38,en,"Beef, ragout, raw",beef ragout raw
38,fr,"Boeuf, ragoût, cru",boeuf ragout cru
38,de,"Rind, Voressen, roh",rind voressen roh
38,de,Ragout,ragout
640,en,"Beef, round, schnitzel, raw",beef round schnitzel raw
640,fr,"Boeuf, coin, tranche, cru",boeuf coin tranche cru
640,de,"Rind, Eckstück, roh",rind eckstuck roh
640,de,Plätzli,platzli
638,en,"Beef, shoulder (roast), raw",beef shoulder roast raw
638,fr,"Boeuf, épaule, rôti, cru",boeuf epaule roti cru
638,de,"Rind, Schulter, Braten, roh",rind schulter braten roh
1075,en,"Beef, shoulder, medium roast in oven (without addition of fat and salt)",beef shoulder medium roast in oven without addition of fat and salt
1075,fr,"Boeuf, épaule, rôtie au four ""à point"" (sans adjonction de graisse ni de sel)",boeuf epaule rotie au four a point sans adjonction de graisse ni de sel
1075,de,"Rind, Schulter, Braten ""medium"", im Ofen gebraten (ohne Zugabe von Fett und Salz)",rind schulter braten medium im ofen gebraten ohne zugabe von fett und salz
1074,en,"Beef, shoulder, rare roast in oven (without addition of fat and salt)",beef shoulder rare roast in oven without addition of fat and salt
1074,fr,"Boeuf, épaule, rôtie au four, saignant (sans adjonction de graisse ni de sel)",boeuf epaule rotie au four saignant sans adjonction de graisse ni de sel
1074,de,"Rind, Schulter, Braten ""rare"", im Ofen gebraten (ohne Zugabe von Fett und Salz)",rind schulter braten rare im ofen gebraten ohne zugabe von fett und salz
1076,en,"Beef, shoulder, well done roast in oven (without addition of fat and salt)",beef shoulder well done roast in oven without addition of fat and salt
1076,fr,"Boeuf, épaule, rôtie au four ""bien cuit"" (sans adjonction de graisse ni de sel)",boeuf epaule rotie au four bien cuit sans adjonction de graisse ni de sel
1076,de,"Rind, Schulter, Braten ""well done"", im Ofen gebraten (ohne Zugabe von Fett und Salz)",rind schulter braten well done im ofen gebraten ohne zugabe von fett und salz
656,en,"Beef, tongue, raw",beef tongue raw
656,fr,"Boeuf, langue, crue",boeuf langue crue
656,de,"Rind, Zunge, roh",rind zunge roh
1183,en,Beer shandy (average),beer shandy average
1183,fr,Bière panachée (moyenne),biere panachee moyenne
1183,de,Bier Panache (Durchschnitt),bier panache durchschnitt
817,en,"Beer, five grain",beer five grain
817,fr,Bière aux cinq céréales,biere aux cinq cereales
817,de,Fünfkornbier,funfkornbier
816,en,"Beer, lager",beer lager
816,fr,Bière blonde,biere blonde
816,de,"Bier, Lager",bier lager
13420,en,"Beer, non-alcoholic",beer non alcoholic
13420,fr,"Bière, sans alcool",biere sans alcool
13420,de,"Bier, alkoholfrei",bier alkoholfrei
451,en,"Beetroot, raw",beetroot raw
451,fr,"Betterave rouge, crue",betterave rouge crue
451,fr,Racine rouge,racine rouge
451,de,"Rande, roh",rande roh
451,de,Rote Beete,rote beete
1019,en,"Beetroot, steamed (without addition of salt)",beetroot steamed without addition of salt
1019,fr,"Betterave rouge, à la vapeur (sans adjonction de sel)",betterave rouge a la vapeur sans adjonction de sel
1019,de,"Rande, gedämpft (ohne Zugabe von Salz)",rande gedampft ohne zugabe von salz
1019,de,Rote Beete,rote beete
359,en,"Bell pepper, green, raw",bell pepper green raw
359,fr,"Poivron, vert, cru",poivron vert cru
359,de,"Peperoni, grün, roh",peperoni grun roh
1017,en,"Bell pepper, green, stewed (without addition of fat and salt)",bell pepper green stewed without addition of fat and salt
1017,fr,"Poivron, vert, à l'étuvée (sans adjonction de graisse ni de sel)",poivron vert a l etuvee sans adjonction de graisse ni de sel
1017,de,"Peperoni, grün, gedünstet (ohne Zugabe von Fett und Salz)",peperoni grun gedunstet ohne zugabe von fett und salz
360,en,"Bell pepper, red, raw",bell pepper red raw
360,fr,"Poivron, rouge, cru",poivron rouge cru
360,de,"Peperoni, rot, roh",peperoni rot roh
1018,en,"Bell pepper, red, stewed (without addition of fat and salt)",bell pepper red stewed without addition of fat and salt
1018,fr,"Poivron, rouge, à l'étuvée (sans adjonction de graisse ni de sel)",poivron rouge a l etuvee sans adjonction de graisse ni de sel
1018,de,"Peperoni, rot, gedünstet (ohne Zugabe von Fett und Salz)",peperoni rot gedunstet ohne zugabe von fett und salz
851,en,Berliner pastry,berliner pastry
851,fr,Boule de Berlin,boule de berlin
851,de,Berliner,berliner
851,de,Pfannkuchen,pfannkuchen
1211,en,Bernese alp cheese,bernese alp cheese
1211,fr,Fromage des alpes bernoises,fromage des alpes bernoises
1211,de,Berner Alpkäse,berner alpkase
1212,en,Bernese cheese for slicing,bernese cheese for slicing
1212,fr,Berner Hobelkäse (fromage à rebibes),berner hobelkase fromage a rebibes
1212,de,Berner Hobelkäse,berner hobelkase
790,en,Bernese tongue sausage,bernese tongue sausage
790,fr,Saucisse bernoise (à la langue),saucisse bernoise a la langue
790,de,Berner Zungenwurst,berner zungenwurst
1122,en,"Berries (average), cooked (without addition of sugar)",berries average cooked without addition of sugar
1122,fr,"Baie (moyenne), cuite (sans adjonction de sucre)",baie moyenne cuite sans adjonction de sucre
1122,de,"Beeren (Durchschnitt), gekocht (ohne Zugabe von Zucker)",beeren durchschnitt gekocht ohne zugabe von zucker
1119,en,"Berries (average), raw",berries average raw
1119,fr,"Baie (moyenne), crue",baie moyenne crue
1119,de,"Beeren (Durchschnitt), roh",beeren durchschnitt roh
859,en,"Biber (Ginger bread type, filled with almond and/or hazelnut)",biber ginger bread type filled with almond and or hazelnut
859,fr,Biber (fourré aux amandes et/ou noisettes),biber fourre aux amandes et ou noisettes
859,fr,Biberli,biberli
859,de,Biber (Mandel- und/oder Haselnussfüllung),biber mandel und oder haselnussfullung
859,de,Biberli,biberli
789,en,"Bierwurst (coarse heat-treated, cured & smoked sausage, beef and pork)",bierwurst coarse heat treated cured smoked sausage beef and pork
789,fr,Saucisse du brasseur,saucisse du brasseur
789,de,Bierwurst,bierwurst
1198,en,"Birchermüesli, prepared (no sugar added)",birchermuesli prepared no sugar added
1198,fr,"Birchermüesli, préparé (non sucré)",birchermuesli prepare non sucre
1198,de,"Birchermüesli, zubereitet (ungezuckert)",birchermuesli zubereitet ungezuckert
862,en,"Birnwegge, pastry with pear",birnwegge pastry with pear
862,fr,Chausson aux poires,chausson aux poires
862,de,Birnwegge,birnwegge
862,de,Birewegge,birewegge
862,de,Birnenwegggen,birnenwegggen
881,en,Biscuit Willisau,biscuit willisau
881,fr,Anneau de Willisau,anneau de willisau
881,fr,Boucle de Willisau,boucle de willisau
881,de,Willisauer Ringli,willisauer ringli
883,en,Black forest cake,black forest cake
883,fr,Tourte fôret noire,tourte foret noire
883,de,Schwarzwälder Kirschtorte,schwarzwalder kirschtorte
778,en,Black pudding,black pudding
778,fr,Boudin,boudin
778,de,Blutwurst,blutwurst
452,en,"Black salsify, raw",black salsify raw
452,fr,"Salsifis noir, cru",salsifis noir cru
452,fr,Scorsonère,scorsonere
452,de,"Schwarzwurzel, roh",schwarzwurzel roh
1023,en,"Black salsify, steamed (without addition of salt)",black salsify steamed without addition of salt
1023,fr,"Salsifis noir, à la vapeur (sans adjonction de sel)",salsifis noir a la vapeur sans adjonction de sel
1023,de,"Schwarzwurzel, gedämpft (ohne Zugabe von Salz)",schwarzwurzel gedampft ohne zugabe von salz
1485,en,"Blackberry pie, homemade (with sweet short pastry base)",blackberry pie homemade with sweet short pastry base
1485,fr,"Tarte aux mûres, faite maison (avec pâte brisée sucrée)",tarte aux mures faite maison avec pate brisee sucree
1485,de,"Brombeerwähe/-kuchen, hausgemacht (mit süssem Mürbeteig)",brombeerwahe kuchen hausgemacht mit sussem murbeteig
1596,en,"Blackberry pie, homemade, baked (with cake dough)",blackberry pie homemade baked with cake dough
1596,fr,"Tarte aux mûres, faite maison, cuite au four (pâte brisée)",tarte aux mures faite maison cuite au four pate brisee
1596,de,"Brombeerwähe/-kuchen, hausgemacht, gebacken (mit Kuchenteig)",brombeerwahe kuchen hausgemacht gebacken mit kuchenteig
1596,de,Brombeerwähe,brombeerwahe
1594,en,"Blackberry pie, homemade, baked (with puff pastry)",blackberry pie homemade baked with puff pastry
1594,fr,"Tarte aux mûres, faite maison, cuite au four (pâte feuilletée)",tarte aux mures faite maison cuite au four pate feuilletee
1594,de,"Brombeerwähe/-kuchen, hausgemacht, gebacken (mit Blätterteig)",brombeerwahe kuchen hausgemacht gebacken mit blatterteig
1594,de,Brombeerwähe,brombeerwahe
383,en,"Blackberry, fresh",blackberry fresh
383,fr,"Mûre, crue",mure crue
383,de,"Brombeere, roh",brombeere roh
13395,en,"Blanc battu, plain, low fat",blanc battu plain low fat
13395,fr,"Blanc battu, nature, maigre",blanc battu nature maigre
13395,de,"Blanc battu, nature, mager",blanc battu nature mager
1191,en,Blue cheese (average),blue cheese average
1191,fr,Fromage bleu (moyenne),fromage bleu moyenne
1191,de,Blauschimmelkäse (Durchschnitt),blauschimmelkase durchschnitt
14101,en,"Blueberry, freeze-dried",blueberry freeze dried
14101,fr,"Myrtille, lyophilisée",myrtille lyophilisee
14101,de,"Heidelbeere, gefriergetrocknet",heidelbeere gefriergetrocknet
389,en,"Blueberry, raw",blueberry raw
389,fr,"Myrtille, crue",myrtille crue
389,de,"Heidelbeere, roh",heidelbeere roh
1697,en,"Boiling meat salad, prepared",boiling meat salad prepared
1697,fr,"Salade de boeuf bouilli, préparée",salade de boeuf bouilli preparee
1697,de,"Siedfleischsalat, zubereitet",siedfleischsalat zubereitet
668,en,"Bouillon, meat, prepared",bouillon meat prepared
668,fr,"Bouillon de viande, preparé",bouillon de viande prepare
668,de,"Bouillon, Fleisch, zubereitet",bouillon fleisch zubereitet
668,de,Klare Brühe,klare bruhe
665,en,"Bouillon, poultry, prepared",bouillon poultry prepared
665,fr,"Bouillon de poule, preparé",bouillon de poule prepare
665,de,"Bouillon, Geflügel, zubereitet",bouillon geflugel zubereitet
665,de,Klare Brühe,klare bruhe
664,en,"Bouillon, vegetable, prepared",bouillon vegetable prepared
664,fr,"Bouillon de légumes, preparé",bouillon de legumes prepare
664,de,"Bouillon, Gemüse, zubereitet",bouillon gemuse zubereitet
664,de,Klare Brühe,klare bruhe
1460,en,"Braided bread, wholemeal, made with butter",braided bread wholemeal made with butter
1460,fr,"Tresse au beurre, au blé entier",tresse au beurre au ble entier
1460,de,"Butterzopf, Vollkorn",butterzopf vollkorn
820,en,Braided white bread made with butter,braided white bread made with butter
820,fr,Tresse au beurre,tresse au beurre
820,de,Butterzopf,butterzopf
279,en,Brazil nut,brazil nut
279,fr,Noix du Brésil,noix du bresil
279,de,Paranuss,paranuss
10446,en,Bread (average),bread average
10446,fr,Pain (moyenne),pain moyenne
10446,de,Brot (Durchschnitt),brot durchschnitt
14109,en,"Bread for toasting, dark or multigrain",bread for toasting dark or multigrain
14109,fr,"Pain de mie, foncé ou multicéréales",pain de mie fonce ou multicereales
14109,fr,"Pain toast, foncé ou multicéréales",pain toast fonce ou multicereales
14109,de,"Toastbrot,dunkel oder Mehrkorn",toastbrot dunkel oder mehrkorn
827,en,"Bread for toasting, white, made with butter",bread for toasting white made with butter
827,fr,Pain de mie au beurre,pain de mie au beurre
827,fr,Pain toast,pain toast
827,de,Toastbrot mit Butter,toastbrot mit butter
826,en,"Bread for toasting, white, made with vegetable oil",bread for toasting white made with vegetable oil
826,fr,Pain de mie à l'huile végétale,pain de mie a l huile vegetale
826,fr,Pain toast,pain toast
826,de,Toastbrot mit Pflanzenölen,toastbrot mit pflanzenolen
825,en,"Bread for toasting, wholemeal",bread for toasting wholemeal
825,fr,"Pain de mie, complet",pain de mie complet
825,fr,"Pain toast, complet",pain toast complet
825,de,"Toastbrot, Vollkorn",toastbrot vollkorn
842,en,Bread roll (semi white),bread roll semi white
842,fr,"Petit pain ""Bürli"" (farine mi-blanche)",petit pain burli farine mi blanche
842,de,Bürli (halbweiss),burli halbweiss
843,en,Bread roll from St. Gallen (semi white),bread roll from st gallen semi white
843,fr,Bürli de St. Gall (farine mi-blanche),burli de st gall farine mi blanche
843,de,St. Galler Bürli (halbweiss),st galler burli halbweiss
14038,en,Bread roll with chocolate,bread roll with chocolate
14038,fr,"Petit pain au lait, avec pépites de chocolat",petit pain au lait avec pepites de chocolat
14038,de,Schoggibrötli,schoggibrotli
844,en,"Bread roll, white",bread roll white
844,fr,Petit pain,petit pain
844,fr,Rosette,rosette
844,de,Mütschli,mutschli
831,en,Bread with walnuts,bread with walnuts
831,fr,Pain aux noix,pain aux noix
831,de,Baumnussbrot,baumnussbrot
750,en,Breadcrumbs,breadcrumbs
750,fr,Chapelure,chapelure
750,fr,Panure,panure
750,de,Paniermehl,paniermehl
750,de,Semmelmehl,semmelmehl
705,en,Bresaola (cured beef),bresaola cured beef
705,fr,Bresaola,bresaola
705,de,Bresaola,bresaola
613,en,"Brie, at least 45% fidm",brie at least 45 fidm
613,fr,"Brie, gras",brie gras
613,de,"Brie, vollfett",brie vollfett
616,en,"Brie, at least 50% fidm",brie at least 50 fidm
616,fr,"Brie, à la crème",brie a la creme
616,de,"Brie, Rahm",brie rahm
351,en,"Broccoli, raw",broccoli raw
351,fr,"Brocoli, cru",brocoli cru
351,de,"Broccoli, roh",broccoli roh
1005,en,"Broccoli, steamed (without addition of salt)",broccoli steamed without addition of salt
1005,fr,"Brocoli, à la vapeur (sans adjonction de sel)",brocoli a la vapeur sans adjonction de sel
1005,de,"Broccoli, gedämpft (ohne Zugabe von Salz)",broccoli gedampft ohne zugabe von salz
829,en,Brown bread,brown bread
829,fr,Pain bis,pain bis
829,de,Ruchbrot,ruchbrot
14077,en,Brown bread (with iodized salt),brown bread with iodized salt
14077,fr,Pain bis (avec sel iodé),pain bis avec sel iode
14077,de,Ruchbrot (mit jodiertem Kochsalz),ruchbrot mit jodiertem kochsalz
864,en,"Brunsli (chocolate cookie), homemade",brunsli chocolate cookie homemade
864,fr,"Brun de Bâle, fait maison",brun de bale fait maison
864,de,"Brunsli, hausgemacht",brunsli hausgemacht
1021,en,"Brussel sprouts, steamed (without addition of salt)",brussel sprouts steamed without addition of salt
1021,fr,"Chou de Bruxelles, à la vapeur (sans adjonction de sel)",chou de bruxelles a la vapeur sans adjonction de sel
1021,de,"Rosenkohl, gedämpft (ohne Zugabe von Salz)",rosenkohl gedampft ohne zugabe von salz
363,en,"Brussels sprouts, raw",brussels sprouts raw
363,fr,"Chou de Bruxelles, cru",chou de bruxelles cru
363,de,"Rosenkohl, roh",rosenkohl roh
420,en,Buckwheat flour,buckwheat flour
420,fr,Farine de sarrasin,farine de sarrasin
420,fr,Blé noir,ble noir
420,de,Buchweizenmehl,buchweizenmehl
421,en,"Buckwheat, grain peeled",buckwheat grain peeled
421,fr,"Sarrasin, grains décortiqués",sarrasin grains decortiques
421,fr,Blé noir,ble noir
421,de,"Buchweizen, Korn geschält",buchweizen korn geschalt
14250,en,"Burger patty (beef), homemade, pan fried (without added fat)",burger patty beef homemade pan fried without added fat
14250,fr,"Steak haché (boeuf), fait maison, grillé (sans adjonction de graisse)",steak hache boeuf fait maison grille sans adjonction de graisse
14250,de,"Hackplätzli (Rind), hausgemacht, gebraten (ohne Zugabe von Fett)",hackplatzli rind hausgemacht gebraten ohne zugabe von fett
1583,en,"Burger patty (beef), homemade, pan fried in HOLL rapeseed oil",burger patty beef homemade pan fried in holl rapeseed oil
1583,fr,"Hamburger (boeuf), fait maison, grillé à l'huile de colza HOLL",hamburger boeuf fait maison grille a l huile de colza holl
1583,de,"Hackplätzli (Rind), hausgemacht, gebraten in Rapsöl HOLL",hackplatzli rind hausgemacht gebraten in rapsol holl
14115,en,"Burger, vegan, based on soy or pea protein, raw",burger vegan based on soy or pea protein raw
14115,fr,"Burger, végétalien, à base de protéines de soja ou de pois, cru",burger vegetalien a base de proteines de soja ou de pois cru
14115,de,"Burger, vegan aus Soja-oder Erbsenprotein, roh",burger vegan aus soja oder erbsenprotein roh
901,en,Butter cake,butter cake
901,fr,Gateau au beurre,gateau au beurre
901,de,"Cake, nature ""Gleichschwer"", hausgemacht",cake nature gleichschwer hausgemacht
836,en,"Butter croissant, white",butter croissant white
836,fr,"Croissant au beurre, à la farine blanche",croissant au beurre a la farine blanche
836,de,"Buttergipfeli, hell",buttergipfeli hell
834,en,"Butter croissant, wholemeal",butter croissant wholemeal
834,fr,"Croissant au beurre, complet",croissant au beurre complet
834,de,"Buttergipfeli, Vollkorn",buttergipfeli vollkorn
834,de,Rusticogipfeli,rusticogipfeli
49,en,Butter of choice,butter of choice
49,fr,Beurre de choix,beurre de choix
49,de,Vorzugsbutter,vorzugsbutter
49,de,Butter,butter
191,en,"Butter, 40% fat",butter 40 fat
191,fr,Beurre mi-gras,beurre mi gras
191,de,Halbfettbutter,halbfettbutter
60,en,"Butter, cheese dairy",butter cheese dairy
60,fr,Beurre de fromagerie,beurre de fromagerie
60,de,Käsereibutter,kasereibutter
50,en,"Butter, clarified",butter clarified
50,fr,Beurre à rôtir,beurre a rotir
50,de,Bratbutter,bratbutter
14297,en,"Butter, salted",butter salted
14297,fr,"Beurre, salé",beurre sale
14297,de,"Butter, gesalzen",butter gesalzen
448,en,"Butterhead lettuce, raw",butterhead lettuce raw
448,fr,"Laitue pommée, crue",laitue pommee crue
448,de,"Kopfsalat, roh",kopfsalat roh
529,en,Buttermilk,buttermilk
529,fr,Babeurre,babeurre
529,de,Buttermilch,buttermilch
781,en,Cabbage sausage,cabbage sausage
781,fr,Saucisse aux choux,saucisse aux choux
781,de,Saucisse aux choux,saucisse aux choux
10582,en,"Cabbage vegetables (average), boiled (without addition of salt and fat)",cabbage vegetables average boiled without addition of salt and fat
10582,fr,"Légumes crucifères (famille des choux) moyenne, cuits (sans adjonction de sel ni de graisse)",legumes cruciferes famille des choux moyenne cuits sans adjonction de sel ni de graisse
10582,de,"Kohlgemüse (Durchschnitt), gekocht (ohne Zugabe von Salz und Fett)",kohlgemuse durchschnitt gekocht ohne zugabe von salz und fett
1167,en,"Cabbage vegetables (average), raw",cabbage vegetables average raw
1167,fr,"Légumes crucifères (famille des choux) moyenne, crus",legumes cruciferes famille des choux moyenne crus
1167,de,"Kohlgemüse (Durchschnitt), roh",kohlgemuse durchschnitt roh
1176,en,"Cake dough (with butter), raw",cake dough with butter raw
1176,fr,"Pâte à gâteau brisée (au beurre), crue",pate a gateau brisee au beurre crue
1176,de,"Kuchenteig (mit Butter), ungebacken",kuchenteig mit butter ungebacken
1176,de,Wähenteig,wahenteig
906,en,"Cake dough (with vegetable fat), raw",cake dough with vegetable fat raw
906,fr,"Pâte à gâteau brisée (à la graisse végétale), crue",pate a gateau brisee a la graisse vegetale crue
906,de,"Kuchenteig (mit pflanzlichem Fett), ungebacken",kuchenteig mit pflanzlichem fett ungebacken
906,de,Wähenteig,wahenteig
13417,en,"Cake dough, whole (with butter), raw",cake dough whole with butter raw
13417,fr,"Pâte brisée, à la farine complète (au beurre), crue",pate brisee a la farine complete au beurre crue
13417,de,"Kuchenteig, Vollkorn (mit Butter), ungebacken",kuchenteig vollkorn mit butter ungebacken
13416,en,"Cake dough, whole (with vegetable fat), raw",cake dough whole with vegetable fat raw
13416,fr,"Pâte brisée, à la farine complète (à la graisse végétale), crue",pate brisee a la farine complete a la graisse vegetale crue
13416,de,"Kuchenteig, Vollkorn (mit pflanzichem Fett), ungebacken",kuchenteig vollkorn mit pflanzichem fett ungebacken
877,en,Cake financier,cake financier
877,fr,Cake financier,cake financier
877,de,Cake Financier,cake financier
877,de,Mandel-Cake,mandel cake
916,en,Cake with carrots,cake with carrots
916,fr,Gateau aux carottes,gateau aux carottes
916,de,Rüeblitorte,rueblitorte
916,de,Rüeblicake,rueblicake
916,de,Rüeblikuchen,rueblikuchen
10486,en,Calimocho (red wine mixed with cola),calimocho red wine mixed with cola
10486,fr,Calimocho (Vin rouge avec cola),calimocho vin rouge avec cola
10486,de,Calimocho (Rotwein mit Cola),calimocho rotwein mit cola
622,en,"Camembert, at least 25% fidm",camembert at least 25 fidm
622,fr,"Camembert, mi-gras",camembert mi gras
622,de,"Camembert, halbfett",camembert halbfett
622,de,"Weichkäse, halbfett",weichkase halbfett
622,de,"Weichkäse, léger",weichkase leger
622,de,Tomme léger,tomme leger
614,en,"Camembert, at least 45% fidm",camembert at least 45 fidm
614,fr,"Camembert, gras",camembert gras
614,de,"Camembert, vollfett",camembert vollfett
619,en,"Camembert, at least 50% fidm",camembert at least 50 fidm
619,fr,"Camembert, à la crème",camembert a la creme
619,de,"Camembert, Rahm",camembert rahm
13486,en,Candied chestnut,candied chestnut
13486,fr,Marron glacé,marron glace
13486,de,Kandierte Kastanien,kandierte kastanien
856,en,Candied lemon peel,candied lemon peel
856,fr,"Écorce de citron confite, citronat",ecorce de citron confite citronat
856,de,Zitronat,zitronat
855,en,Candied orange peel,candied orange peel
855,fr,"Orangeat, écorce d'orange confite",orangeat ecorce d orange confite
855,de,Orangeat,orangeat
953,en,"Candy, toffee",candy toffee
953,fr,Caramel mou à la crème,caramel mou a la creme
953,de,Rahmkaramellen,rahmkaramellen
953,de,Rahmbonbons,rahmbonbons
1644,en,"Cannelloni filled with meat, prepared",cannelloni filled with meat prepared
1644,fr,"Cannellonis à la viande, préparés",cannellonis a la viande prepares
1644,de,"Cannelloni mit Fleischfüllung, zubereitet",cannelloni mit fleischfullung zubereitet
1646,en,"Cannelloni filled with spinach and ricotta, prepared",cannelloni filled with spinach and ricotta prepared
1646,fr,"Cannellonis aux épinards et à la ricotta, préparés",cannellonis aux epinards et a la ricotta prepares
1646,de,"Cannelloni mit Spinat-Ricotta-Füllung, zubereitet",cannelloni mit spinat ricotta fullung zubereitet
14282,en,"Capers, pickled in vinegar",capers pickled in vinegar
14282,fr,"Câpres, au vinaigre",capres au vinaigre
14282,de,"Kapern, in Essig eingelegt",kapern in essig eingelegt
1121,en,"Cappuccino (without chocolate powder), no sugar added",cappuccino without chocolate powder no sugar added
1121,fr,"Cappuccino (sans poudre de chocolat), non sucré",cappuccino sans poudre de chocolat non sucre
1121,de,"Cappuccino (ohne Schokoladenpulver), ungezuckert",cappuccino ohne schokoladenpulver ungezuckert
1692,en,"Capuns, prepared",capuns prepared
1692,fr,"Capuns, préparés",capuns prepares
1692,de,"Capuns, zubereitet",capuns zubereitet
1692,de,Mangoldwickel,mangoldwickel
14060,en,Carnival pastry,carnival pastry
14060,fr,Merveilles de carnaval,merveilles de carnaval
14060,de,Fasnachtschüechli,fasnachtschuechli
566,en,Carrot juice,carrot juice
566,fr,Jus de carotte,jus de carotte
566,de,Karottensaft,karottensaft
566,de,Rüeblisaft,rueblisaft
355,en,"Carrot, raw",carrot raw
355,fr,"Carotte, crue",carotte crue
355,de,"Karotte, roh",karotte roh
355,de,Rüebli,ruebli
355,de,Möhre,mohre
1002,en,"Carrot, steamed (without addition of salt)",carrot steamed without addition of salt
1002,fr,"Carotte, à la vapeur (sans adjonction de sel)",carotte a la vapeur sans adjonction de sel
1002,de,"Karotte, gedämpft (ohne Zugabe von Salz)",karotte gedampft ohne zugabe von salz
1002,de,Rüebli,ruebli
275,en,Cashew nut,cashew nut
275,fr,Noix de cajou,noix de cajou
275,de,Cashewnuss,cashewnuss
275,de,Cashewkern,cashewkern
350,en,"Cauliflower, raw",cauliflower raw
350,fr,"Chou-fleur, cru",chou fleur cru
350,de,"Blumenkohl, roh",blumenkohl roh
1004,en,"Cauliflower, steamed (without addition of salt)",cauliflower steamed without addition of salt
1004,fr,"Chou-fleur, à la vapeur (sans adjonction de sel)",chou fleur a la vapeur sans adjonction de sel
1004,de,"Blumenkohl, gedämpft (ohne Zugabe von Salz)",blumenkohl gedampft ohne zugabe von salz
1660,en,"Celeriac piccata, prepared",celeriac piccata prepared
1660,fr,"Piccata de céleri, préparée",piccata de celeri preparee
1660,de,"Sellerie-Piccata, zubereitet",sellerie piccata zubereitet
1655,en,"Celeriac slices, breaded, prepared",celeriac slices breaded prepared
1655,fr,"Tranches de céléri, panées, préparées",tranches de celeri panees preparees
1655,de,"Selleriescheiben, paniert, zubereitet",selleriescheiben paniert zubereitet
357,en,"Celeriac, raw",celeriac raw
357,fr,"Céleri-rave, cru",celeri rave cru
357,fr,Céleri pomme,celeri pomme
357,de,"Knollensellerie, roh",knollensellerie roh
1013,en,"Celeriac, steamed",celeriac steamed
1013,fr,"Céleri-rave, à la vapeur (sans adjonction de sel)",celeri rave a la vapeur sans adjonction de sel
1013,de,"Knollensellerie, gedämpft (ohne Zugabe von Salz)",knollensellerie gedampft ohne zugabe von salz
366,en,"Celery, raw",celery raw
366,fr,"Céleri branche, cru",celeri branche cru
366,de,"Stangensellerie, roh",stangensellerie roh
1026,en,"Celery, steamed (without addition of salt)",celery steamed without addition of salt
1026,fr,"Céleri branche, à la vapeur (sans adjonction de sel)",celeri branche a la vapeur sans adjonction de sel
1026,de,"Stangensellerie, gedämpft (ohne Zugabe von Salz)",stangensellerie gedampft ohne zugabe von salz
13448,en,"Cereal bar, with chocolate coating",cereal bar with chocolate coating
13448,fr,"Barre de céréales, avec enrobage de chocolat",barre de cereales avec enrobage de chocolat
13448,de,Getreideriegel mit Schokoladeüberzug,getreideriegel mit schokoladeuberzug
13488,en,"Cereal bar, without cover and filling",cereal bar without cover and filling
13488,fr,"Barre de céréales, sans enrobage ni garniture",barre de cereales sans enrobage ni garniture
13488,de,"Getreideriegel, ohne Ueberzug und Füllung",getreideriegel ohne ueberzug und fullung
14143,en,"Cereal bites, filled with chocolate and hazelnuts",cereal bites filled with chocolate and hazelnuts
14143,fr,"Coussinets de céréales, fourrés chocolat noisette",coussinets de cereales fourres chocolat noisette
14143,de,"Getreide-Kissen, gefüllt mit Schokolade und Haselnuss",getreide kissen gefullt mit schokolade und haselnuss
1696,en,Cereal flakes (average),cereal flakes average
1696,fr,Flocons de céréales (moyenne),flocons de cereales moyenne
1696,de,Getreideflocken (Durchschnitt),getreideflocken durchschnitt
14153,en,Cereal flakes from wholemeal wheat and rice with chocolate,cereal flakes from wholemeal wheat and rice with chocolate
14153,fr,"Pétales de céréales, à base de blé complet et de riz, au chocolat",petales de cereales a base de ble complet et de riz au chocolat
14153,de,Getreide-Flakes aus Vollkornweizen und Reis mit Schokolade,getreide flakes aus vollkornweizen und reis mit schokolade
14154,en,Cereal flakes from wholemeal wheat and rice with red fruits,cereal flakes from wholemeal wheat and rice with red fruits
14154,fr,"Pétales de céréales, à base de blé complet et de riz, avec fruits rouges",petales de cereales a base de ble complet et de riz avec fruits rouges
14154,de,Getreide-Flakes aus Vollkornweizen und Reis mit roten Früchten,getreide flakes aus vollkornweizen und reis mit roten fruchten
14138,en,"Cereal flakes from wholemeal wheat and rice, plain",cereal flakes from wholemeal wheat and rice plain
14138,fr,"Pétales de céréales, à base de blé complet et de riz, nature",petales de cereales a base de ble complet et de riz nature
14138,de,"Getreide-Flakes aus Vollkornweizen und Reis, nature",getreide flakes aus vollkornweizen und reis nature
1081,en,Cervelat (Swiss sausage),cervelat swiss sausage
1081,fr,Cervelas,cervelas
1081,de,Cervelat,cervelat
1081,de,Chlöpfer,chlopfer
1081,de,Stumpen,stumpen
1081,de,Bockwurst,bockwurst
376,en,"Chanterelle, raw",chanterelle raw
376,fr,"Chanterelle, crue",chanterelle crue
376,de,"Eierschwamm, roh",eierschwamm roh
376,de,Pfifferling,pfifferling
1038,en,"Chanterelle, stewed (without addition of fat and salt)",chanterelle stewed without addition of fat and salt
1038,fr,"Chanterelle, à l'étuvée (sans adjonction de graisse ni de sel)",chanterelle a l etuvee sans adjonction de graisse ni de sel
1038,de,"Eierschwamm, gedünstet (ohne Zugabe von Fett und Salz)",eierschwamm gedunstet ohne zugabe von fett und salz
1038,de,Pfifferling,pfifferling
1569,en,"Cheese and sausage salad, prepared",cheese and sausage salad prepared
1569,fr,"Salade de cervelas et fromage, préparée",salade de cervelas et fromage preparee
1569,de,"Wurst-Käse-Salat, zubereitet",wurst kase salat zubereitet
1601,en,"Cheese bread slices, prepared",cheese bread slices prepared
1601,fr,"Croûte au fromage, préparée",croute au fromage preparee
1601,de,"Käseschnitte, zubereitet",kaseschnitte zubereitet
1196,en,Cheese grated,cheese grated
1196,fr,Fromage râpé,fromage rape
1196,de,Reibkäse,reibkase
14152,en,"Cheese substitute, made from cashew nut",cheese substitute made from cashew nut
14152,fr,"Substitut de fromage, à base de noix de cajou",substitut de fromage a base de noix de cajou
14152,de,"Käsealternative, aus Cashewnuss",kasealternative aus cashewnuss
14151,en,"Cheese substitute, made from coconut oil and starch",cheese substitute made from coconut oil and starch
14151,fr,"Substitut de fromage, à base d'huile de coco et d'amidon",substitut de fromage a base d huile de coco et d amidon
14151,de,"Käsealternative, aus Kokosöl und Stärke",kasealternative aus kokosol und starke
14024,en,Cheeseburger,cheeseburger
14024,fr,Cheeseburger,cheeseburger
14024,de,Cheeseburger,cheeseburger
882,en,Cherry pie from Zug,cherry pie from zug
882,fr,Tourte au Kirsch de Zug,tourte au kirsch de zug
882,de,Zuger Kirschtorte,zuger kirschtorte
1546,en,"Cherry pie, homemade, baked (with cake dough)",cherry pie homemade baked with cake dough
1546,fr,"Tarte aux cerises, faite maison, cuite au four (pâte brisée)",tarte aux cerises faite maison cuite au four pate brisee
1546,de,"Kirschenwähe/-kuchen, hausgemacht, gebacken (mit Kuchenteig)",kirschenwahe kuchen hausgemacht gebacken mit kuchenteig
1546,de,Kirschenwähe,kirschenwahe
1545,en,"Cherry pie, homemade, baked (with puff pastry)",cherry pie homemade baked with puff pastry
1545,fr,"Tarte aux cerises, faite maison, cuite au four (pâte feuilletée)",tarte aux cerises faite maison cuite au four pate feuilletee
1545,de,"Kirschenwähe/-kuchen, hausgemacht, gebacken (mit Blätterteig)",kirschenwahe kuchen hausgemacht gebacken mit blatterteig
1545,de,Kirschenwähe,kirschenwahe
394,en,"Cherry, raw",cherry raw
394,fr,"Cerise, crue",cerise crue
394,de,"Kirsche, roh",kirsche roh
1052,en,"Cherry, stewed, drained (without addition of sugar)",cherry stewed drained without addition of sugar
1052,fr,"Cerise, cuite,  égouttée (sans adjonction de sucre)",cerise cuite egouttee sans adjonction de sucre
1052,de,"Kirsche, gedünstet, abgetropft (ohne Zugabe von Zucker)",kirsche gedunstet abgetropft ohne zugabe von zucker
14300,en,Chestnut puree (for vermicelli),chestnut puree for vermicelli
14300,fr,Purée de marrons (pour vermicelles),puree de marrons pour vermicelles
14300,de,Marroni-Püree (für Vermicelles),marroni puree fur vermicelles
272,en,"Chestnut, raw",chestnut raw
272,fr,"Châtaigne, crue",chataigne crue
272,de,"Edelkastanie, roh",edelkastanie roh
272,de,Marroni,marroni
14301,en,"Chestnut, roasted",chestnut roasted
14301,fr,"Châtaigne, grillée",chataigne grillee
14301,de,"Edelkastanie, geröstet",edelkastanie gerostet
13457,en,Chia seed,chia seed
13457,fr,Graine de chia,graine de chia
13457,de,Chia-Samen,chia samen
1674,en,"Chicken chopped with curry sauce, homemade",chicken chopped with curry sauce homemade
1674,fr,"Emincé de poulet à la sauce curry, fait maison",emince de poulet a la sauce curry fait maison
1674,de,"Pouletgeschnetzeltes an Currysauce, hausgemacht",pouletgeschnetzeltes an currysauce hausgemacht
1070,en,"Chicken egg, whole, hard boiled",chicken egg whole hard boiled
1070,fr,"Oeuf de poule, entier, cuit dur",oeuf de poule entier cuit dur
1070,de,"Hühnerei, ganz, festgekocht",huhnerei ganz festgekocht
20,en,"Chicken, breast, with skin, raw",chicken breast with skin raw
20,fr,"Poulet, poitrine, avec peau, crue",poulet poitrine avec peau crue
20,de,"Poulet, Brust, mit Haut, roh",poulet brust mit haut roh
22,en,"Chicken, breast, without skin, raw",chicken breast without skin raw
22,fr,"Poulet, poitrine, sans peau, crue",poulet poitrine sans peau crue
22,fr,Escalope,escalope
22,de,"Poulet, Brust, ohne Haut, roh",poulet brust ohne haut roh
22,de,Pouletschnitzel,pouletschnitzel
13276,en,"Chicken, brest (schnitzel, ground), pan fried (without addition of fat and salt)",chicken brest schnitzel ground pan fried without addition of fat and salt
13276,fr,"Poulet, poitrine, escalope ou émincé, grillé (sans adjonction de graisse ni de sel)",poulet poitrine escalope ou emince grille sans adjonction de graisse ni de sel
13276,de,"Poulet, Brust, Schnitzel oder Geschnetzeltes, gebraten (ohne Zusatz von Fett und Salz)",poulet brust schnitzel oder geschnetzeltes gebraten ohne zusatz von fett und salz
13310,en,"Chicken, leg with skin, roasted (without addition of fat and salt)",chicken leg with skin roasted without addition of fat and salt
13310,fr,"Poulet, cuisse avec la peau, rôtie (sans adjonction de graisse ni de sel)",poulet cuisse avec la peau rotie sans adjonction de graisse ni de sel
13310,de,"Poulet, Schenkel, mit Haut, gebraten (ohne Zusatz von Fett und Salz)",poulet schenkel mit haut gebraten ohne zusatz von fett und salz
24,en,"Chicken, leg, with skin, raw",chicken leg with skin raw
24,fr,"Poulet, cuisse, avec peau, crue",poulet cuisse avec peau crue
24,de,"Poulet, Schenkel, mit Haut, roh",poulet schenkel mit haut roh
26,en,"Chicken, leg, without skin, raw",chicken leg without skin raw
26,fr,"Poulet, cuisse, sans peau, crue",poulet cuisse sans peau crue
26,de,"Poulet, Schenkel, ohne Haut, roh",poulet schenkel ohne haut roh
13309,en,"Chicken, whole with skin, roasted (without addition of fat and salt)",chicken whole with skin roasted without addition of fat and salt
13309,fr,"Poulet, entier avec la peau, rôti (sans adjonction de graisse ni de sel)",poulet entier avec la peau roti sans adjonction de graisse ni de sel
13309,de,"Poulet, ganz, mit Haut, gebraten (ohne Zusatz von Fett und Salz)",poulet ganz mit haut gebraten ohne zusatz von fett und salz
711,en,"Chicken, whole, with skin, raw",chicken whole with skin raw
711,fr,"Poulet entier, avec peau, cru",poulet entier avec peau cru
711,de,"Poulet, ganz, mit Haut, roh",poulet ganz mit haut roh
13460,en,Chickenburger,chickenburger
13460,fr,Burger au poulet,burger au poulet
13460,de,Burger mit Poulet,burger mit poulet
1059,en,"Chickpea, cooked (without addition of fat and salt)",chickpea cooked without addition of fat and salt
1059,fr,"Pois chiche, cuit (sans adjonction de graisse ni de sel)",pois chiche cuit sans adjonction de graisse ni de sel
1059,de,"Kichererbse, gekocht (ohne Zugabe von Fett und Salz)",kichererbse gekocht ohne zugabe von fett und salz
439,en,"Chickpea, dried",chickpea dried
439,fr,"Pois chiche, sec",pois chiche sec
439,de,"Kichererbse, getrocknet",kichererbse getrocknet
447,en,"Chicory, raw",chicory raw
447,fr,"Endive, crue",endive crue
447,fr,Chicorée de Bruxelles,chicoree de bruxelles
447,de,"Chicorée, roh",chicoree roh
447,de,Brüsseler Endivie,brusseler endivie
1006,en,"Chicory, steamed (without addition of salt)",chicory steamed without addition of salt
1006,fr,"Endive, à la vapeur (sans adjonction de sel)",endive a la vapeur sans adjonction de sel
1006,fr,Chicorée de Bruxelles,chicoree de bruxelles
1006,de,"Chicorée, gedämpft (ohne Zugabe von Salz)",chicoree gedampft ohne zugabe von salz
1006,de,Brüsseler Endivie,brusseler endivie
1648,en,"Chili con carne, prepared",chili con carne prepared
1648,fr,"Chili con carne, préparé",chili con carne prepare
1648,de,"Chili con carne, zubereitet",chili con carne zubereitet
437,en,"Chinese cabbage, raw",chinese cabbage raw
437,fr,"Chou de Chine, cru",chou de chine cru
437,fr,Chou chinois,chou chinois
437,de,"Chinakohl, roh",chinakohl roh
437,de,Pekingkohl,pekingkohl
437,de,Selleriekohl,selleriekohl
437,de,Japankohl,japankohl
1007,en,"Chinese cabbage, stewed (without addition of fat and salt)",chinese cabbage stewed without addition of fat and salt
1007,fr,"Chou de Chine, à l'étuvée (sans adjonction de graisse ni de sel)",chou de chine a l etuvee sans adjonction de graisse ni de sel
1007,de,"Chinakohl, gedünstet (ohne Zugabe von Fett und Salz)",chinakohl gedunstet ohne zugabe von fett und salz
1007,de,Pekingkohl,pekingkohl
1007,de,Selleriekohl,selleriekohl
1007,de,Japankohl,japankohl
374,en,"Chives, fresh",chives fresh
374,fr,"Ciboulette, crue",ciboulette crue
374,de,"Schnittlauch, roh",schnittlauch roh
889,en,Chocolate cake/ ring cake/ -muffin,chocolate cake ring cake muffin
889,fr,Kouglof/ Cake/  Muffin au chocolat,kouglof cake muffin au chocolat
889,de,"Schokoladencake/ -gugelhopf/ -muffin, hausgemacht",schokoladencake gugelhopf muffin hausgemacht
14008,en,Chocolate cookie,chocolate cookie
14008,fr,Cookie au chocolat,cookie au chocolat
14008,de,"Cookie, Schokolade",cookie schokolade
14214,en,"Chocolate drink, with sugar, powder",chocolate drink with sugar powder
14214,fr,"Boisson au cacao, sucrée, poudre",boisson au cacao sucree poudre
14214,de,"Kakaogetränk, gezuckert, Pulver",kakaogetrank gezuckert pulver
14230,en,Chocolate fondant,chocolate fondant
14230,fr,"Gâteau au chocolat moelleux, fait maison",gateau au chocolat moelleux fait maison
14230,de,"Schokoladenkuchen, feucht, hausgemacht",schokoladenkuchen feucht hausgemacht
14230,de,Schokoladenfondant,schokoladenfondant
14035,en,Chocolate meringues,chocolate meringues
14035,fr,Meringue (petite) au cacao,meringue petite au cacao
14035,fr,Mousses,mousses
14035,de,Schümliguetzli,schumliguetzli
14035,de,Schümli,schumli
14035,de,Schaumgebäck,schaumgeback
14035,de,Schaumkeks,schaumkeks
14039,en,Chocolate meringues with chocolate base,chocolate meringues with chocolate base
14039,fr,"Meringue (petite), avec nappage de chocolat",meringue petite avec nappage de chocolat
14039,de,Schümliguetzli mit Schokolade,schumliguetzli mit schokolade
14039,de,Choco-Schümli,choco schumli
14302,en,"Chocolate mousse, home made",chocolate mousse home made
14302,fr,"Mousse au chocolat, faite maison",mousse au chocolat faite maison
14302,de,"Schokoladenmousse, hausgemacht",schokoladenmousse hausgemacht
960,en,Chocolate powder,chocolate powder
960,fr,Chocolat en poudre,chocolat en poudre
960,de,Schokoladenpulver,schokoladenpulver
807,en,Chocolate sauce,chocolate sauce
807,fr,Crème au chocolat,creme au chocolat
807,de,Schokoladencrème,schokoladencreme
196,en,"Chocolate, dark",chocolate dark
196,fr,Chocolat noir,chocolat noir
196,de,"Schokolade, dunkel (bitter)",schokolade dunkel bitter
197,en,"Chocolate, white",chocolate white
197,fr,Chocolat blanc,chocolat blanc
197,de,"Schokolade, weiss",schokolade weiss
13322,en,"chop (average of veal, pork, lamb), pan fried (without addition of fat and salt)",chop average of veal pork lamb pan fried without addition of fat and salt
13322,fr,"Côtelette (moyenne de veau, porc, agneau), grillée (sans adjonction de graisse ni de sel)",cotelette moyenne de veau porc agneau grillee sans adjonction de graisse ni de sel
13322,de,"Kotelett (Durchschnitt aus Kalb, Schwein, Lamm), gebraten (ohne Zusatz von Fett und Salz)",kotelett durchschnitt aus kalb schwein lamm gebraten ohne zusatz von fett und salz
1107,en,"Chop (average of veal, pork, lamb), raw",chop average of veal pork lamb raw
1107,fr,"Côtelette (moyenne de veau, porc, agneau), crue",cotelette moyenne de veau porc agneau crue
1107,de,"Kotelett (Durchschnitt aus Kalb, Schwein, Lamm), roh",kotelett durchschnitt aus kalb schwein lamm roh
14146,en,"Chopped/pulled meat substitute, vegan, based on soy or pea protein, raw",chopped pulled meat substitute vegan based on soy or pea protein raw
14146,fr,"Emincé, végétalien, à base de protéines de soja ou de pois, cru",emince vegetalien a base de proteines de soja ou de pois cru
14146,de,"Geschnetzeltes, vegan aus Soja-oder Erbsenprotein, roh",geschnetzeltes vegan aus soja oder erbsenprotein roh
867,en,"Chräbeli (aniseed cookie), homemade",chrabeli aniseed cookie homemade
867,fr,"Biscuit à l'anis, fait maison",biscuit a l anis fait maison
867,fr,Crête de coq,crete de coq
867,de,"Chräbeli (Anisgebäck), hausgemacht",chrabeli anisgeback hausgemacht
512,en,"Cider, 4 vol%",cider 4 vol
512,fr,"Cidre de pomme, 4 vol%",cidre de pomme 4 vol
512,de,"Apfelwein, 4 vol%",apfelwein 4 vol
512,de,Apfelmost,apfelmost
512,de,Saurer Most,saurer most
512,de,Cider,cider
513,en,"Cider, 6.2 vol%",cider 6 2 vol
513,fr,"Cidre de pomme, 6.2 vol%",cidre de pomme 6 2 vol
513,de,"Apfelwein, 6.2 vol%",apfelwein 6 2 vol
513,de,Apfelmost,apfelmost
513,de,Saurer Most,saurer most
513,de,Cider,cider
911,en,Cinnamon,cinnamon
911,fr,Cannelle,cannelle
911,de,Zimt,zimt
876,en,"Cinnamon cookie, star-shaped, homemade",cinnamon cookie star shaped homemade
876,fr,"Etoile à la cannelle, faite maison",etoile a la cannelle faite maison
876,de,"Zimtstern, hausgemacht",zimtstern hausgemacht
1126,en,"Citrus fruits (average), raw",citrus fruits average raw
1126,fr,"Agrume (moyenne), cru",agrume moyenne cru
1126,de,"Zitrusfrüchte (Durchschnitt), roh",zitrusfruchte durchschnitt roh
1683,en,"Cocktail sauce with rapeseed mayonnaise, home-made",cocktail sauce with rapeseed mayonnaise home made
1683,fr,"Sauce cocktail, avec mayonnaise à l'huile de colza, faite maison",sauce cocktail avec mayonnaise a l huile de colza faite maison
1683,de,"Cocktailsauce mit Rapsöl-Mayonnaise, hausgemacht",cocktailsauce mit rapsol mayonnaise hausgemacht
14303,en,Coco macaroon,coco macaroon
14303,fr,Macaron à la noix de coco,macaron a la noix de coco
14303,de,Kokosmakrone,kokosmakrone
888,en,"Coco macaroon, homemade",coco macaroon homemade
888,fr,"Macaron à la noix de coco, fait maison",macaron a la noix de coco fait maison
888,de,"Kokosmakrone, hausgemacht",kokosmakrone hausgemacht
14220,en,"Cocoa beverage, with sugar, prepared (with milk)",cocoa beverage with sugar prepared with milk
14220,fr,"Boisson au cacao, sucrée, préparée (avec du lait)",boisson au cacao sucree preparee avec du lait
14220,de,"Kakaogetränk, gezuckert, zubereitet (mit Milch)",kakaogetrank gezuckert zubereitet mit milch
978,en,"Cocoa powder, deoiled, without sugar",cocoa powder deoiled without sugar
978,fr,"Cacao en poudre, dégraissé, non sucré",cacao en poudre degraisse non sucre
978,de,"Kakaopulver, entölt, ohne Zucker",kakaopulver entolt ohne zucker
581,en,"Cocoa powder, without sugar",cocoa powder without sugar
581,fr,"Cacao en poudre, non sucré",cacao en poudre non sucre
581,de,"Kakaopulver, ohne Zucker",kakaopulver ohne zucker
284,en,Coconut,coconut
284,fr,Noix de coco,noix de coco
284,de,Kokosnuss,kokosnuss
14124,en,"Coconut drink, plain",coconut drink plain
14124,fr,"Boisson à base de noix de coco, nature",boisson a base de noix de coco nature
14124,de,"Kokosnussgetränk, nature",kokosnussgetrank nature
14132,en,"Coconut drink, plain with calcium and vitamin fortified",coconut drink plain with calcium and vitamin fortified
14132,fr,"Boisson à base de noix de coco, nature, enrichie en calcium et vitamines",boisson a base de noix de coco nature enrichie en calcium et vitamines
14132,de,"Kokosnussgetränk, nature mit Calcium und Vitaminen angereichert",kokosnussgetrank nature mit calcium und vitaminen angereichert
601,en,Coconut fat,coconut fat
601,fr,Graisse de coco,graisse de coco
601,de,Kokosfett,kokosfett
13458,en,Coconut milk,coconut milk
13458,fr,Lait de coco,lait de coco
13458,de,Kokosnussmilch,kokosnussmilch
13458,de,Kokosmilch,kokosmilch
13907,en,Coconut water,coconut water
13907,fr,Eau de noix de coco,eau de noix de coco
13907,fr,Eau de coco,eau de coco
13907,de,Kokoswasser,kokoswasser
742,en,"Coconut, dried (coco flakes)",coconut dried coco flakes
742,fr,"Noix de coco, sèche",noix de coco seche
742,fr,Coco râpé,coco rape
742,fr,Flocons de noix de coco,flocons de noix de coco
742,de,"Kokosnuss, getrocknet (Kokosrapseln, Kokosflocken)",kokosnuss getrocknet kokosrapseln kokosflocken
13350,en,"Cod, filet, steamed (without addition of fat and salt)",cod filet steamed without addition of fat and salt
13350,fr,"Cabillaud, filet, à la vapeur (sans adjonction de graisse ni de sel)",cabillaud filet a la vapeur sans adjonction de graisse ni de sel
13350,de,"Dorsch, Filet, gedämpft (ohne Zusatz von Fett und Salz)",dorsch filet gedampft ohne zusatz von fett und salz
285,en,"Cod, raw",cod raw
285,fr,"Cabillaud, cru",cabillaud cru
285,fr,Morue,morue
285,de,"Dorsch, roh",dorsch roh
285,de,Kabeljau,kabeljau
69,en,Coffee cream UHT,coffee cream uht
69,fr,Crème à café UHT,creme a cafe uht
69,de,Kaffeerahm,kaffeerahm
1188,en,"Coffee with coffee cream, no sugar added",coffee with coffee cream no sugar added
1188,fr,"Café crème, non sucré",cafe creme non sucre
1188,de,"Café crème, ungezuckert",cafe creme ungezuckert
994,en,"Coffee, black, no sugar added",coffee black no sugar added
994,fr,"Café, noir, non sucré",cafe noir non sucre
994,de,"Kaffee, schwarz, ungezuckert",kaffee schwarz ungezuckert
983,en,"Coffee, instant, powder",coffee instant powder
983,fr,"Café soluble, poudre",cafe soluble poudre
983,de,"Kaffee löslich, Pulver",kaffee loslich pulver
983,de,Instant-Kaffee,instant kaffee
498,en,"Cola beverage, sweetened",cola beverage sweetened
498,fr,"Soda au cola, sucré",soda au cola sucre
498,de,"Colagetränk, gezuckert",colagetrank gezuckert
499,en,"Cola beverage, with sweetener",cola beverage with sweetener
499,fr,"Soda au cola, édulcoré",soda au cola edulcore
499,de,"Colagetränk, mit Süssstoffen",colagetrank mit sussstoffen
10353,en,Cold cuts (average),cold cuts average
10353,fr,Charcuterie (moyenne),charcuterie moyenne
10353,de,Aufschnitt (Durchschnitt),aufschnitt durchschnitt
1573,en,"Coleslaw salad, prepared",coleslaw salad prepared
1573,fr,"Salade Coleslaw, préparée",salade coleslaw preparee
1573,de,"Coleslaw Salat, zubereitet",coleslaw salat zubereitet
13388,en,"Common bean (all types), mature seed, cooked (without addition of fat and salt)",common bean all types mature seed cooked without addition of fat and salt
13388,fr,"Haricot commun (tout type), grain mature, cuit (sans adjonction de graisse ni de sel)",haricot commun tout type grain mature cuit sans adjonction de graisse ni de sel
13388,de,"Bohne (alle Arten), gekocht (ohne Zugabe von Fett und Salz)",bohne alle arten gekocht ohne zugabe von fett und salz
13387,en,"Common bean (all types), mature seed, dried",common bean all types mature seed dried
13387,fr,"Haricot commun (tout type), grain mature, sec",haricot commun tout type grain mature sec
13387,fr,Haricot blanc,haricot blanc
13387,fr,Haricot rouge,haricot rouge
13387,fr,Haricot Borlotti,haricot borlotti
13387,de,"Bohne (alle Arten), getrocknet",bohne alle arten getrocknet
13387,de,Weisse Bohne,weisse bohne
13387,de,Rote Bohne,rote bohne
13387,de,Borlotti Bohne,borlotti bohne
526,en,"Condensed milk, sweetened",condensed milk sweetened
526,fr,"Lait condensé, sucré",lait condense sucre
526,de,"Kondensmilch, gezuckert",kondensmilch gezuckert
527,en,"Condensed milk, unsweetened",condensed milk unsweetened
527,fr,"Lait condensé, non sucré",lait condense non sucre
527,de,"Kondensmilch, ungezuckert",kondensmilch ungezuckert
1118,en,Cooked cured meat (average),cooked cured meat average
1118,fr,Produits de salaison cuits (moyenne),produits de salaison cuits moyenne
1118,de,Kochpökelware (Durchschnitt),kochpokelware durchschnitt
1116,en,Cooked sausages (average),cooked sausages average
1116,fr,Produits de charcuterie à chair cuite (moyenne),produits de charcuterie a chair cuite moyenne
1116,de,Kochwürste (Durchschnitt),kochwurste durchschnitt
1113,en,Cooked sausages not smoked (average),cooked sausages not smoked average
1113,fr,"Produits de charcuterie échaudés, non fumés (moyenne)",produits de charcuterie echaudes non fumes moyenne
1113,de,Brühwürste ungeräuchert (Durchschnitt),bruhwurste ungerauchert durchschnitt
1112,en,Cooked smoked sausages (average),cooked smoked sausages average
1112,fr,"Produits de charcuterie échaudés, fumés (moyenne)",produits de charcuterie echaudes fumes moyenne
1112,de,Brühwürste geräuchert (Durchschnitt),bruhwurste gerauchert durchschnitt
51,en,Cooking butter,cooking butter
51,fr,Beurre de cuisine,beurre de cuisine
51,de,Kochbutter,kochbutter
715,en,Coppa (cured pork meat),coppa cured pork meat
715,fr,Coppa,coppa
715,de,Coppa,coppa
14290,en,"Cordon bleu from chicken, fried",cordon bleu from chicken fried
14290,fr,"Cordon bleu de poulet, sauté",cordon bleu de poulet saute
14290,de,"Cordon bleu aus Poulet, gebraten",cordon bleu aus poulet gebraten
1650,en,"Cordon bleu from pork schnitzel, fried",cordon bleu from pork schnitzel fried
1650,fr,"Cordon bleu de porc, sauté",cordon bleu de porc saute
1650,de,"Cordon bleu aus Schweinsplätzli, gebraten",cordon bleu aus schweinsplatzli gebraten
1649,en,"Cordon bleu from veal schnitzel, fried",cordon bleu from veal schnitzel fried
1649,fr,"Cordon bleu de veau, sauté",cordon bleu de veau saute
1649,de,"Cordon bleu aus Kalbsplätzli, gebraten",cordon bleu aus kalbsplatzli gebraten
14136,en,"Corn balls, crispy with honey",corn balls crispy with honey
14136,fr,"Billes de maïs, croustillantes, au miel",billes de mais croustillantes au miel
14136,de,"Mais-Bällchen, knusprig mit Honig",mais ballchen knusprig mit honig
14144,en,Corn flakes with sugar coated,corn flakes with sugar coated
14144,fr,"Cornflakes, glacés au sucre",cornflakes glaces au sucre
14144,de,Cornflakes mit Zucker glasiert,cornflakes mit zucker glasiert
412,en,Corn germ oil,corn germ oil
412,fr,Huile de maïs,huile de mais
412,de,Maiskeimöl,maiskeimol
1619,en,"Corn semolina, cooked",corn semolina cooked
1619,fr,"Semoule de maïs, cuite",semoule de mais cuite
1619,fr,Polenta,polenta
1619,de,"Maisgriess, gekocht",maisgriess gekocht
1619,de,Polenta,polenta
425,en,"Corn semolina, dried",corn semolina dried
425,fr,"Semoule de maïs (polenta), sèche",semoule de mais polenta seche
425,de,"Maisgriess, trocken",maisgriess trocken
425,de,Polenta,polenta
14298,en,"Corn waffle, plain",corn waffle plain
14298,fr,"Galette de maïs, nature",galette de mais nature
14298,de,"Maiswaffel, nature",maiswaffel nature
940,en,Cornflakes,cornflakes
940,fr,Cornflakes,cornflakes
940,de,Cornflakes,cornflakes
758,en,Cotechino (pork sausage),cotechino pork sausage
758,fr,Cotechino,cotechino
758,de,Cotechino,cotechino
505,en,Cottage cheese,cottage cheese
505,fr,"Cottage cheese (fromage frais granulé), nature",cottage cheese fromage frais granule nature
505,fr,Hüttenkäse,huttenkase
505,fr,Cottage cheese,cottage cheese
505,de,"Hüttenkäse, nature",huttenkase nature
505,de,Cottage cheese,cottage cheese
1093,en,Cotto (meat product),cotto meat product
1093,fr,Cotto (produit à base de viande),cotto produit a base de viande
1093,de,Cotto (Fleischerzeugnis),cotto fleischerzeugnis
14191,en,"Couscous (precooked durum wheat semolina), cooked (without addition of fat and salt)",couscous precooked durum wheat semolina cooked without addition of fat and salt
14191,fr,"Graine de couscous (semoule de blé dur précuite), cuite (sans adjonction de graisse ni de sel)",graine de couscous semoule de ble dur precuite cuite sans adjonction de graisse ni de sel
14191,de,"Couscous-Körner (vorgekochtes Hartweizengriess), gekocht (ohne Zugabe von Fett und Salz)",couscous korner vorgekochtes hartweizengriess gekocht ohne zugabe von fett und salz
64,en,"Cow milk, skimmed, UHT",cow milk skimmed uht
64,fr,"Lait écrémé, UHT",lait ecreme uht
64,de,"Magermilch, UHT",magermilch uht
950,en,"Cracker, salty snacks",cracker salty snacks
950,fr,"Crackers, biscuits salés",crackers biscuits sales
950,de,"Cracker, Salzgebäck, Apérogebäck",cracker salzgeback aperogeback
987,en,"Cranberry, fresh",cranberry fresh
987,fr,"Airelle rouge, crue",airelle rouge crue
987,de,"Preiselbeere, roh",preiselbeere roh
987,de,Moosbeere,moosbeere
1195,en,Cream (average),cream average
1195,fr,Crème (en moyenne),creme en moyenne
1195,de,Rahm (Durchschnitt),rahm durchschnitt
567,en,"Cream cheese, min. 60% fidm",cream cheese min 60 fidm
567,fr,"Fromage frais, double crème",fromage frais double creme
567,de,"Frischkäse, Doppelrahm",frischkase doppelrahm
924,en,Cream slice,cream slice
924,fr,Mille-feuille,mille feuille
924,de,Crèmeschnitte,cremeschnitte
65,en,"Cream, 35% fat, pasteurized",cream 35 fat pasteurized
65,fr,"Crème entière, pasteurisée",creme entiere pasteurisee
65,de,"Vollrahm, pasteurisiert",vollrahm pasteurisiert
65,de,Rahm,rahm
66,en,"Cream, 35% fat, UHT",cream 35 fat uht
66,fr,"Crème entière, UHT",creme entiere uht
66,de,"Vollrahm, UHT",vollrahm uht
66,de,Rahm,rahm
798,en,"Cream, at least 45 % milk fat, pasteurized",cream at least 45 milk fat pasteurized
798,fr,"Double crème, pasteurisée",double creme pasteurisee
798,de,"Doppelrahm, pasteurisiert",doppelrahm pasteurisiert
67,en,"Cream, pasteurized, 25% fat",cream pasteurized 25 fat
67,fr,"Demi-crème, pasteurisée",demi creme pasteurisee
67,de,"Halbrahm, pasteurisiert",halbrahm pasteurisiert
68,en,"Cream, UHT",cream uht
68,fr,"Demi-crème, UHT",demi creme uht
68,de,"Halbrahm, UHT",halbrahm uht
918,en,"Crispbread, wholemeal",crispbread wholemeal
918,fr,"Pain croustillant, complet",pain croustillant complet
918,de,"Knäckebrot, Vollkorn",knackebrot vollkorn
920,en,"Crispbread, wholemeal, with linseeds",crispbread wholemeal with linseeds
920,fr,"Pain croustillant, complet, aux graines de lin",pain croustillant complet aux graines de lin
920,de,"Knäckebrot, Vollkorn mit Leinsamen",knackebrot vollkorn mit leinsamen
919,en,"Crispbread, wholemeal, with sesame",crispbread wholemeal with sesame
919,fr,"Pain croustillant, complet, au sésame",pain croustillant complet au sesame
919,de,"Knäckebrot, Vollkorn mit Sesam",knackebrot vollkorn mit sesam
10406,en,Croissant (average),croissant average
10406,fr,Croissant (moyenne),croissant moyenne
10406,de,Gipfeli (Durchschnitt),gipfeli durchschnitt
913,en,"Croissant filled with nuts, puff pastry",croissant filled with nuts puff pastry
913,fr,"Croissant aux noisettes, pâte feuilletée",croissant aux noisettes pate feuilletee
913,de,Nussgipfel aus Blätterteig,nussgipfel aus blatterteig
914,en,"Croissant filled with nuts, yeast dough",croissant filled with nuts yeast dough
914,fr,"Croissant aux noisette, pâte levée",croissant aux noisette pate levee
914,de,Nussgipfel aus Hefeteig,nussgipfel aus hefeteig
835,en,"Croissant, pretzel (with iodized salt)",croissant pretzel with iodized salt
835,fr,Croissant de Sils (avec sel iodé),croissant de sils avec sel iode
835,de,Laugengipfeli (mit jodiertem Kochsalz),laugengipfeli mit jodiertem kochsalz
835,de,Silsergipfeli,silsergipfeli
14056,en,"Croque Monsieur, Hot Sandwich with cheese and ham",croque monsieur hot sandwich with cheese and ham
14056,fr,Croque Monsieur,croque monsieur
14056,de,Croque Monsieur,croque monsieur
14056,de,Toast mit Schinken und Käse,toast mit schinken und kase
491,en,"Cucumber, pickled",cucumber pickled
491,fr,Cornichon au vinaigre,cornichon au vinaigre
491,de,"Gurke, in Essig eingelegt",gurke in essig eingelegt
491,de,Essiggurke,essiggurke
491,de,Cornichon,cornichon
354,en,"Cucumber, raw",cucumber raw
354,fr,"Concombre, cru",concombre cru
354,de,"Gurke, roh",gurke roh
354,de,Salatgurke,salatgurke
1182,en,"Curd cheese puff pastry (with butter), raw",curd cheese puff pastry with butter raw
1182,fr,"Pâte feuilletée, au séré et au beurre, crue",pate feuilletee au sere et au beurre crue
1182,de,"Quarkblätterteig (mit Butter), ungebacken",quarkblatterteig mit butter ungebacken
1181,en,"Curd cheese puff pastry (with vegetable fat), raw",curd cheese puff pastry with vegetable fat raw
1181,fr,"Pâte feuilletée, au séré et à la graisse végétale, crue",pate feuilletee au sere et a la graisse vegetale crue
1181,de,"Quarkblätterteig (mit pflanzlichem Fett), ungebacken",quarkblatterteig mit pflanzlichem fett ungebacken
13501,en,"Curd, with fruits, with sugar",curd with fruits with sugar
13501,fr,"Séré, aux fruits",sere aux fruits
13501,de,"Quark, mit Früchten, gezuckert",quark mit fruchten gezuckert
70,en,Curds min. 40% fidm,curds min 40 fidm
70,fr,"Séré, nature, à la crème",sere nature a la creme
70,de,"Quark, nature, Rahm",quark nature rahm
71,en,Curds with at most 10% fidm,curds with at most 10 fidm
71,fr,"Séré, nature, maigre",sere nature maigre
71,de,"Quark, nature, mager",quark nature mager
571,en,"Curds, plain, half fat",curds plain half fat
571,fr,"Séré, nature, mi-gras",sere nature mi gras
571,de,"Quark, nature, halbfett",quark nature halbfett
392,en,"Currant, black, raw",currant black raw
392,fr,"Cassis, cru",cassis cru
392,de,"Johannisbeere, schwarz, roh",johannisbeere schwarz roh
391,en,"Currant, red, raw",currant red raw
391,fr,"Groseille rouge, crue",groseille rouge crue
391,fr,Raisinet,raisinet
391,de,"Johannisbeere, rot, roh",johannisbeere rot roh
384,en,"Date, dried",date dried
384,fr,"Datte, sèche",datte seche
384,de,"Dattel, getrocknet",dattel getrocknet
487,en,"Deer (average), raw",deer average raw
487,fr,"Cerf (moyenne), cru",cerf moyenne cru
487,de,"Hirsch (Durchschnitt), roh",hirsch durchschnitt roh
12,en,"Deer, entrecôte, raw",deer entrecote raw
12,fr,"Cerf, entrecôte, crue",cerf entrecote crue
12,de,"Hirsch, Entrecôte, roh",hirsch entrecote roh
14233,en,Donut with chocolate glaze,donut with chocolate glaze
14233,fr,"Donut, nappé de chocolat",donut nappe de chocolat
14233,de,Donut mit Schokoladen-Glasur,donut mit schokoladen glasur
13419,en,Dough for french pizza from Alsace,dough for french pizza from alsace
13419,fr,"Pâte à flammekueche, crue",pate a flammekueche crue
13419,fr,"Pâte à tarte flambée, crue",pate a tarte flambee crue
13419,de,"Flammkuchenteig, ungebacken",flammkuchenteig ungebacken
14208,en,"Dough for french pizza from Alsace, baked",dough for french pizza from alsace baked
14208,fr,"Pâte à flammekueche, cuite",pate a flammekueche cuite
14208,fr,"Pâte à tarte flambée, cuite",pate a tarte flambee cuite
14208,de,"Flammkuchenteig, gebacken",flammkuchenteig gebacken
709,en,"Dried meat (Hobel-, Bündner-, Walliser-, Tessiner- dried meat)",dried meat hobel bundner walliser tessiner dried meat
709,fr,"Viande séchée (des Grisons, du Tessin, du Valais)",viande sechee des grisons du tessin du valais
709,de,Trockenfleisch,trockenfleisch
709,de,Hobelfleisch,hobelfleisch
709,de,Bündnerfleisch,bundnerfleisch
47,en,Drinking water (average Switzerland),drinking water average switzerland
47,fr,Eau potable (en moyenne en Suisse),eau potable en moyenne en suisse
47,de,Trinkwasser (Mittelwert Schweiz),trinkwasser mittelwert schweiz
10535,en,Dulce de Leche,dulce de leche
10535,fr,Dulce de Leche,dulce de leche
10535,fr,Confiture de lait,confiture de lait
10535,de,Dulce de Leche,dulce de leche
10535,de,Milchkonfitüre,milchkonfiture
423,en,Durum wheat semolina,durum wheat semolina
423,fr,"Semoule de blé dur, sèche",semoule de ble dur seche
423,de,"Hartweizengriess, trocken",hartweizengriess trocken
14192,en,"Durum wheat, precooked hulled grain, cooked (without addition of fat and salt)",durum wheat precooked hulled grain cooked without addition of fat and salt
14192,fr,"Blé dur, grain précuit et décortiqué, cuit (sans adjoncton de graisse ni de sel)",ble dur grain precuit et decortique cuit sans adjoncton de graisse ni de sel
14192,de,"Hartweizen, vorgekochtes geschältest Korn, gekocht (ohne Zugabe von Salz und Fett)",hartweizen vorgekochtes geschaltest korn gekocht ohne zugabe von salz und fett
14160,en,"Edamame (immature soy bean), shelled, frozen",edamame immature soy bean shelled frozen
14160,fr,"Edamame (fève de soja, immature), écossé, congelé",edamame feve de soja immature ecosse congele
14160,de,"Edamame (unreife Sojabohne), geschält, gefroren",edamame unreife sojabohne geschalt gefroren
455,en,"Edible boletus, fresh",edible boletus fresh
455,fr,"Bolet, cru",bolet cru
455,fr,Cèpe,cepe
455,de,"Steinpilz, roh",steinpilz roh
1040,en,"Edible boletus, stewed (without addition of fat and salt)",edible boletus stewed without addition of fat and salt
1040,fr,"Bolet, à l'étuvée (sans adjonction de graisse ni de sel)",bolet a l etuvee sans adjonction de graisse ni de sel
1040,de,"Steinpilz, gedünstet (ohne Zugabe von Fett und Salz)",steinpilz gedunstet ohne zugabe von fett und salz
517,en,"Egg liqueur, 16.5 vol%",egg liqueur 16 5 vol
517,en,Egg nogg,egg nogg
517,fr,"Liqueur aux oeufs, 16.5 vol%",liqueur aux oeufs 16 5 vol
517,fr,Cognac aux œufs,cognac aux oeufs
517,de,"Eierlikör, 16.5 vol%",eierlikor 16 5 vol
411,en,"Egg white, raw",egg white raw
411,fr,"Blanc d'oeuf, cru",blanc d oeuf cru
411,de,"Hühnereiweiss, roh (Eiklar)",huhnereiweiss roh eiklar
410,en,"Egg yolk, raw",egg yolk raw
410,fr,"Jaune d'oeuf, cru",jaune d oeuf cru
410,de,"Hühnereigelb, roh (Eidotter)",huhnereigelb roh eidotter
290,en,"Egg, raw",egg raw
290,fr,"Oeuf de poule, entier, cru",oeuf de poule entier cru
290,de,"Hühnerei, ganz, roh",huhnerei ganz roh
1659,en,"Eggplant piccata, prepared",eggplant piccata prepared
1659,fr,"Piccata d'aubergine, préparée",piccata d aubergine preparee
1659,de,"Auberginen-Piccata, zubereitet",auberginen piccata zubereitet
1658,en,"Eggplant slices, breaded, prepared",eggplant slices breaded prepared
1658,fr,"Tranches d'aubergine, panées, préparées",tranches d aubergine panees preparees
1658,de,"Auberginenscheiben, paniert, zubereitet",auberginenscheiben paniert zubereitet
349,en,"Eggplant, raw",eggplant raw
349,fr,"Aubergine, crue",aubergine crue
349,de,"Aubergine, roh",aubergine roh
349,de,Eierfrucht,eierfrucht
1653,en,"Eggplant, steamed (without addition of salt)",eggplant steamed without addition of salt
1653,fr,"Aubergine, à la vapeur (sans adjonction de sel)",aubergine a la vapeur sans adjonction de sel
1653,de,"Aubergine, gedämpft (ohne Zugabe von Salz)",aubergine gedampft ohne zugabe von salz
1003,en,"Eggplant, stewed (without addition of fat and salt)",eggplant stewed without addition of fat and salt
1003,fr,"Aubergine, à l'étuvée (sans adjonction de graisse ni de sel)",aubergine a l etuvee sans adjonction de graisse ni de sel
1003,de,"Aubergine, gedünstet (ohne Zugabe von Fett und Salz)",aubergine gedunstet ohne zugabe von fett und salz
1003,de,Eierfrucht,eierfrucht
436,en,"Elderberry, raw",elderberry raw
436,fr,"Baie de sureau noir, crue",baie de sureau noir crue
436,de,"Holunderbeere, schwarz, roh",holunderbeere schwarz roh
555,en,"Emmentaler cheese, at least 45% fidm",emmentaler cheese at least 45 fidm
555,fr,"Emmentaler, gras",emmentaler gras
555,de,"Emmentaler, vollfett",emmentaler vollfett
467,en,"Endive, raw",endive raw
467,fr,"Chicorée frisée/scarole, crue",chicoree frisee scarole crue
467,fr,Salade scarole,salade scarole
467,fr,Salade frisée,salade frisee
467,de,"Endivie, roh",endivie roh
467,de,Frisée Salat,frisee salat
13436,en,"Energy Drink with caffeine, taurine and vitamins with sweetener",energy drink with caffeine taurine and vitamins with sweetener
13436,fr,"Energy drink, avec caféine, taurine et vitamines, avec édulcorants",energy drink avec cafeine taurine et vitamines avec edulcorants
13436,de,"Energy Drink mit Koffein, Taurin und Vitaminen mit Süssstoffen",energy drink mit koffein taurin und vitaminen mit sussstoffen
13465,en,"Energy Drink with caffeine, taurine and vitamins, with sugar",energy drink with caffeine taurine and vitamins with sugar
13465,fr,"Energy drink, avec caféine, taurine et vitamines, sucré",energy drink avec cafeine taurine et vitamines sucre
13465,de,"Energy Drink mit Koffein, Taurin und Vitaminen, gezuckert",energy drink mit koffein taurin und vitaminen gezuckert
14052,en,"Escalope (average of beef, veal, pork, poultry), breaded, fried",escalope average of beef veal pork poultry breaded fried
14052,fr,"Escalope (moyenne de volaille, veau, boeuf, porc), panée, sautée",escalope moyenne de volaille veau boeuf porc panee sautee
14052,de,"Plätzli (Durchschnitt aus Rind, Kalb, Schwein, Geflügel), paniert, gebraten",platzli durchschnitt aus rind kalb schwein geflugel paniert gebraten
14052,de,Fleisch paniert,fleisch paniert
14052,de,"Schnitzel, paniert",schnitzel paniert
13319,en,"Escalope (average of beef, veal, pork, poultry), pan fried (without addition of fat and salt)",escalope average of beef veal pork poultry pan fried without addition of fat and salt
13319,fr,"Escalope (moyenne de volaille, veau, boeuf, porc), grillée (sans adjonction de graisse ni de sel)",escalope moyenne de volaille veau boeuf porc grillee sans adjonction de graisse ni de sel
13319,de,"Plätzli (Durchschnitt aus Geflügel, Kalb, Rind, Schwein), gebraten (ohne Zusatz von Fett und Salz)",platzli durchschnitt aus geflugel kalb rind schwein gebraten ohne zusatz von fett und salz
1101,en,"Escalope (average of beef, veal, pork, poultry), raw",escalope average of beef veal pork poultry raw
1101,fr,"Escalope (moyenne de veau, boeuf, porc, poulet), crue",escalope moyenne de veau boeuf porc poulet crue
1101,de,"Plätzli (Durchschnitt aus Rind, Kalb, Schwein, Geflügel), roh",platzli durchschnitt aus rind kalb schwein geflugel roh
1190,en,"Espresso with coffee cream, no sugar added",espresso with coffee cream no sugar added
1190,fr,"Expresso crème, non sucré",expresso creme non sucre
1190,de,"Espresso crème, ungezuckert",espresso creme ungezuckert
765,en,"Eurasian perch, raw",eurasian perch raw
765,fr,"Perche, crue",perche crue
765,de,"Egli, roh",egli roh
765,de,Flussbarsch,flussbarsch
13384,en,Ewe's milk,ewe s milk
13384,fr,Lait de brebis,lait de brebis
13384,de,Schafmilch,schafmilch
14066,en,Falafel (deep fried in HOLL rapeseed oil),falafel deep fried in holl rapeseed oil
14066,fr,"Falafel, frit (à l'huile de colza HOLL)",falafel frit a l huile de colza holl
14066,de,"Falafel, frittiert (in HOLL Rapsöl frittiert)",falafel frittiert in holl rapsol frittiert
1268,en,Farmers' bread,farmers bread
1268,fr,Pain paysan,pain paysan
1268,de,Bauernbrot,bauernbrot
1268,de,Burebrot,burebrot
352,en,"Fennel, raw",fennel raw
352,fr,"Fenouil, cru",fenouil cru
352,de,"Fenchel, roh",fenchel roh
1008,en,"Fennel, steamed (without addition of salt)",fennel steamed without addition of salt
1008,fr,"Fenouil, à la vapeur (sans adjonction de sel)",fenouil a la vapeur sans adjonction de sel
1008,de,"Fenchel, gedämpft (ohne Zugabe von Salz)",fenchel gedampft ohne zugabe von salz
1269,en,Fermented dough,fermented dough
1269,fr,Pâte fermentée,pate fermentee
1269,de,Fermentierter Teig,fermentierter teig
539,en,"Feta, cow milk",feta cow milk
539,fr,Feta (lait de vache),feta lait de vache
539,de,Käse in Salzlake (Kuhmilch),kase in salzlake kuhmilch
549,en,"Feta, ewe-/goat milk",feta ewe goat milk
549,fr,Feta (lait de brebis et chèvre),feta lait de brebis et chevre
549,de,Käse in Salzlake (Schaf- und Ziegenmilch),kase in salzlake schaf und ziegenmilch
549,de,Feta,feta
387,en,"Fig, dried",fig dried
387,fr,"Figue, sèche",figue seche
387,de,"Feige, getrocknet",feige getrocknet
387,de,Dörrfeige,dorrfeige
386,en,"Fig, fresh",fig fresh
386,fr,"Figue, crue",figue crue
386,de,"Feige, roh",feige roh
13345,en,"Fish (average), filet, steamed (without addition of fat and salt)",fish average filet steamed without addition of fat and salt
13345,fr,"Poisson (moyenne), filet, à la vapeur (sans adjonction de graisse ni de sel)",poisson moyenne filet a la vapeur sans adjonction de graisse ni de sel
13345,de,"Fisch (Durchschnitt), Filet, gedämpft (ohne Zusatz von Fett und Salz)",fisch durchschnitt filet gedampft ohne zusatz von fett und salz
1098,en,"Fish (average), raw",fish average raw
1098,fr,"Poisson (moyenne), cru",poisson moyenne cru
1098,de,"Fisch (Durchschnitt), roh",fisch durchschnitt roh
773,en,"Fish fingers (sticks), breaded and pre deep fried",fish fingers sticks breaded and pre deep fried
773,fr,"Bâtonnet de poisson, pané et préfrit",batonnet de poisson pane et prefrit
773,de,"Fischstäbchen, paniert und vorfritiert",fischstabchen paniert und vorfritiert
1168,en,"Fish fingers/sticks (breaded and pre deep fried), fried in HOLL rapeseed oil",fish fingers sticks breaded and pre deep fried fried in holl rapeseed oil
1168,fr,"Bâtonnet de poisson (pané et préfrit), grillé à l'huile de colza HOLL",batonnet de poisson pane et prefrit grille a l huile de colza holl
1168,de,"Fischstäbchen (paniert und vorfritiert), gebraten in HOLL-Rapsöl",fischstabchen paniert und vorfritiert gebraten in holl rapsol
1169,en,"Fish fingers/sticks (breaded and pre deep fried), oven baked (without addition of fat)",fish fingers sticks breaded and pre deep fried oven baked without addition of fat
1169,fr,"Bâtonnet de poisson (pané et préfrit), au four (sans adjonction de graisse)",batonnet de poisson pane et prefrit au four sans adjonction de graisse
1169,de,"Fischstäbchen (paniert und vorfritiert), im Ofen gebacken (ohne Zugabe von Fett)",fischstabchen paniert und vorfritiert im ofen gebacken ohne zugabe von fett
414,en,"Fish product, anchovy in oil, drained",fish product anchovy in oil drained
414,fr,"Anchois à l'huile, égoutté",anchois a l huile egoutte
414,de,"Sardelle im Öl, abgetropft",sardelle im ol abgetropft
413,en,"Fish product, sardine in oil, drained",fish product sardine in oil drained
413,fr,"Sardine à l'huile, égouttée",sardine a l huile egouttee
413,de,"Sardine im Öl, abgetropft",sardine im ol abgetropft
760,en,"Fish, hake, raw",fish hake raw
760,fr,"Merlu, cru",merlu cru
760,fr,Colin,colin
760,de,"Seehecht, roh",seehecht roh
415,en,"Fish, plaice, raw",fish plaice raw
415,fr,"Carrelet, cru",carrelet cru
415,fr,Plie,plie
415,de,"Scholle, roh",scholle roh
415,de,Goldbutt,goldbutt
754,en,"Fish, pollock (saithe), raw",fish pollock saithe raw
754,fr,"Lieu noir, cru",lieu noir cru
754,fr,Colin noir,colin noir
754,de,"Seelachs, roh",seelachs roh
754,de,Kohlfisch,kohlfisch
754,de,Köhler,kohler
754,de,Pollack,pollack
757,en,"Fish, sardine, raw",fish sardine raw
757,fr,"Sardine, crue",sardine crue
757,de,"Sardine, roh",sardine roh
755,en,"Fish, sole, raw",fish sole raw
755,fr,"Sole, crue",sole crue
755,de,"Seezunge, roh",seezunge roh
756,en,"Fish, tuna, raw",fish tuna raw
756,fr,"Thon, cru",thon cru
756,de,"Thunfisch, roh",thunfisch roh
13461,en,Fishburger,fishburger
13461,fr,Burger au poisson,burger au poisson
13461,de,Burger mit Fisch,burger mit fisch
1185,en,"Flat white (little milk), no sugar added",flat white little milk no sugar added
1185,fr,"Café au lait (foncé), non sucré",cafe au lait fonce non sucre
1185,fr,Renversé,renverse
1185,de,"Milchkaffee dunkel, ungezuckert",milchkaffee dunkel ungezuckert
1185,de,Schale,schale
1186,en,"Flat white (much milk), no sugar added",flat white much milk no sugar added
1186,fr,"Café au lait (clair), non sucré",cafe au lait clair non sucre
1186,fr,Renversé,renverse
1186,de,"Milchkaffee hell, ungezuckert",milchkaffee hell ungezuckert
1186,de,Schale,schale
1187,en,"Flat white, no sugar added",flat white no sugar added
1187,fr,"Café au lait, non sucré",cafe au lait non sucre
1187,fr,Renversé,renverse
1187,de,"Milchkaffee, ungezuckert",milchkaffee ungezuckert
1187,de,Schale,schale
13405,en,"Flaxseed oil, cold pressed",flaxseed oil cold pressed
13405,en,Linseed oil,linseed oil
13405,fr,"Huile de lin, pressée à froid",huile de lin pressee a froid
13405,de,"Leinöl, kaltgepresst",leinol kaltgepresst
14007,en,Florentine,florentine
14007,fr,Florentin,florentin
14007,de,Florentiner,florentiner
13351,en,"Flounder, filet, steamed (without addition of fat and Salt)",flounder filet steamed without addition of fat and salt
13351,fr,"Flet, filet, à la vapeur (sans adjonction de graisse ni de sel)",flet filet a la vapeur sans adjonction de graisse ni de sel
13351,de,"Flunder, Filet, gedämpft (ohne Zusatz von Fett und Salz)",flunder filet gedampft ohne zusatz von fett und salz
481,en,"Flounder, raw",flounder raw
481,fr,"Flet, cru",flet cru
481,de,"Flunder, roh",flunder roh
1135,en,Flour (average),flour average
1135,fr,Farine (moyenne),farine moyenne
1135,de,Mehl (Durchschnitt),mehl durchschnitt
1524,en,"Flour omelette filled with mushrooms, prepared",flour omelette filled with mushrooms prepared
1524,fr,"Crêpe aux champignons, préparée",crepe aux champignons preparee
1524,de,"Mehlomeletten mit Champignonfüllung, zubereitet",mehlomeletten mit champignonfullung zubereitet
1525,en,"Flour omelette filled with vegetables, prepared",flour omelette filled with vegetables prepared
1525,fr,"Crêpe aux légumes, préparée",crepe aux legumes preparee
1525,de,"Mehlomeletten mit Gemüsefüllung, zubereitet",mehlomeletten mit gemusefullung zubereitet
14266,en,"Flour omelette with apple, prepared",flour omelette with apple prepared
14266,fr,"Crêpe à la compote de pomme, préparée",crepe a la compote de pomme preparee
14266,de,"Mehlomelette mit Apfelmus, zubereitet",mehlomelette mit apfelmus zubereitet
1527,en,"Flour omelette with bacon, prepared",flour omelette with bacon prepared
1527,fr,"Crêpe au lard, préparée",crepe au lard preparee
1527,de,"Mehlomeletten mit Speck, zubereitet",mehlomeletten mit speck zubereitet
1523,en,"Flour omelette with cheese, prepared",flour omelette with cheese prepared
1523,fr,"Crêpe au fromage, préparée",crepe au fromage preparee
1523,de,"Mehlomeletten mit Käse, zubereitet",mehlomeletten mit kase zubereitet
1526,en,"Flour omelette with ham, prepared",flour omelette with ham prepared
1526,fr,"Crêpe au jambon, préparée",crepe au jambon preparee
1526,de,"Mehlomeletten mit Schinken, zubereitet",mehlomeletten mit schinken zubereitet
1695,en,"Flour omelette with Nutella, prepared",flour omelette with nutella prepared
1695,fr,"Crêpe au Nutella, préparée",crepe au nutella preparee
1695,de,"Mehlomeletten mit Nutella, zubereitet",mehlomeletten mit nutella zubereitet
1694,en,"Flour omelette with sugar and cinnamon, prepared",flour omelette with sugar and cinnamon prepared
1694,fr,"Crêpe au sucre et cannelle, préparée",crepe au sucre et cannelle preparee
1694,fr,Omelette à la farine,omelette a la farine
1694,de,"Mehlomeletten mit Zimt und Zucker, zubereitet",mehlomeletten mit zimt und zucker zubereitet
1522,en,"Flour omelette, homemade, prepared",flour omelette homemade prepared
1522,fr,"Crêpe nature, préparée",crepe nature preparee
1522,fr,Omelette à la farine,omelette a la farine
1522,de,"Mehlomeletten, hausgemacht, zubereitet",mehlomeletten hausgemacht zubereitet
1136,en,"Flour, white and semi-white (average)",flour white and semi white average
1136,fr,Farine claire (moyenne),farine claire moyenne
1136,de,"Mehl, hell (Durchschnitt)",mehl hell durchschnitt
1475,en,"Fondue moitié-moitié, prepared",fondue moitie moitie prepared
1475,fr,"Fondue moitié-moitié, préparée",fondue moitie moitie preparee
1475,de,"Fondue moitié-moitié, zubereitet",fondue moitie moitie zubereitet
797,en,"Fondue, prepared",fondue prepared
797,fr,"Fondue classique, préparée",fondue classique preparee
797,de,"Fondue klassisch, zubereitet",fondue klassisch zubereitet
1476,en,"Fondue, prepared with cider",fondue prepared with cider
1476,fr,"Fondue, préparée avec du cidre",fondue preparee avec du cidre
1476,de,"Fondue mit Apfelwein, zubereitet",fondue mit apfelwein zubereitet
10450,en,"French fries (baked in the oven), unsalted",french fries baked in the oven unsalted
10450,fr,"Pommes frites (cuites au four), non salées",pommes frites cuites au four non salees
10450,de,"Pommes Frites (im Ofen gebacken), ungesalzen",pommes frites im ofen gebacken ungesalzen
10450,de,Ofen-Pommes,ofen pommes
10449,en,"French fries (deep fried in HO sunflower oil), unsalted",french fries deep fried in ho sunflower oil unsalted
10449,fr,"Pommes frites (frites dans de l'huile de tournesol HO), non salées",pommes frites frites dans de l huile de tournesol ho non salees
10449,de,"Pommes Frites (in HO Sonnenblumenöl frittiert), ungesalzen",pommes frites in ho sonnenblumenol frittiert ungesalzen
818,en,"French fries for oven, deep-frozen",french fries for oven deep frozen
818,fr,"Frites au four, surgelées",frites au four surgelees
818,de,"Ofen-Frites, tiefgekühlt",ofen frites tiefgekuhlt
818,de,Ofen-Pommes,ofen pommes
1503,en,"French omelette with bacon, prepared",french omelette with bacon prepared
1503,fr,"Omelette à la française au lard, préparée",omelette a la francaise au lard preparee
1503,de,"Eieromeletten mit Speck, zubereitet",eieromeletten mit speck zubereitet
1503,de,Französische Omeletten,franzosische omeletten
1502,en,"French omelette with cheese, prepared",french omelette with cheese prepared
1502,fr,"Omelette à la française au fromage, préparée",omelette a la francaise au fromage preparee
1502,de,"Eieromeletten mit Käse, zubereitet",eieromeletten mit kase zubereitet
1502,de,Französische Omeletten,franzosische omeletten
1501,en,"French omelette with ham, prepared",french omelette with ham prepared
1501,fr,"Omelette à la française au jambon, préparée",omelette a la francaise au jambon preparee
1501,de,"Eieromeletten mit Schinken, zubereitet",eieromeletten mit schinken zubereitet
1501,de,Französische Omeletten,franzosische omeletten
1500,en,"French omelette, prepared",french omelette prepared
1500,fr,"Omelette à la française, préparée",omelette a la francaise preparee
1500,de,"Eieromeletten, zubereitet",eieromeletten zubereitet
1500,de,Französische Omeletten,franzosische omeletten
1504,en,"French pizza from Alsace, baked",french pizza from alsace baked
1504,fr,"Tarte flambée, cuite au four",tarte flambee cuite au four
1504,de,"Flammkuchen, gebacken",flammkuchen gebacken
1504,de,Flammkuchen,flammkuchen
1515,en,French toast unsweetened,french toast unsweetened
1515,fr,Pain perdu non sucré,pain perdu non sucre
1515,de,Fotzelschnitte ungezuckert,fotzelschnitte ungezuckert
13926,en,"Fresh goat's cheese, spreadable",fresh goat s cheese spreadable
13926,fr,"Fromage de chèvre frais, tartinable",fromage de chevre frais tartinable
13926,de,"Ziegenfrischkäse, zum Streichen",ziegenfrischkase zum streichen
1120,en,"Fruit (average), dried",fruit average dried
1120,fr,"Fruit (moyenne), séché",fruit moyenne seche
1120,de,"Früchte (Durchschnitt), getrocknet",fruchte durchschnitt getrocknet
1120,de,Dörrfrüchte (Durchschnitt),dorrfruchte durchschnitt
1120,de,"Früchte, gedörrt (Durchschnitt)",fruchte gedorrt durchschnitt
775,en,"Fruit cocktail in syrup, canned, drained",fruit cocktail in syrup canned drained
775,fr,"Macédoine de fruits, au sirop, en conserve, égouttée",macedoine de fruits au sirop en conserve egouttee
775,de,"Fruchtcocktail in Sirup, Konserve, abgetropft",fruchtcocktail in sirup konserve abgetropft
777,en,"Fruit cocktail with sweetener, canned, drained",fruit cocktail with sweetener canned drained
777,fr,"Macédoine de fruits, avec édulcorant, en conserve, égouttée",macedoine de fruits avec edulcorant en conserve egouttee
777,de,"Fruchtcocktail mit Süssungsmittel, Konserve, abgetropft",fruchtcocktail mit sussungsmittel konserve abgetropft
1130,en,"Fruit juice (average), no sugar added",fruit juice average no sugar added
1130,fr,"Jus de fruit, non sucré (moyenne)",jus de fruit non sucre moyenne
1130,de,"Fruchtsaft (Durchschnitt), ungezuckert",fruchtsaft durchschnitt ungezuckert
1131,en,"Fruit juice diluted (average, 60% juice - 40% water), no sugar added",fruit juice diluted average 60 juice 40 water no sugar added
1131,fr,"Jus de fruit dilué (60% jus - 40 % eau), non sucré (moyenne)",jus de fruit dilue 60 jus 40 eau non sucre moyenne
1131,de,"Fruchtsaft-Schorle (Durchschnitt, 60% Saft - 40% Wasser), ungezuckert",fruchtsaft schorle durchschnitt 60 saft 40 wasser ungezuckert
10456,en,"Fruit pie (average), homemade",fruit pie average homemade
10456,fr,"Tarte aux fruits, faite maison (moyenne)",tarte aux fruits faite maison moyenne
10456,de,"Fruchtwähe/-kuchen (Durchschnitt), hausgemacht",fruchtwahe kuchen durchschnitt hausgemacht
10454,en,"Fruit pie with cake dough (average), homemade",fruit pie with cake dough average homemade
10454,fr,"Tarte aux fruits, faite maison, pâte brisée (moyenne)",tarte aux fruits faite maison pate brisee moyenne
10454,de,"Fruchtwähe/-kuchen mit Kuchenteig (Durchschnitt), hausgemacht",fruchtwahe kuchen mit kuchenteig durchschnitt hausgemacht
10453,en,"Fruit pie with puff pastry (average), homemade",fruit pie with puff pastry average homemade
10453,fr,"Tarte aux fruits, faite maison, pâte feuilletée (moyenne)",tarte aux fruits faite maison pate feuilletee moyenne
10453,de,"Fruchtwähe/-kuchen mit Blätterteig (Durchschnitt), hausgemacht",fruchtwahe kuchen mit blatterteig durchschnitt hausgemacht
10455,en,Fruit pie with sweet short pastry base (average),fruit pie with sweet short pastry base average
10455,fr,"Tarte aux fruits, faite  maison, pâte brisée sucrée (moyenne)",tarte aux fruits faite maison pate brisee sucree moyenne
10455,de,Fruchtwähe/-kuchen mit süssem Mürbeteig (Durchschnitt),fruchtwahe kuchen mit sussem murbeteig durchschnitt
14270,en,Fruit tart,fruit tart
14270,fr,Tarte aux fruits,tarte aux fruits
14270,de,Fruchtwähe/-kuchen,fruchtwahe kuchen
14270,de,Fruchtwähe,fruchtwahe
1124,en,"Fruits (average), cooked (without addition of sugar)",fruits average cooked without addition of sugar
1124,fr,"Fruit (moyenne), cuit (sans adjonction de sucre)",fruit moyenne cuit sans adjonction de sucre
1124,de,"Früchte (Durchschnitt), gekocht (ohne Zugabe von Zucker)",fruchte durchschnitt gekocht ohne zugabe von zucker
1123,en,"Fruits, raw (average)",fruits raw average
1123,fr,"Fruit (moyenne), cru",fruit moyenne cru
1123,de,"Früchte (Durchschnitt), roh",fruchte durchschnitt roh
13281,en,"Game meat (average), cooked (without addition of fat and Salt)",game meat average cooked without addition of fat and salt
13281,fr,"Gibier (moyenne), cuit (sans adjonction de graisse ni de sel)",gibier moyenne cuit sans adjonction de graisse ni de sel
13281,de,"Wildfleisch (Durchschnitt), gekocht (ohne Zusatz von Fett und Salz)",wildfleisch durchschnitt gekocht ohne zusatz von fett und salz
1125,en,"Game meat (average), raw",game meat average raw
1125,fr,"Gibier (moyenne), cru",gibier moyenne cru
1125,de,"Wildfleisch (Durchschnitt), roh",wildfleisch durchschnitt roh
356,en,"Garlic, raw",garlic raw
356,fr,"Ail, cru",ail cru
356,de,"Knoblauch, roh",knoblauch roh
14002,en,Gazpacho,gazpacho
14002,fr,Gazpacho,gazpacho
14002,de,Gazpacho,gazpacho
14239,en,"Ginger, root, raw",ginger root raw
14239,fr,"Gingembre, racine, crue",gingembre racine crue
14239,de,"Ingwer, roh",ingwer roh
768,en,Glucose,glucose
768,fr,Sucre de raisin,sucre de raisin
768,fr,Glucose,glucose
768,fr,Dextrose,dextrose
768,de,Traubenzucker,traubenzucker
768,de,Glukose,glukose
768,de,Dextrose,dextrose
687,en,"Goat (average), raw",goat average raw
687,fr,"Chèvre (moyenne), crue",chevre moyenne crue
687,de,"Ziege (Durchschnitt), roh",ziege durchschnitt roh
528,en,Goat milk,goat milk
528,fr,Lait de chèvre,lait de chevre
528,de,Ziegenmilch,ziegenmilch
400,en,"Gooseberry, raw",gooseberry raw
400,fr,"Groseille à maquereau, crue",groseille a maquereau crue
400,de,"Stachelbeere, roh",stachelbeere roh
483,en,Gorgonzola,gorgonzola
483,fr,Gorgonzola,gorgonzola
483,de,Gorgonzola,gorgonzola
684,en,Goulash soup,goulash soup
684,fr,Soupe goulache,soupe goulache
684,de,Gulaschsuppe,gulaschsuppe
573,en,Grape juice,grape juice
573,fr,Jus de raisin,jus de raisin
573,de,Traubensaft,traubensaft
592,en,Grape seed oil,grape seed oil
592,fr,Huile de pépins de raisin,huile de pepins de raisin
592,de,Traubenkernöl,traubenkernol
478,en,"Grape, green, fresh",grape green fresh
478,fr,"Raisin, blanc, cru",raisin blanc cru
478,de,"Traube, weiss, roh",traube weiss roh
478,de,Weintraube,weintraube
388,en,"Grapefruit (white or red), raw",grapefruit white or red raw
388,fr,"Pamplemousse (blanc ou rouge), cru",pamplemousse blanc ou rouge cru
388,fr,Grapefruit,grapefruit
388,de,"Grapefruit (weiss oder rot), roh",grapefruit weiss oder rot roh
388,de,Pampelmuse,pampelmuse
669,en,Graubünden barley soup,graubunden barley soup
669,fr,Soupe d'orge des Grisons,soupe d orge des grisons
669,fr,Potage,potage
669,de,Bündner Gerstensuppe,bundner gerstensuppe
651,en,"Gravy, brown",gravy brown
651,fr,"Sauce de rôti, claire",sauce de roti claire
651,de,"Bratensauce, klar",bratensauce klar
650,en,"Gravy, thickened",gravy thickened
650,fr,"Sauce de rôti, liée",sauce de roti liee
650,de,"Bratensauce, gebunden",bratensauce gebunden
14068,en,"Green bean, dried, soaked, steamed (without addition of salt)",green bean dried soaked steamed without addition of salt
14068,fr,"Haricot vert sec, mis à tremper, cuit à la vapeur (sans adjonction de sel)",haricot vert sec mis a tremper cuit a la vapeur sans adjonction de sel
14068,de,"Dörrbohne, eingeweicht, gedämpft (ohne Zugabe von Salz)",dorrbohne eingeweicht gedampft ohne zugabe von salz
1009,en,"Green bean, steamed (without addition of salt)",green bean steamed without addition of salt
1009,fr,"Haricot (vert), à la vapeur (sans adjonction de sel)",haricot vert a la vapeur sans adjonction de sel
1009,de,"Bohne, grün, gedämpft (ohne Zugabe von Salz)",bohne grun gedampft ohne zugabe von salz
1009,de,Gartenbohne,gartenbohne
14219,en,"Green pea, frozen",green pea frozen
14219,fr,"Petit pois, surgelé",petit pois surgele
14219,de,"Erbse, grün, tiefgekühlt",erbse grun tiefgekuhlt
14219,de,"Erbsli, gefroren",erbsli gefroren
369,en,"Green pea, raw",green pea raw
369,fr,"Petit pois, cru",petit pois cru
369,de,"Erbse, grün, roh",erbse grun roh
369,de,Erbsli,erbsli
1010,en,"Green pea, steamed (without addition of salt)",green pea steamed without addition of salt
1010,fr,"Petit-pois, à la vapeur (sans adjonction de sel)",petit pois a la vapeur sans adjonction de sel
1010,de,"Erbse, grün, gedämpft (ohne Zugabe von Salz)",erbse grun gedampft ohne zugabe von salz
1011,en,"Green peas (canned), heated (without addition of salt)",green peas canned heated without addition of salt
1011,fr,"Petit-pois (conserve), réchauffé (sans adjonction de sel)",petit pois conserve rechauffe sans adjonction de sel
1011,de,"Erbse (Konserve), aufgewärmt (ohne Zugabe von Salz)",erbse konserve aufgewarmt ohne zugabe von salz
1034,en,"Green peas and carrots (canned), heated (without addition of salt)",green peas and carrots canned heated without addition of salt
1034,fr,"Petits-pois et carottes, réchauffés (sans adjonction de sel)",petits pois et carottes rechauffes sans adjonction de sel
1034,de,"Erbsen und Karotten (Konserve), aufgewärmt (ohne Zugabe von Salz)",erbsen und karotten konserve aufgewarmt ohne zugabe von salz
1034,de,Rüebli,ruebli
815,en,"Green peas and carrots, canned",green peas and carrots canned
815,fr,"Petit-pois et carottes, conserve",petit pois et carottes conserve
815,de,Erbsen und Karotten (Konserve),erbsen und karotten konserve
815,de,Rüebli,ruebli
630,en,"Green peas, canned",green peas canned
630,fr,"Petit-pois, conserve",petit pois conserve
630,de,Erbse (Konserve),erbse konserve
530,en,"Greyerzer, at least 45% fidm",greyerzer at least 45 fidm
530,fr,"Gruyère, gras",gruyere gras
530,de,"Greyerzer, vollfett",greyerzer vollfett
530,de,Gruyère,gruyere
14213,en,Grissini,grissini
14213,fr,Grissini,grissini
14213,fr,Gressin,gressin
14213,de,Grissini,grissini
1272,en,Grittibänz (Swiss bread man),grittibanz swiss bread man
1272,fr,Bonhomme de pâte,bonhomme de pate
1272,de,Grittibänz,grittibanz
653,en,Ground meat sauce,ground meat sauce
653,fr,Sauce bolognaise,sauce bolognaise
653,de,Bolognaisesauce,bolognaisesauce
653,de,Tomaten-Hackfleischsauce,tomaten hackfleischsauce
14292,en,"Guacamole, homemade",guacamole homemade
14292,fr,"Guacamole, fait maison",guacamole fait maison
14292,de,"Guacamole, hausgemacht",guacamole hausgemacht
13997,en,"Guacamole, pre-packaged",guacamole pre packaged
13997,fr,"Guacamole, préemballé",guacamole preemballe
13997,de,"Guacamole, abgepackt",guacamole abgepackt
753,en,"Halibut, Atlantic, raw",halibut atlantic raw
753,fr,"Flétan de l'Atlantique, cru",fletan de l atlantique cru
753,fr,Flétan blanc,fletan blanc
753,de,"Heilbutt, Atlantisch, roh",heilbutt atlantisch roh
753,de,Weisser Heilbutt,weisser heilbutt
13446,en,Ham croissant,ham croissant
13446,fr,Croissant au jambon,croissant au jambon
13446,de,Schinkengipfeli,schinkengipfeli
691,en,"Ham, cooked",ham cooked
691,fr,Jambon cuit de derrière,jambon cuit de derriere
691,de,Hinterschinken,hinterschinken
693,en,"Ham, raw",ham raw
693,fr,Jambon cru,jambon cru
693,de,Rohschinken,rohschinken
14025,en,"Hamburger, double",hamburger double
14025,fr,"Hamburger, double",hamburger double
14025,de,"Hamburger, doppelt",hamburger doppelt
1193,en,"Hard and semi hard cheese, full fat (average)",hard and semi hard cheese full fat average
1193,fr,"Fromage à pâte dure et mi-dure, gras (moyenne)",fromage a pate dure et mi dure gras moyenne
1193,de,"Hart- und Halbhartkäse, vollfett (Durchschnitt)",hart und halbhartkase vollfett durchschnitt
952,en,Hard caramels,hard caramels
952,fr,Bonbon dur,bonbon dur
952,de,"Hartkaramellen, Hartbonbons",hartkaramellen hartbonbons
13329,en,"Hare (Durchschnitt), cooked (without addition of fat and salt)",hare durchschnitt cooked without addition of fat and salt
13329,fr,"Lapin (moyenne), cuit (sans adjonction de graisse ni de sel)",lapin moyenne cuit sans adjonction de graisse ni de sel
13329,de,"Kaninchen (Durchschnitt), gekocht (ohne Zusatz von Fett und Salz)",kaninchen durchschnitt gekocht ohne zusatz von fett und salz
16,en,"Hare, filet, raw",hare filet raw
16,fr,"Lapin, filet, cru",lapin filet cru
16,de,"Kaninchen, Filet, roh",kaninchen filet roh
486,en,"Hare, fresh",hare fresh
486,fr,"Lièvre (moyenne), cru",lievre moyenne cru
486,de,"Hase (Durchschnitt), roh",hase durchschnitt roh
686,en,"Hare, meat, raw",hare meat raw
686,fr,"Lapin (moyenne), cru",lapin moyenne cru
686,de,"Kaninchen (Durchschnitt), roh",kaninchen durchschnitt roh
270,en,Hazelnut,hazelnut
270,fr,Noisette,noisette
270,de,Haselnuss,haselnuss
703,en,Hazelnut-chocolate spread,hazelnut chocolate spread
703,fr,Pâte à tartiner aux noisettes et au chocolat,pate a tartiner aux noisettes et au chocolat
703,de,Haselnuss-Schokolade-Brotaufstrich,haselnuss schokolade brotaufstrich
903,en,Hazelnut cookie,hazelnut cookie
903,fr,Biscuits aux noisettes,biscuits aux noisettes
903,fr,Sablé aux noisettes,sable aux noisettes
903,de,Haselnusskeks,haselnusskeks
903,de,Haselnussguetzli,haselnussguetzli
903,de,Sablé mit Haselnuss,sable mit haselnuss
869,en,"Hazelnut macaroon, homemade",hazelnut macaroon homemade
869,fr,"Macaron aux noisettes, fait maison",macaron aux noisettes fait maison
869,de,"Haselnussmakrone, hausgemacht",haselnussmakrone hausgemacht
14108,en,Hazelnut oil,hazelnut oil
14108,fr,Huile de noisette,huile de noisette
14108,de,Haselnussöl,haselnussol
14091,en,Hempseed oil,hempseed oil
14091,fr,Huile de chanvre,huile de chanvre
14091,de,Hanföl,hanfol
666,en,Hollandaise sauce,hollandaise sauce
666,fr,Sauce hollandaise,sauce hollandaise
666,de,Hollandaisesauce,hollandaisesauce
472,en,"Honey, from flowers",honey from flowers
472,fr,Miel (miel de fleurs),miel miel de fleurs
472,de,Honig (Blütenhonig),honig blutenhonig
1670,en,"Horse ragout with sauce, prepared",horse ragout with sauce prepared
1670,fr,"Ragoût de cheval avec sauce, préparé",ragout de cheval avec sauce prepare
1670,de,"Pferderagout mit Sauce, zubereitet",pferderagout mit sauce zubereitet
1670,de,Voressen,voressen
13328,en,"Horse, filet, pan fried (without addition of fat and salt)",horse filet pan fried without addition of fat and salt
13328,fr,"Cheval, filet, grillé ""à point"" (sans adjonction de graisse ni de sel)",cheval filet grille a point sans adjonction de graisse ni de sel
13328,de,"Pferd, Filet, gebraten (ohne Zusatz von Fett und Salz)",pferd filet gebraten ohne zusatz von fett und salz
685,en,"Horse, filet, raw",horse filet raw
685,fr,"Cheval, filet, cru",cheval filet cru
685,de,"Pferd, Filet, roh",pferd filet roh
1590,en,Hot Dog in white bread with ketchup and mustard,hot dog in white bread with ketchup and mustard
1590,fr,"Hot Dog avec pain blanc, ketchup et moutarde",hot dog avec pain blanc ketchup et moutarde
1590,de,Hot Dog in Weissbrot mit Ketchup und Senf,hot dog in weissbrot mit ketchup und senf
14055,en,Hummus,hummus
14055,fr,Houmous,houmous
14055,fr,Houmos,houmos
14055,de,Hummus,hummus
652,en,Huntsman sauce,huntsman sauce
652,fr,Sauce chasseur,sauce chasseur
652,de,Jägersauce,jagersauce
13960,en,"Ice cream bar or stick, chocolate coated",ice cream bar or stick chocolate coated
13960,fr,"Barre ou batonnet de crème glacée, enrobé de chocolat",barre ou batonnet de creme glacee enrobe de chocolat
13960,de,Glaceriegel oder Stängel (Rahmglace) mit Schokoladeüberzug,glaceriegel oder stangel rahmglace mit schokoladeuberzug
13959,en,Ice cream cone,ice cream cone
13959,fr,Cornet glacé,cornet glace
13959,fr,Cône glacé,cone glace
13959,de,Cornet Glace,cornet glace
694,en,"Ice cream, dairy, fruit",ice cream dairy fruit
694,fr,"Crème glacée, aux fruits",creme glacee aux fruits
694,fr,Glace,glace
694,de,"Rahmglace, Frucht",rahmglace frucht
694,de,Rahmeis,rahmeis
14206,en,"Ice cream, with flavor",ice cream with flavor
14206,fr,"Crème glacée, avec arome",creme glacee avec arome
14206,de,"Rahmglace, Aroma",rahmglace aroma
804,en,"Ice Tea, sweetened",ice tea sweetened
804,fr,"Thé froid, sucré",the froid sucre
804,fr,Icetea,icetea
804,de,"Eistee, gezuckert",eistee gezuckert
459,en,"Iceberg lettuce, raw",iceberg lettuce raw
459,fr,"Salade Iceberg, crue",salade iceberg crue
459,de,"Eisbergsalat, roh",eisbergsalat roh
696,en,Jam,jam
696,fr,Confiture,confiture
696,de,Konfitüre,konfiture
696,de,Marmelade,marmelade
697,en,"Jam, low calorie with sweetener",jam low calorie with sweetener
697,fr,"Confiture, avec valeur énergétique réduite, édulcorée",confiture avec valeur energetique reduite edulcoree
697,de,"Konfitüre, energievermindert mit Süssstoffen",konfiture energievermindert mit sussstoffen
697,de,Marmelade,marmelade
951,en,Jelly babies with fruit essence,jelly babies with fruit essence
951,fr,Bonbon gélifié à l'arome de fruit,bonbon gelifie a l arome de fruit
951,de,Gummibonbon mit Fruchtessenz,gummibonbon mit fruchtessenz
13442,en,"Jerusalem artichoke, cooked (without addition of salt)",jerusalem artichoke cooked without addition of salt
13442,fr,"Topinambour, cuit (sans adjonction de sel)",topinambour cuit sans adjonction de sel
13442,de,"Topinambur, gekocht (ohne Zugabe von Salz)",topinambur gekocht ohne zugabe von salz
13441,en,"Jerusalem artichoke, raw",jerusalem artichoke raw
13441,fr,"Topinambour, cru",topinambour cru
13441,de,"Topinambur, roh",topinambur roh
583,en,Kakaobutter,kakaobutter
583,fr,Beurre de cacao,beurre de cacao
583,de,Kakaobutter,kakaobutter
393,en,"Kaki, raw",kaki raw
393,fr,"Kaki, cru",kaki cru
393,de,"Kaki, roh",kaki roh
13400,en,"Kale, raw",kale raw
13400,fr,"Chou plume, cru",chou plume cru
13400,fr,Chou frisé non pommé,chou frise non pomme
13400,de,"Federkohl, roh",federkohl roh
13400,de,Grünkohl,grunkohl
13401,en,"Kale, stewed (without addition of salt and fat)",kale stewed without addition of salt and fat
13401,fr,"Chou plume, à l'étuvée (sans adjonction de sel ni de graisse)",chou plume a l etuvee sans adjonction de sel ni de graisse
13401,fr,Chou frisé non pommé,chou frise non pomme
13401,de,"Federkohl, gedünstet (ohne Zugabe von Salz und Fett)",federkohl gedunstet ohne zugabe von salz und fett
13401,de,Grünkohl,grunkohl
1572,en,Kebab in pita bread,kebab in pita bread
1572,fr,Kebab (dürüm),kebab durum
1572,de,Kebab im Fladenbrot,kebab im fladenbrot
635,en,Ketchup,ketchup
635,fr,Ketchup,ketchup
635,de,Ketchup,ketchup
395,en,"Kiwi fruit, raw",kiwi fruit raw
395,fr,"Kiwi, cru",kiwi cru
395,de,"Kiwi, roh",kiwi roh
449,en,"Kohlrabi, raw",kohlrabi raw
449,fr,"Chou-pomme, cru",chou pomme cru
449,fr,Chou-rave,chou rave
449,fr,Colrave,colrave
449,de,"Kohlrabi, roh",kohlrabi roh
449,de,Rübkohl,rubkohl
1014,en,"Kohlrabi, steamed (without addition of salt)",kohlrabi steamed without addition of salt
1014,fr,"Chou-pomme, à la vapeur (sans adjonction de sel)",chou pomme a la vapeur sans adjonction de sel
1014,fr,Chou-rave,chou rave
1014,fr,Colrave,colrave
1014,de,"Kohlrabi, gedämpft (ohne Zugabe von Salz)",kohlrabi gedampft ohne zugabe von salz
1014,de,Rübkohl,rubkohl
852,en,Ladyfinger cookie,ladyfinger cookie
852,fr,Pélerines,pelerines
852,fr,Biscuits à la cuillère,biscuits a la cuillere
852,de,Löffelbiscuit,loffelbiscuit
372,en,"Lamb's lettuce, raw",lamb s lettuce raw
372,fr,"Mâche, crue",mache crue
372,fr,Rampon,rampon
372,fr,Doucette,doucette
372,de,"Nüsslisalat, roh",nusslisalat roh
372,de,Feldsalat,feldsalat
372,de,Rapunzelsalat,rapunzelsalat
1110,en,"Lamb (average excluding offal, chop), raw",lamb average excluding offal chop raw
1110,fr,"Agneau/mouton (moyenne sans abats ni côtelette), cru",agneau mouton moyenne sans abats ni cotelette cru
1110,de,"Lamm/Schaf (Durchschnitt exkl. Innereien, Kotelett), roh",lamm schaf durchschnitt exkl innereien kotelett roh
5,en,"Lamb (sheep), cutlet, raw (Switzerland)",lamb sheep cutlet raw switzerland
5,fr,"Agneau, côtelette, crue (Suisse)",agneau cotelette crue suisse
5,de,"Lamm, Kotelett, roh (Schweiz)",lamm kotelett roh schweiz
13273,en,"lamb (sheep), filet, pan fried ""medium"" (without addition of fat and salt)",lamb sheep filet pan fried medium without addition of fat and salt
13273,fr,"Agneau, filet, grillé ""à point"" (sans adjonction de graisse ni de sel)",agneau filet grille a point sans adjonction de graisse ni de sel
13273,de,"Lamm, Filet, ""medium"" gebraten (ohne Zusatz von Fett und Salz)",lamm filet medium gebraten ohne zusatz von fett und salz
675,en,"Lamb (sheep), filet, raw",lamb sheep filet raw
675,fr,"Agneau, filet, cru",agneau filet cru
675,de,"Lamm, Filet, roh",lamm filet roh
17,en,"Lamb (sheep), filet, raw (Australia, New Zealand)",lamb sheep filet raw australia new zealand
17,fr,"Agneau, filet, cru (Australie, Nouvelle-Zélande)",agneau filet cru australie nouvelle zelande
17,fr,Coquille,coquille
17,de,"Lamm, Nierstück, roh (Australien, Neuseeland)",lamm nierstuck roh australien neuseeland
4,en,"Lamb (sheep), leg, raw (Switzerland, New Zealand)",lamb sheep leg raw switzerland new zealand
4,fr,"Agneau, gigot, cru (Suisse, Nouvelle-Zélande)",agneau gigot cru suisse nouvelle zelande
4,de,"Lamm, Gigot, roh (Schweiz, Neuseeland)",lamm gigot roh schweiz neuseeland
4,de,Keule,keule
18,en,"Lamb (sheep), racks, raw (Australia, New Zealand)",lamb sheep racks raw australia new zealand
18,fr,"Agneau, rack, cru (Australie, Nouvelle-Zélande)",agneau rack cru australie nouvelle zelande
18,de,"Lamm, Racks, roh (Australien, Neuseeland)",lamm racks roh australien neuseeland
1673,en,"Lamb ragout with sauce, prepared",lamb ragout with sauce prepared
1673,fr,"Ragoût d'agneau avec sauce, préparé",ragout d agneau avec sauce prepare
1673,de,"Lammragout mit Sauce, zubereitet",lammragout mit sauce zubereitet
1673,de,Voressen,voressen
13304,en,"Lamb, leg, roast (without addition of fat and salt)",lamb leg roast without addition of fat and salt
13304,fr,"Agneau, gigot, rôti (sans adjonction de graisse ni de sel)",agneau gigot roti sans adjonction de graisse ni de sel
13304,de,"Lamm, Gigot, gebraten (ohne Zusatz von Fett und Salz)",lamm gigot gebraten ohne zusatz von fett und salz
19,en,"Lamb, ragout, raw (Switzerland)",lamb ragout raw switzerland
19,fr,"Agneau, ragoût, cru (Suisse)",agneau ragout cru suisse
19,de,"Lamm, Voressen, roh (Schweiz)",lamm voressen roh schweiz
19,de,Ragout,ragout
1090,en,Landjäger sausage,landjager sausage
1090,fr,Gendarme,gendarme
1090,de,Landjäger,landjager
1184,en,"Latte macchiato, no sugar added",latte macchiato no sugar added
1184,fr,"Latte macchiato, non sucré",latte macchiato non sucre
1184,de,"Latte macchiato, ungezuckert",latte macchiato ungezuckert
1127,en,"Leafy salad (average), raw",leafy salad average raw
1127,fr,"Salade verte (moyenne), crue",salade verte moyenne crue
1127,de,"Blattsalat (Durchschnitt), roh",blattsalat durchschnitt roh
1164,en,"Leafy vegetables (average excluding salads), boiled (without addition of salt and fat)",leafy vegetables average excluding salads boiled without addition of salt and fat
1164,fr,"Légumes feuille (moyenne sans salade), cuits (sans adjonction de graisse ni de sel)",legumes feuille moyenne sans salade cuits sans adjonction de graisse ni de sel
1164,de,"Blattgemüse (Durchschnitt exkl. Salate), gekocht (ohne Zugabe von Salz und Fett)",blattgemuse durchschnitt exkl salate gekocht ohne zugabe von salz und fett
1165,en,"Leafy vegetables (average excluding salads), steamed (without addition of salt)",leafy vegetables average excluding salads steamed without addition of salt
1165,fr,"Légumes feuille (moyenne sans salade), à la vapeur  (sans adjonction de sel)",legumes feuille moyenne sans salade a la vapeur sans adjonction de sel
1165,de,"Blattgemüse (Durchschnitt exkl. Salate), gedämpft (ohne Zugabe von Salz)",blattgemuse durchschnitt exkl salate gedampft ohne zugabe von salz
1166,en,"Leafy vegetables (average excluding salads), stewed (without addition of salt and fat)",leafy vegetables average excluding salads stewed without addition of salt and fat
1166,fr,"Légumes feuille (moyenne sans salade), à l'étuvée (sans adjonction de graisse ni de sel)",legumes feuille moyenne sans salade a l etuvee sans adjonction de graisse ni de sel
1166,de,"Blattgemüse (Durchschnitt exkl. Salate), gedünstet (ohne Zugabe von Salz und Fett)",blattgemuse durchschnitt exkl salate gedunstet ohne zugabe von salz und fett
14287,en,Lebkuchen,lebkuchen
14287,fr,Biscôme,biscome
14287,fr,Pain d'épices,pain d epices
14287,de,Lebkuchen,lebkuchen
14287,de,Honiglebkuchen,honiglebkuchen
358,en,"Leek, raw",leek raw
358,fr,"Poireau, cru",poireau cru
358,fr,Poreau,poreau
358,de,"Lauch, roh",lauch roh
1015,en,"Leek, stewed (without addition of fat and salt)",leek stewed without addition of fat and salt
1015,fr,"Poireau, à l'étuvée (sans adjonction de graisse ni de sel)",poireau a l etuvee sans adjonction de graisse ni de sel
1015,de,"Lauch, gedünstet (ohne Zugabe von Fett und Salz)",lauch gedunstet ohne zugabe von fett und salz
1134,en,"Legumes/Pulses (average), cooked (without addition of fat and salt)",legumes pulses average cooked without addition of fat and salt
1134,fr,"Légumineuses (moyenne), cuites (sans adjonction de sel ni de graisse)",legumineuses moyenne cuites sans adjonction de sel ni de graisse
1134,de,"Hülsenfrüchte (Durchschnitt), gekocht (ohne Zugabe von Fett und Salz)",hulsenfruchte durchschnitt gekocht ohne zugabe von fett und salz
1133,en,"Legumes/Pulses, (average) dried",legumes pulses average dried
1133,fr,"Légumineuses (moyenne), sèches",legumineuses moyenne seches
1133,de,"Hülsenfrüchte (Durchschnitt), getrocknet",hulsenfruchte durchschnitt getrocknet
10534,en,Lemon Curd,lemon curd
10534,fr,Lemon Curd,lemon curd
10534,fr,Crème de citron,creme de citron
10534,de,Lemon Curd,lemon curd
10534,de,Zitronencrème,zitronencreme
605,en,Lemon juice,lemon juice
605,fr,Jus de citron,jus de citron
605,de,Zitronensaft,zitronensaft
13951,en,Lemon peel,lemon peel
13951,fr,"Citron, écorce",citron ecorce
13951,fr,Zeste de citron,zeste de citron
13951,de,Zitronenschale,zitronenschale
398,en,"Lemon, fresh",lemon fresh
398,fr,"Citron, cru",citron cru
398,de,"Zitrone, roh",zitrone roh
13386,en,"Lentil, split, cooked (without addition of fat and salt)",lentil split cooked without addition of fat and salt
13386,fr,"Lentille, décortiquée, cuite (sans adjonction de graisse ni de sel)",lentille decortiquee cuite sans adjonction de graisse ni de sel
13386,de,"Linse, geschält, gekocht (ohne Zugabe von Fett und Salz)",linse geschalt gekocht ohne zugabe von fett und salz
13385,en,"Lentil, split, dried",lentil split dried
13385,fr,"Lentille, décortiquée, sèche",lentille decortiquee seche
13385,de,"Linse, geschält, getrocknet",linse geschalt getrocknet
1060,en,"Lentil, whole, cooked (without addition of fat and salt)",lentil whole cooked without addition of fat and salt
1060,fr,"Lentille, entière, cuite (sans adjonction de graisse ni de sel)",lentille entiere cuite sans adjonction de graisse ni de sel
1060,de,"Linse, ganz, gekocht (ohne Zugabe von Fett und Salz)",linse ganz gekocht ohne zugabe von fett und salz
370,en,"Lentil, whole, dried",lentil whole dried
370,fr,"Lentille, entière, sèche",lentille entiere seche
370,de,"Linse, ganz, getrocknet",linse ganz getrocknet
370,de,Linsen,linsen
531,en,Limburger (Münster) cheese,limburger munster cheese
531,fr,Limburger/Münster,limburger munster
531,de,Limburger (Münster),limburger munster
277,en,Linseed,linseed
277,fr,Graine de lin,graine de lin
277,de,Leinsamen,leinsamen
14286,en,Linzertorte (Pastry base covered with raspberry sweetmeat),linzertorte pastry base covered with raspberry sweetmeat
14286,fr,Tourte de Linz,tourte de linz
14286,de,Linzertorte,linzertorte
13883,en,"Litchi, raw",litchi raw
13883,fr,"Litchi, cru",litchi cru
13883,de,"Litschi, roh",litschi roh
13883,de,Litchi,litchi
13320,en,"Liver (average of beef, veal, pork), pan fried (without addition of fat and salt)",liver average of beef veal pork pan fried without addition of fat and salt
13320,fr,"Foie (moyenne de boeuf, veau, porc), grillé (sans adjonction de graisse ni de sel)",foie moyenne de boeuf veau porc grille sans adjonction de graisse ni de sel
13320,de,"Leber (Durchschnitt aus Rind, Kalb, Schwein), gebraten (ohne Zusatz von Fett und Salz)",leber durchschnitt aus rind kalb schwein gebraten ohne zusatz von fett und salz
10377,en,"Liver (average of beef, veal, pork), raw",liver average of beef veal pork raw
10377,fr,"Foie (moyenne de veau, boeuf, porc, veau), cru",foie moyenne de veau boeuf porc veau cru
10377,de,"Leber (Durchschnitt aus Rind, Kalb, Schwein), roh",leber durchschnitt aus rind kalb schwein roh
776,en,Liver sausage,liver sausage
776,fr,Boudin blanc,boudin blanc
776,fr,Saucisse grise,saucisse grise
776,de,Leberwurst,leberwurst
786,en,Luganighe,luganighe
786,fr,Luganiga,luganiga
786,de,Luganighe,luganighe
1084,en,Luncheon meat,luncheon meat
1084,fr,Fromage d'Italie,fromage d italie
1084,de,Fleischkäse,fleischkase
832,en,Lye roll (with iodized salt),lye roll with iodized salt
832,fr,Petit pain de Sils (avec sel iodé),petit pain de sils avec sel iode
832,de,Laugenbrötli (mit jodiertem Kochsalz),laugenbrotli mit jodiertem kochsalz
832,de,Silserli,silserli
1083,en,Lyoner sausage,lyoner sausage
1083,en,Bologna sausage,bologna sausage
1083,fr,Saucisse de Lyon,saucisse de lyon
1083,de,Lyoner,lyoner
1092,en,Lyoner sausage (poultry),lyoner sausage poultry
1092,en,Bologna sausage (poultry),bologna sausage poultry
1092,fr,Charcuterie  de volaille,charcuterie de volaille
1092,de,Geflügellyoner,geflugellyoner
1478,en,"Macaroni from the alps, prepared",macaroni from the alps prepared
1478,fr,"Macaronis de l'alpage, préparés",macaronis de l alpage prepares
1478,de,"Älplermagronen, zubereitet",alplermagronen zubereitet
878,en,Madeleine biscuit (with butter),madeleine biscuit with butter
878,fr,Madeleine (au beurre),madeleine au beurre
878,de,Madeleine (mit Butter),madeleine mit butter
14117,en,Madeleine biscuit (with vegetable oil),madeleine biscuit with vegetable oil
14117,fr,Madeleine (à l'huile végétale),madeleine a l huile vegetale
14117,de,Madeleine (mit Pflanzenöl),madeleine mit pflanzenol
426,en,Maize starch,maize starch
426,fr,Fécule de maïs,fecule de mais
426,fr,Amidon de maîs,amidon de mais
426,de,Maisstärke,maisstarke
13434,en,"Malt drink with cocoa, with vitamin and mineral fortified, powder",malt drink with cocoa with vitamin and mineral fortified powder
13434,fr,"Boisson au malt et cacao, enrichie en vitamines et minéraux, poudre (Moyenne de produits du commerce)",boisson au malt et cacao enrichie en vitamines et mineraux poudre moyenne de produits du commerce
13434,de,"Malzgetränk mit Kakao, mit Vitaminen und Mineralien angereichert, Pulver",malzgetrank mit kakao mit vitaminen und mineralien angereichert pulver
14050,en,"Malt drink with cocoa, with vitamin and mineral fortified, prepared (with milk)",malt drink with cocoa with vitamin and mineral fortified prepared with milk
14050,fr,"Boisson au  malt et cacao, enrichie en vitamines et minéraux, préparée (avec du lait)",boisson au malt et cacao enrichie en vitamines et mineraux preparee avec du lait
14050,de,"Malzgetränk mit Kakao, mit Vitaminen und Mineralien angereichert, zubereitet (mit Milch)",malzgetrank mit kakao mit vitaminen und mineralien angereichert zubereitet mit milch
397,en,"Mandarin, fresh",mandarin fresh
397,fr,"Mandarine, crue",mandarine crue
397,de,"Mandarine, roh",mandarine roh
13884,en,"Mango, dried",mango dried
13884,fr,"Mangue, séchée",mangue sechee
13884,de,"Mango, getrocknet",mango getrocknet
396,en,"Mango, fresh",mango fresh
396,fr,"Mangue, crue",mangue crue
396,de,"Mango, roh",mango roh
14054,en,"Manioc, tuber, cooked (without addition of salt)",manioc tuber cooked without addition of salt
14054,fr,"Manioc, racine, cuite (sans adjonction de sel)",manioc racine cuite sans adjonction de sel
14054,de,"Maniok, Wurzelknolle, gekocht (ohne Zugabe von Salz)",maniok wurzelknolle gekocht ohne zugabe von salz
13918,en,"Manioc, tuber, raw",manioc tuber raw
13918,fr,"Manioc, racine, crue",manioc racine crue
13918,de,"Maniok, Wurzelknolle, roh",maniok wurzelknolle roh
13918,de,Cassava,cassava
13918,de,Kassave,kassave
13918,de,Yuca,yuca
14093,en,Maple syrup,maple syrup
14093,fr,Sirop d'érable,sirop d erable
14093,de,Ahornsirup,ahornsirup
898,en,Marble cake,marble cake
898,fr,Cake marbré,cake marbre
898,de,Marmorkuchen,marmorkuchen
898,de,Marmorcake,marmorcake
209,en,"Margarine, 35 - 40 % fat",margarine 35 40 fat
209,fr,"Margarine, 35 - 40 % de matière grasse",margarine 35 40 de matiere grasse
209,de,"Margarine, 35 - 40 % Fett",margarine 35 40 fett
208,en,"Margarine, without butter, 70 - 80 % Fett",margarine without butter 70 80 fett
208,fr,"Margarine, sans beurre, 70 - 80 % de matière grasse",margarine sans beurre 70 80 de matiere grasse
208,de,"Margarine, ohne Butter, 70 - 80 % Fett",margarine ohne butter 70 80 fett
14288,en,Marzipan,marzipan
14288,fr,Massepain,massepain
14288,de,Marzipan,marzipan
866,en,"Mashed potatoes, instant, prepared (with water and butter)",mashed potatoes instant prepared with water and butter
866,fr,"Purée de pommes de terre, préparée (avec de l'eau et du beurre)",puree de pommes de terre preparee avec de l eau et du beurre
866,de,"Instant-Kartoffelstock, zubereitet (mit Wasser und Butter)",instant kartoffelstock zubereitet mit wasser und butter
1519,en,"Mashed potatoes, prepared (with cream and butter)",mashed potatoes prepared with cream and butter
1519,fr,"Purée de pommes de terre, préparée (avec de la crème et du beurre)",puree de pommes de terre preparee avec de la creme et du beurre
1519,de,"Kartoffelstock, zubereitet (mit Rahm und Butter)",kartoffelstock zubereitet mit rahm und butter
863,en,"Mashed potatoes, prepared (with full fat milk and butter)",mashed potatoes prepared with full fat milk and butter
863,fr,"Purée de pommes de terre, préparée (avec du lait entier et du beurre)",puree de pommes de terre preparee avec du lait entier et du beurre
863,de,"Kartoffelstock, zubereitet (mit Vollmilch und Butter)",kartoffelstock zubereitet mit vollmilch und butter
1518,en,"Mashed potatoes, prepared (with half skimmed milk and butter)",mashed potatoes prepared with half skimmed milk and butter
1518,fr,"Purée de pommes de terre, préparée (avec du lait demi-écrémeé et du beurre)",puree de pommes de terre preparee avec du lait demi ecremee et du beurre
1518,de,"Kartoffelstock, zubereitet (mit halbentrahmter Milch und Butter)",kartoffelstock zubereitet mit halbentrahmter milch und butter
771,en,Mayonnaise,mayonnaise
771,fr,Mayonnaise,mayonnaise
771,de,Mayonnaise,mayonnaise
1682,en,"Mayonnaise with rapeseed oil, home-made",mayonnaise with rapeseed oil home made
1682,fr,"Mayonnaise, à l'huile de colza, faite maison",mayonnaise a l huile de colza faite maison
1682,de,"Mayonnaise mit Rapsöl, hausgemacht",mayonnaise mit rapsol hausgemacht
772,en,"Mayonnaise, low calorie",mayonnaise low calorie
772,fr,"Mayonnaise, à valeur énergétique réduite",mayonnaise a valeur energetique reduite
772,de,"Mayonnaise, kalorienvermindert",mayonnaise kalorienvermindert
1111,en,"Meat (average excluding offal), raw",meat average excluding offal raw
1111,fr,"Viande (moyenne sans abats), crue",viande moyenne sans abats crue
1111,de,"Fleisch (Durchschnitt exkl. Innereien), roh",fleisch durchschnitt exkl innereien roh
1664,en,"Meat lasagne, prepared",meat lasagne prepared
1664,fr,"Lasagne de viande, préparée",lasagne de viande preparee
1664,de,"Fleischlasagne, zubereitet",fleischlasagne zubereitet
1582,en,"Meat loaf, homemade, baked in the oven",meat loaf homemade baked in the oven
1582,fr,"Rôti de viande hachée, fait maison, cuit au four",roti de viande hachee fait maison cuit au four
1582,fr,Pain de viande,pain de viande
1582,de,"Hackbraten, hausgemacht, im Ofen gebacken",hackbraten hausgemacht im ofen gebacken
13318,en,"Meat, chopped (average of beef, veal, pork, poultry), pan fried (without addition of fat and salt)",meat chopped average of beef veal pork poultry pan fried without addition of fat and salt
13318,fr,"Emincé (moyenne de veau, boeuf, porc, volaille), grillé (sans adjonction de graisse ni de sel)",emince moyenne de veau boeuf porc volaille grille sans adjonction de graisse ni de sel
13318,de,"Geschnetzeltes (Durchschnitt aus Rind, Kalb, Schwein, Geflügel), gebraten (ohne Zusatz von Fett und Salz)",geschnetzeltes durchschnitt aus rind kalb schwein geflugel gebraten ohne zusatz von fett und salz
1104,en,"Meat, chopped (average of beef, veal, pork, poultry), raw",meat chopped average of beef veal pork poultry raw
1104,fr,"Viande émincée (moyenne de veau, boeuf, porc, volaille), crue",viande emincee moyenne de veau boeuf porc volaille crue
1104,de,"Geschnetzeltes (Durchschnitt aus Rind, Kalb, Schwein, Geflügel), roh",geschnetzeltes durchschnitt aus rind kalb schwein geflugel roh
399,en,"Melon, cantaloupe (sweet melon), raw",melon cantaloupe sweet melon raw
399,fr,"Melon, à chaire orange, cru",melon a chaire orange cru
399,de,"Zuckermelone (Honigmelone), roh",zuckermelone honigmelone roh
399,de,Honigmelone,honigmelone
14289,en,"Meringue, shell",meringue shell
14289,fr,"Meringue, coque",meringue coque
14289,de,Meringue-Schale,meringue schale
879,en,"Milanese cookie, butter, sweet, homemade",milanese cookie butter sweet homemade
879,fr,"Milanais, fait maison",milanais fait maison
879,de,"Mailänderli, hausgemacht",mailanderli hausgemacht
1194,en,Milk (average),milk average
1194,fr,Lait (moyenne),lait moyenne
1194,de,Milch (Durchschnitt),milch durchschnitt
195,en,Milk chocolate,milk chocolate
195,fr,Chocolat au lait,chocolat au lait
195,de,Milchschokolade,milchschokolade
642,en,Milk chocolate filled with nuts (chocolate bar),milk chocolate filled with nuts chocolate bar
642,fr,"Chocolat au lait, fourré à la crème de noisettes",chocolat au lait fourre a la creme de noisettes
642,fr,Branche,branche
642,de,Branchli (Milchschokolade mit Haselnusscrèmefüllung),branchli milchschokolade mit haselnusscremefullung
642,de,Schokoladenstängeli,schokoladenstangeli
643,en,"Milk chocolate with almond, honey, nougat",milk chocolate with almond honey nougat
643,fr,"Chocolat au lait, avec nougat aux amandes et au miel",chocolat au lait avec nougat aux amandes et au miel
643,de,Milchschokolade mit Mandel-Honig-Nougat,milchschokolade mit mandel honig nougat
612,en,Milk chocolate with nuts,milk chocolate with nuts
612,fr,"Chocolat au lait, avec noisettes",chocolat au lait avec noisettes
612,de,Milchschokolade mit Nüssen,milchschokolade mit nussen
641,en,"Milk chocolate with raisins, nuts, almonds",milk chocolate with raisins nuts almonds
641,fr,"Chocolat au lait avec raisins secs, noisettes et amandes",chocolat au lait avec raisins secs noisettes et amandes
641,de,"Milchschokolade mit Weinbeeren, Nüssen und Mandeln",milchschokolade mit weinbeeren nussen und mandeln
654,en,"Milk chocolate, filled with alcohol",milk chocolate filled with alcohol
654,fr,Chocolat au lait fourré à l‘alcool,chocolat au lait fourre a l alcool
654,de,Milchschokolade mit Alkoholfüllung,milchschokolade mit alkoholfullung
655,en,"Milk chocolate, filled with cream (gianduja, nougat)",milk chocolate filled with cream gianduja nougat
655,fr,"Chocolat au lait fourré à la crème (Gianduja, Nougat)",chocolat au lait fourre a la creme gianduja nougat
655,de,"Milchschokolade mit Crèmefüllung (Gianduja, Nougat)",milchschokolade mit cremefullung gianduja nougat
59,en,"Milk partially skimmed, pasteurized",milk partially skimmed pasteurized
59,fr,"Lait partiellement écrémé, pasteurisé",lait partiellement ecreme pasteurise
59,de,"Teilentrahmte Milch, pasteurisiert",teilentrahmte milch pasteurisiert
61,en,"Milk partially skimmed, UHT",milk partially skimmed uht
61,fr,"Lait partiellement écrémé, UHT",lait partiellement ecreme uht
61,de,"Teilentrahmte Milch, UHT",teilentrahmte milch uht
13399,en,"Milk, half skimmed 1.5 % fat, UHT",milk half skimmed 1 5 fat uht
13399,fr,"Lait, demi-écrémé 1.5 % mg, UHT",lait demi ecreme 1 5 mg uht
13399,de,"Halbentrahmte Milch 1.5% Fett, UHT",halbentrahmte milch 1 5 fett uht
1586,en,"Millet risotto, cooked",millet risotto cooked
1586,fr,"Potée au millet, cuite",potee au millet cuite
1586,de,"Hirsotto, gekocht",hirsotto gekocht
422,en,"Millet, grain peeled",millet grain peeled
422,fr,"Millet, grains décortiqués",millet grains decortiques
422,de,"Hirse, Korn geschält",hirse korn geschalt
938,en,"Millet, wholemeal flakes",millet wholemeal flakes
938,fr,"Millet, flocons complets",millet flocons complets
938,de,"Hirseflocken, Vollkorn",hirseflocken vollkorn
13317,en,"Minced meat (average of beef, veal, pork, chicken), pan fried (without addition of fat and salt)",minced meat average of beef veal pork chicken pan fried without addition of fat and salt
13317,fr,"Viande hachée (moyenne boeuf, veau, porc, poulet), grillée (sans adjonction de graisse ni de sel)",viande hachee moyenne boeuf veau porc poulet grillee sans adjonction de graisse ni de sel
13317,de,"Gehacktes (Durchschnitt aus Rind, Kalb, Schwein, Poulet), gebraten (ohne Zusatz von Fett und Salz)",gehacktes durchschnitt aus rind kalb schwein poulet gebraten ohne zusatz von fett und salz
1105,en,"Minced meat (average of beef, veal, pork, chicken), raw",minced meat average of beef veal pork chicken raw
1105,fr,"Viande hachée (moyenne de veau, boeuf, porc, poulet), crue",viande hachee moyenne de veau boeuf porc poulet crue
1105,de,"Gehacktes (Durchschnitt aus Rind, Kalb, Schwein, Poulet), roh",gehacktes durchschnitt aus rind kalb schwein poulet roh
14145,en,"Minced meat substitute, vegan,  based on soy or pea protein, raw",minced meat substitute vegan based on soy or pea protein raw
14145,fr,"Haché, végétalien, à base de protéines de soja ou de pois, cru",hache vegetalien a base de proteines de soja ou de pois cru
14145,de,"Gehacktes, vegan aus Soja-oder Erbsenprotein, roh",gehacktes vegan aus soja oder erbsenprotein roh
14112,en,"Minced/pieces/escalope, vegetarian, based on mycoprotein, raw",minced pieces escalope vegetarian based on mycoprotein raw
14112,fr,"Emincé/haché/escalope, végétarien, à base de mycoprotéine, cru",emince hache escalope vegetarien a base de mycoproteine cru
14112,de,"Gehacktes/Geschnetzeltes/Pätzli, vegetarisch aus Mykoprotein, roh",gehacktes geschnetzeltes patzli vegetarisch aus mykoprotein roh
671,en,Minestrone,minestrone
671,fr,Minestrone,minestrone
671,de,Minestrone,minestrone
1087,en,Minipic sausage,minipic sausage
1087,fr,Saucisse type Minipic,saucisse type minipic
1087,de,Minipic Würstchen,minipic wurstchen
1053,en,"Mirabelle plum, stewed, drained (without addition of sugar)",mirabelle plum stewed drained without addition of sugar
1053,fr,"Mirabelle, cuite,  égouttée (sans adjonction de sucre)",mirabelle cuite egouttee sans adjonction de sucre
1053,de,"Mirabelle, gedünstet, abgetropft (ohne Zugabe von Zucker)",mirabelle gedunstet abgetropft ohne zugabe von zucker
732,en,Molasses,molasses
732,fr,"Mélasse, sirop de mélasse",melasse sirop de melasse
732,de,"Melasse, Melassesirup",melasse melassesirup
761,en,"Molluscs, blue mussel, raw",molluscs blue mussel raw
761,fr,"Moule, crue",moule crue
761,de,"Miesmuschel, roh",miesmuschel roh
457,en,"Morel, fresh",morel fresh
457,fr,"Morille, crue",morille crue
457,de,"Morchel, roh",morchel roh
1039,en,"Morel, stewed (without addition of fat and salt)",morel stewed without addition of fat and salt
1039,fr,"Morille, à l'étuvée (sans adjonction de graisse ni de sel)",morille a l etuvee sans adjonction de graisse ni de sel
1039,de,"Morchel, gedünstet (ohne Zugabe von Fett und Salz)",morchel gedunstet ohne zugabe von fett und salz
819,en,Mortadella,mortadella
819,fr,Mortadella,mortadella
819,de,Mortadella,mortadella
717,en,"Mostbröckli (smoked and dried beef), raw",mostbrockli smoked and dried beef raw
717,fr,Mostbröckli,mostbrockli
717,de,Mostbröckli,mostbrockli
82,en,Mozzarella,mozzarella
82,fr,Mozzarella,mozzarella
82,de,Mozzarella,mozzarella
14123,en,"Muesli mix, crunchy, fortified with vitamin and mineral",muesli mix crunchy fortified with vitamin and mineral
14123,fr,"Mélange pour muesli coquant, enrichi en vitamines et minéraux",melange pour muesli coquant enrichi en vitamines et mineraux
14123,de,"Knuspermüeslimischung, angereichert mit Vitaminen und Mineralien",knuspermueslimischung angereichert mit vitaminen und mineralien
942,en,"Mueslimix, cereal with fruits and nuts, sweetened",mueslimix cereal with fruits and nuts sweetened
942,fr,"Mélange pour muesli, flocons de céréales avec fruits et fruits à coque, sucré",melange pour muesli flocons de cereales avec fruits et fruits a coque sucre
942,de,"Müeslimischung, Getreideflocken mit Früchten und Nüssen, gezuckert",mueslimischung getreideflocken mit fruchten und nussen gezuckert
943,en,"Müeslimix, cereal with fruits and nuts, unsweetened",mueslimix cereal with fruits and nuts unsweetened
943,fr,"Mélange pour muesli, flocons de céréales avec fruits et fruits à coque, non sucré",melange pour muesli flocons de cereales avec fruits et fruits a coque non sucre
943,de,"Müeslimischung, Getreideflocken mit Früchten und Nüssen, ungesüsst",mueslimischung getreideflocken mit fruchten und nussen ungesusst
948,en,"Mueslimix, crunchy with chocolate",mueslimix crunchy with chocolate
948,fr,"Mélange pour muesli croquant, avec chocolat",melange pour muesli croquant avec chocolat
948,de,Knuspermüeslimischung mit Schokolade,knuspermueslimischung mit schokolade
945,en,"Mueslimix, crunchy with fruits, sweetened",mueslimix crunchy with fruits sweetened
945,fr,"Mélange pour muesli croquant, avec fruits, sucré",melange pour muesli croquant avec fruits sucre
945,de,"Knuspermüeslimischung mit Früchten, gezuckert",knuspermueslimischung mit fruchten gezuckert
944,en,"Mueslimix, crunchy with nuts and seeds, sweetened",mueslimix crunchy with nuts and seeds sweetened
944,fr,"Mélange pour muesli croquant, avec fruits à coque et graines oléagineuses, sucré",melange pour muesli croquant avec fruits a coque et graines oleagineuses sucre
944,de,"Knuspermüeslimischung mit Nüssen and Samen, gezuckert",knuspermueslimischung mit nussen and samen gezuckert
14104,en,"Müeslimix, crunchy, sweetened (average)",mueslimix crunchy sweetened average
14104,fr,"Mélange pour muesli croquant, sucré (moyenne)",melange pour muesli croquant sucre moyenne
14104,de,"Knuspermüeslimischung, gezuckert (Durchschnitt)",knuspermueslimischung gezuckert durchschnitt
1128,en,"Mushroom (average), raw",mushroom average raw
1128,fr,"Champignons (moyenne), crus",champignons moyenne crus
1128,de,"Pilz (Durchschnitt), roh",pilz durchschnitt roh
1129,en,"Mushroom (average), stewed (without addition of fat and salt)",mushroom average stewed without addition of fat and salt
1129,fr,"Champignons (moyenne), à l'étuvée (sans adjonction de graisse ni de sel)",champignons moyenne a l etuvee sans adjonction de graisse ni de sel
1129,de,"Pilz (Durchschnitt), gedünstet (ohne Zugabe von Fett und Salz)",pilz durchschnitt gedunstet ohne zugabe von fett und salz
1585,en,"Mushroom risotto, prepared",mushroom risotto prepared
1585,fr,"Risotto aux champignons, cuit",risotto aux champignons cuit
1585,de,"Pilzrisotto, zubereitet",pilzrisotto zubereitet
683,en,"Mushroom sauce, thickened",mushroom sauce thickened
683,fr,"Sauce aux champignons, liée",sauce aux champignons liee
683,de,"Pilzsauce, gebunden",pilzsauce gebunden
688,en,Mushroom soup,mushroom soup
688,fr,Soupe velouté de champignons,soupe veloute de champignons
688,fr,Potage,potage
688,de,Pilzsuppe,pilzsuppe
629,en,"Mushroom, canned",mushroom canned
629,fr,"Champignons de Paris, conserve",champignons de paris conserve
629,de,Champignon (Konserve),champignon konserve
375,en,"Mushroom, raw",mushroom raw
375,fr,"Champignon de Paris, cru",champignon de paris cru
375,de,"Champignon, roh",champignon roh
1037,en,"Mushroom, stewed (without addition of fat and salt)",mushroom stewed without addition of fat and salt
1037,fr,"Champignon de Paris, à l'étuvée (sans adjonction de graisse ni de sel)",champignon de paris a l etuvee sans adjonction de graisse ni de sel
1037,de,"Champignon, gedünstet (ohne Zugabe von Fett und Salz)",champignon gedunstet ohne zugabe von fett und salz
13977,en,"Mussel, cooked",mussel cooked
13977,fr,"Moule, cuite",moule cuite
13977,de,"Miesmuschel, gekocht",miesmuschel gekocht
13464,en,Mustard,mustard
13464,fr,Moutarde,moutarde
13464,de,Senf,senf
1579,en,"Nasi Goreng, prepared",nasi goreng prepared
1579,fr,"Nasi Goreng, préparé",nasi goreng prepare
1579,de,"Nasi Goreng, zubereitet",nasi goreng zubereitet
404,en,"Nectarine, fresh",nectarine fresh
404,fr,"Nectarine, crue",nectarine crue
404,de,"Nektarine, roh",nektarine roh
767,en,"Norway lobster, raw",norway lobster raw
767,fr,"Langoustine, crue",langoustine crue
767,de,"Scampi (Kaisergranat), roh",scampi kaisergranat roh
14148,en,"Nugget, vegan, based on plant protein, raw",nugget vegan based on plant protein raw
14148,fr,"Nugget, végétalien, à base de protéines végétales, cru",nugget vegetalien a base de proteines vegetales cru
14148,de,"Nugget, vegan, aus Pflanzenproteinen, roh",nugget vegan aus pflanzenproteinen roh
915,en,Nut roll with yeast dough,nut roll with yeast dough
915,fr,"Escargot aux noisettes, pâte levée",escargot aux noisettes pate levee
915,de,Nussschnecke aus Hefeteig,nussschnecke aus hefeteig
915,de,Hefeschnecke,hefeschnecke
14294,en,Nut sticks,nut sticks
14294,fr,Bâton aux noisettes,baton aux noisettes
14294,de,Nuss-Stängeli,nuss stangeli
871,en,"Nut sticks, homemade",nut sticks homemade
871,fr,"Bâtonnet aux noisettes, fait maison",batonnet aux noisettes fait maison
871,de,"Haselnussstängeli, hausgemacht",haselnussstangeli hausgemacht
902,en,Nut tart from Engadin,nut tart from engadin
902,fr,Gateau au noix d' Engadine,gateau au noix d engadine
902,de,Engadiner Nusstorte,engadiner nusstorte
769,en,"Oat bran, raw",oat bran raw
769,fr,Son d'avoine,son d avoine
769,de,Haferkleie,haferkleie
14114,en,"Oat drink, plain",oat drink plain
14114,fr,Boisson à base d'avoine,boisson a base d avoine
14114,de,"Hafergetränk, nature",hafergetrank nature
14130,en,"Oat drink, plain, with calcium and vitamin fortified",oat drink plain with calcium and vitamin fortified
14130,fr,"Boisson à base d'avoine, nature, enrichie en calcium et vitamines",boisson a base d avoine nature enrichie en calcium et vitamines
14130,de,"Hafergetränk, nature mit Calcium und Vitaminen angereichert",hafergetrank nature mit calcium und vitaminen angereichert
198,en,Oat flakes,oat flakes
198,fr,"Avoine, flocons",avoine flocons
198,de,Haferflocken,haferflocken
591,en,Olive oil,olive oil
591,fr,Huile d'olive,huile d olive
591,de,Olivenöl,olivenol
493,en,"Olive, black",olive black
493,fr,"Olive, noire",olive noire
493,de,"Olive, schwarz",olive schwarz
492,en,"Olive, green, in brine, drained",olive green in brine drained
492,fr,"Olive, verte, en saumure, égouttée",olive verte en saumure egouttee
492,de,"Olive, grün, in Salzlake, abgetropft",olive grun in salzlake abgetropft
1616,en,"Onion quiche, baked (with cake dough)",onion quiche baked with cake dough
1616,fr,"Gateau aux oignons, cuit au four (pâte brisée)",gateau aux oignons cuit au four pate brisee
1616,de,"Zwiebelkuchen, gebacken (mit Kuchenteig)",zwiebelkuchen gebacken mit kuchenteig
1616,de,Zwiebelwähe,zwiebelwahe
1615,en,"Onion quiche, baked (with puff pastry)",onion quiche baked with puff pastry
1615,fr,"Gateau aux oignons, cuit au four (pâte feuilletée)",gateau aux oignons cuit au four pate feuilletee
1615,de,"Zwiebelkuchen, gebacken (mit Blätterteig)",zwiebelkuchen gebacken mit blatterteig
1615,de,Zwiebelwähe,zwiebelwahe
368,en,"Onion, raw",onion raw
368,fr,"Oignon, cru",oignon cru
368,de,"Zwiebel, roh",zwiebel roh
1036,en,"Onion, roasted, brown (without addition of fat and salt)",onion roasted brown without addition of fat and salt
1036,fr,"Oignon, grillé (sans adjonction de graisse ni de sel)",oignon grille sans adjonction de graisse ni de sel
1036,de,"Zwiebel, geröstet (ohne Zugabe von Fett und Salz)",zwiebel gerostet ohne zugabe von fett und salz
1035,en,"Onion, stewed (without addition of fat and salt)",onion stewed without addition of fat and salt
1035,fr,"Oignon, à l'étuvée (sans adjonction de graisse ni de sel)",oignon a l etuvee sans adjonction de graisse ni de sel
1035,de,"Zwiebel, gedünstet (ohne Zugabe von Fett und Salz)",zwiebel gedunstet ohne zugabe von fett und salz
576,en,Orange juice,orange juice
576,fr,Jus d'orange,jus d orange
576,de,Orangensaft,orangensaft
572,en,Orange nectar,orange nectar
572,fr,Nectar d'orange,nectar d orange
572,de,Orangennektar,orangennektar
405,en,"Orange, fresh",orange fresh
405,fr,"Orange, crue",orange crue
405,de,"Orange, roh",orange roh
405,de,Apfelsine,apfelsine
708,en,"Palm oil, palm fat",palm oil palm fat
708,fr,Graisse de palme - Huile de palme,graisse de palme huile de palme
708,de,Palmöl - Palmfett,palmol palmfett
202,en,Panettone,panettone
202,fr,Panettone,panettone
202,de,Panettone,panettone
779,en,"Pantli, beef and pork sausage",pantli beef and pork sausage
779,fr,Pantli,pantli
779,de,Pantli,pantli
13440,en,"Papaya, ripe, raw",papaya ripe raw
13440,fr,"Papaye, mûre, crue",papaye mure crue
13440,de,"Papaya, reif, roh",papaya reif roh
663,en,Paprika (spice),paprika spice
663,fr,Paprika (épice),paprika epice
663,de,Paprika (Gewürz),paprika gewurz
482,en,Parmesan cheese,parmesan cheese
482,fr,Parmesan,parmesan
482,de,Parmesan,parmesan
482,de,Parmiggiano,parmiggiano
373,en,"Parsley, fresh",parsley fresh
373,fr,"Persil, cru",persil cru
373,de,"Petersilie, roh",petersilie roh
373,de,Peterli,peterli
13443,en,"Parsnip, cooked (without addition of salt)",parsnip cooked without addition of salt
13443,fr,"Panais, cuit (sans adjonction de sel)",panais cuit sans adjonction de sel
13443,de,"Pastinake, gekocht (ohne Zugabe von Salz)",pastinake gekocht ohne zugabe von salz
13439,en,"Parsnip, raw",parsnip raw
13439,fr,"Panais, cru",panais cru
13439,de,"Pastinake, roh",pastinake roh
986,en,"Passion fruit, fresh",passion fruit fresh
986,fr,"Fruit de la passion, cru",fruit de la passion cru
986,fr,Grenadille,grenadille
986,de,"Passionsfrucht, roh",passionsfrucht roh
986,de,Maracuja,maracuja
1063,en,"Pasta egg-free, cooked in salted water (uniodised)",pasta egg free cooked in salted water uniodised
1063,fr,"Pâtes alimentaires sans oeufs, cuites à l'eau salée (sel non iodé)",pates alimentaires sans oeufs cuites a l eau salee sel non iode
1063,de,"Teigwaren ohne Ei, gekocht im Salzwasser (unjodiert)",teigwaren ohne ei gekocht im salzwasser unjodiert
800,en,"Pasta egg-free, dry",pasta egg free dry
800,fr,"Pâtes alimentaires sans oeufs, sèches",pates alimentaires sans oeufs seches
800,de,"Teigwaren ohne Ei, trocken",teigwaren ohne ei trocken
1611,en,"Pasta gratin with ham, prepared",pasta gratin with ham prepared
1611,fr,"Gratin de pâtes au jambon, préparé",gratin de pates au jambon prepare
1611,de,"Teigwarenauflauf mit Schinken, zubereitet",teigwarenauflauf mit schinken zubereitet
1598,en,Pasta salad with French dressing,pasta salad with french dressing
1598,fr,Salade de pâtes à la sauce française,salade de pates a la sauce francaise
1598,de,Teigwarensalat mit französischer Sauce,teigwarensalat mit franzosischer sauce
1597,en,Pasta salat with Italian dressing,pasta salat with italian dressing
1597,fr,Salade de pâtes à la sauce italienne,salade de pates a la sauce italienne
1597,de,Teigwarensalat mit italienischer Sauce,teigwarensalat mit italienischer sauce
1062,en,"Pasta with egg, cooked in salted water (uniodised)",pasta with egg cooked in salted water uniodised
1062,fr,"Pâtes alimentaires aux oeufs, cuites à l'eau salée (sel non iodé)",pates alimentaires aux oeufs cuites a l eau salee sel non iode
1062,de,"Teigwaren mit Ei, gekocht im Salzwasser (unjodiert)",teigwaren mit ei gekocht im salzwasser unjodiert
1062,de,Eierteigwaren,eierteigwaren
799,en,"Pasta with egg, dry",pasta with egg dry
799,fr,"Pâtes alimentaires aux oeufs, sèches",pates alimentaires aux oeufs seches
799,de,"Teigwaren mit Ei, trocken",teigwaren mit ei trocken
799,de,Eierteigwaren,eierteigwaren
13462,en,"Pasta, fresh, filled with meat, cooked",pasta fresh filled with meat cooked
13462,fr,"Pâtes fraiches, farcies à la viande, cuites",pates fraiches farcies a la viande cuites
13462,de,"Teigwaren, frisch, gefüllt mit Fleisch, gekocht (ohne Zugabe von Fett und Salz)",teigwaren frisch gefullt mit fleisch gekocht ohne zugabe von fett und salz
13498,en,"Pasta, fresh, filled with spinach and ricotta, cooked (without addition of fat and salt)",pasta fresh filled with spinach and ricotta cooked without addition of fat and salt
13498,fr,"Pâtes fraîches, farcies aux épinards et à la ricotta, cuites (sans adjonction de graisse ni de sel)",pates fraiches farcies aux epinards et a la ricotta cuites sans adjonction de graisse ni de sel
13498,de,"Teigwaren, frisch, gefüllt mit Spinat und Ricotta, gekocht (ohne Zugabe von Fett und Salz)",teigwaren frisch gefullt mit spinat und ricotta gekocht ohne zugabe von fett und salz
13489,en,"Pasta, fresh, filled with spinach and ricotta, raw",pasta fresh filled with spinach and ricotta raw
13489,fr,"Pâtes fraîches, farcies aux épinards et à la ricotta, crues",pates fraiches farcies aux epinards et a la ricotta crues
13489,de,"Teigwaren, frisch, gefüllt mit Spinat und Ricotta, roh",teigwaren frisch gefullt mit spinat und ricotta roh
13390,en,"Pea, mature seed, split, cooked (wothout addition of fat and salt)",pea mature seed split cooked wothout addition of fat and salt
13390,fr,"Pois, grain mature, cuit (sans adjonction de graisse ni de sel)",pois grain mature cuit sans adjonction de graisse ni de sel
13390,de,"Erbse, reif, getrocknet, gekocht (ohne Zusatz von Fett und Salz)",erbse reif getrocknet gekocht ohne zusatz von fett und salz
13389,en,"Pea, mature seed, split, dried",pea mature seed split dried
13389,fr,"Pois, grain mature, décortiqué, sec",pois grain mature decortique sec
13389,fr,Pois cassé,pois casse
13389,de,"Erbse, reif, getrocknet",erbse reif getrocknet
13389,de,"Erbse, geschält, getrocknet",erbse geschalt getrocknet
624,en,"Peach in syrup, canned, drained",peach in syrup canned drained
624,fr,"Pêche, au sirop, en conserve, égouttée",peche au sirop en conserve egouttee
624,de,"Pfirsich in Sirup, Konserve, abgetropft",pfirsich in sirup konserve abgetropft
625,en,"Peach with sweetener, canned, drained",peach with sweetener canned drained
625,fr,"Pêche, avec édulcorant, en conserve, égouttée",peche avec edulcorant en conserve egouttee
625,de,"Pfirsich mit Süssungsmittel, Konserve, abgetropft",pfirsich mit sussungsmittel konserve abgetropft
401,en,"Peach, yellow, fresh",peach yellow fresh
401,fr,"Pêche, jaune, crue",peche jaune crue
401,de,"Pfirsich, gelb, roh",pfirsich gelb roh
282,en,Peanut,peanut
282,fr,Cacahuète,cacahuete
282,fr,Arachide,arachide
282,de,Erdnuss,erdnuss
751,en,Peanut butter,peanut butter
751,fr,Beurre d'arachides,beurre d arachides
751,fr,Beurre de cacahuète,beurre de cacahuete
751,de,Erdnussbutter,erdnussbutter
681,en,Peanut curls,peanut curls
681,fr,Flips aux cacahuètes,flips aux cacahuetes
681,de,Erdnuss-Flips,erdnuss flips
596,en,Peanut oil,peanut oil
596,fr,Huile d'arachide,huile d arachide
596,de,Erdnussöl,erdnussol
14267,en,"Peanut, chocolate coated",peanut chocolate coated
14267,fr,Cacahuète enrobée de chocolat,cacahuete enrobee de chocolat
14267,de,Erdnuss mit Schokoladeüberzug,erdnuss mit schokoladeuberzug
14092,en,"Peanut, roasted, salted",peanut roasted salted
14092,fr,"Cacahuète, grillée, salée",cacahuete grillee salee
14092,de,"Erdnuss, geröstet, gesalzen",erdnuss gerostet gesalzen
14238,en,"Peanut,grilled, without salt",peanut grilled without salt
14238,fr,"Cacahuète, grillée, sans sel",cacahuete grillee sans sel
14238,de,"Erdnuss, geröstet, ohne Salz",erdnuss gerostet ohne salz
620,en,"Pear in syrup, canned, drained",pear in syrup canned drained
620,fr,"Poire, au sirop, en conserve, égouttée",poire au sirop en conserve egouttee
620,de,"Birne in Sirup, Konserve, abgetropft",birne in sirup konserve abgetropft
562,en,Pear juice,pear juice
562,fr,Jus de poire,jus de poire
562,de,Birnensaft,birnensaft
1484,en,"Pear pie, homemade, baked (with cake dough)",pear pie homemade baked with cake dough
1484,fr,"Tarte aux poires, faite maison, cuite au four (pâte brisée)",tarte aux poires faite maison cuite au four pate brisee
1484,de,"Birnenwähe/-kuchen, hausgemacht, gebacken (mit Kuchenteig)",birnenwahe kuchen hausgemacht gebacken mit kuchenteig
1484,de,Birnenwähe,birnenwahe
1483,en,"Pear pie, homemade, baked (with puff pastry)",pear pie homemade baked with puff pastry
1483,fr,"Tarte aux poires, faite maison, cuite au four (pâte feuilletée)",tarte aux poires faite maison cuite au four pate feuilletee
1483,de,"Birnenwähe/-kuchen, hausgemacht, gebacken (mit Blätterteig)",birnenwahe kuchen hausgemacht gebacken mit blatterteig
1483,de,Birnenwähe,birnenwahe
14098,en,"Pear with sweetener, canned, drained",pear with sweetener canned drained
14098,fr,"Poire, avec édulcorant, en conserve, égouttée",poire avec edulcorant en conserve egouttee
14098,de,"Birne mit Süssungsmittel, Konserve, abgetropft",birne mit sussungsmittel konserve abgetropft
433,en,"Pear, dried",pear dried
433,fr,"Poire, séchée",poire sechee
433,de,"Birne, getrocknet",birne getrocknet
433,de,Dörrbirne,dorrbirne
433,de,Trockenbirne,trockenbirne
382,en,"Pear, raw",pear raw
382,fr,"Poire, crue",poire crue
382,de,"Birne, roh",birne roh
1050,en,"Pear, stewed, drained (without addition of sugar)",pear stewed drained without addition of sugar
1050,fr,"Poire, cuite,  égouttée (sans adjonction de sucre)",poire cuite egouttee sans adjonction de sucre
1050,de,"Birne, gedünstet, abgetropft (ohne Zugabe von Zucker)",birne gedunstet abgetropft ohne zugabe von zucker
429,en,Pearl barley,pearl barley
429,fr,Orge perlé,orge perle
429,fr,Orge mondé,orge monde
429,de,Rollgerste,rollgerste
429,de,Gerstengraupen,gerstengraupen
14200,en,"Pearl barley, cooked in salted water (uniodised)",pearl barley cooked in salted water uniodised
14200,fr,"Orge perlé, cuit à l'eau salée (sel non iodé)",orge perle cuit a l eau salee sel non iode
14200,de,"Rollgerste, gekocht in Salzwasser (unjodiert)",rollgerste gekocht in salzwasser unjodiert
494,en,"Pearl onion, pickled",pearl onion pickled
494,fr,Oignon au vinaigre,oignon au vinaigre
494,de,"Silberzwiebel, in Essig eingelegt",silberzwiebel in essig eingelegt
787,en,Peasant's Schüblig,peasant s schublig
787,fr,Schüblig de campagne,schublig de campagne
787,de,Bauernschüblig,bauernschublig
884,en,"Peiti Beurre with chocolate, cookie",peiti beurre with chocolate cookie
884,fr,Petit-beurre au chocolat,petit beurre au chocolat
884,de,Petit Beurre mit Schokolade,petit beurre mit schokolade
463,en,"Peppermint, fresh",peppermint fresh
463,fr,"Menthe, crue",menthe crue
463,de,"Pfefferminze, roh",pfefferminze roh
13459,en,"Pesto sauce, green",pesto sauce green
13459,fr,Pesto vert,pesto vert
13459,de,"Pestosauce, grün",pestosauce grun
13447,en,"Pesto sauce, red",pesto sauce red
13447,fr,Sauce pesto rouge,sauce pesto rouge
13447,de,"Pestosauce, rot",pestosauce rot
14074,en,"Petit Beurre, cookie",petit beurre cookie
14074,fr,Petit-beurre,petit beurre
14074,de,Petit Beurre,petit beurre
14067,en,"Petit beurre, wholemeal cookie",petit beurre wholemeal cookie
14067,fr,"Petit-beurre, complet",petit beurre complet
14067,de,"Petit Beurre, Vollkorn",petit beurre vollkorn
416,en,"Pike, raw",pike raw
416,fr,"Brochet, cru",brochet cru
416,de,"Hecht, roh",hecht roh
283,en,Pine nuts,pine nuts
283,fr,Pignon de pin,pignon de pin
283,de,Pinienkerne,pinienkerne
14094,en,"Pineapple in pineapple juice, canned, drained",pineapple in pineapple juice canned drained
14094,fr,"Ananas, au jus d'ananas, en conserve, égoutté",ananas au jus d ananas en conserve egoutte
14094,de,"Ananas in Ananassaft, Konserve, abgetropft",ananas in ananassaft konserve abgetropft
14095,en,"Pineapple in pineapple juice, canned, not drained",pineapple in pineapple juice canned not drained
14095,fr,"Ananas, au jus d'ananas, en conserve, non égoutté",ananas au jus d ananas en conserve non egoutte
14095,de,"Ananas in Ananassaft, Konserve, nicht abgetropft",ananas in ananassaft konserve nicht abgetropft
617,en,"Pineapple in syrup, canned, drained",pineapple in syrup canned drained
617,fr,"Ananas, au sirop, en conserve, égoutté",ananas au sirop en conserve egoutte
617,de,"Ananas in Sirup, Konserve, abgetropft",ananas in sirup konserve abgetropft
13880,en,Pineapple juice,pineapple juice
13880,fr,Jus d'ananas,jus d ananas
13880,de,Ananassaft,ananassaft
14096,en,"Pineapple with sweetener, canned, drained",pineapple with sweetener canned drained
14096,fr,"Ananas, avec édulcorant, en conserve, égoutté",ananas avec edulcorant en conserve egoutte
14096,de,"Ananas mit Süssungsmittel, Konserve, abgetropft",ananas mit sussungsmittel konserve abgetropft
377,en,"Pineapple, fresh",pineapple fresh
377,fr,"Ananas, cru",ananas cru
377,de,"Ananas, roh",ananas roh
274,en,"Pistachio, dried",pistachio dried
274,fr,Pistache,pistache
274,de,Pistazie,pistazie
1533,en,"Pizza Calzone, baked",pizza calzone baked
1533,fr,"Pizza Calzone, cuite au four",pizza calzone cuite au four
1533,de,"Pizza Calzone, gebacken",pizza calzone gebacken
907,en,"Pizza doug ( with olive oil), raw",pizza doug with olive oil raw
907,fr,"Pâte à pizza (à l'huile d'olive), crue",pate a pizza a l huile d olive crue
907,de,"Pizzateig (mit Olivenöl), ungebacken",pizzateig mit olivenol ungebacken
14158,en,"Pizza dough (with olive oil), baked",pizza dough with olive oil baked
14158,fr,"Pâte à pizza (à l'huile d'olive), cuite au four",pate a pizza a l huile d olive cuite au four
14158,de,"Pizzateig (mit Olivenöl), gebacken",pizzateig mit olivenol gebacken
1534,en,"Pizza Hawaii, baked",pizza hawaii baked
1534,fr,"Pizza Hawaii, cuite au four",pizza hawaii cuite au four
1534,de,"Pizza Hawaii, gebacken",pizza hawaii gebacken
1535,en,"Pizza Margherita, baked",pizza margherita baked
1535,fr,"Pizza Margherite, cuite au four",pizza margherite cuite au four
1535,de,"Pizza Margherita, gebacken",pizza margherita gebacken
1539,en,"Pizza with four cheeses, baked",pizza with four cheeses baked
1539,fr,"Pizza aux quatre fromages, cuite au four",pizza aux quatre fromages cuite au four
1539,de,"Pizza Quattro Formaggi, gebacken",pizza quattro formaggi gebacken
1537,en,"Pizza with ham and mushrooms, baked",pizza with ham and mushrooms baked
1537,fr,"Pizza au jambon et champignon, cuite au four",pizza au jambon et champignon cuite au four
1537,de,"Pizza Prosciutto e Funghi, gebacken",pizza prosciutto e funghi gebacken
1537,de,Pizza mit Schinken und Pilzen,pizza mit schinken und pilzen
1538,en,"Pizza with ham, baked",pizza with ham baked
1538,fr,"Pizza au jambon, cuite au four",pizza au jambon cuite au four
1538,de,"Pizza Prosciutto, gebacken",pizza prosciutto gebacken
1538,de,Pizza mit Schinken,pizza mit schinken
1536,en,"Pizza with mascarpone and rocket, baked",pizza with mascarpone and rocket baked
1536,fr,"Pizza au mascarpone et roquette, cuite au four",pizza au mascarpone et roquette cuite au four
1536,de,"Pizza mit Mascarpone und Rucola, gebacken",pizza mit mascarpone und rucola gebacken
1532,en,"Pizza with tuna, baked",pizza with tuna baked
1532,fr,"Pizza au thon, cuite au four",pizza au thon cuite au four
1532,de,"Pizza al tonno, gebacken",pizza al tonno gebacken
1532,de,Pizza mit Thon,pizza mit thon
1540,en,"Pizza with vegetables, baked",pizza with vegetables baked
1540,fr,"Pizza aux légumes, cuite au four",pizza aux legumes cuite au four
1540,de,"Pizza mit Gemüse, gebacken",pizza mit gemuse gebacken
1530,en,"Plum pie, homemade, baked (with cake dough)",plum pie homemade baked with cake dough
1530,fr,"Tarte aux prunes, faite maison, cuite au four (pâte brisée)",tarte aux prunes faite maison cuite au four pate brisee
1530,de,"Pflaumenwähe/-kuchen, hausgemacht, gebacken (mit Kuchenteig)",pflaumenwahe kuchen hausgemacht gebacken mit kuchenteig
1528,en,"Plum pie, homemade, baked (with puff pastry)",plum pie homemade baked with puff pastry
1528,fr,"Tarte aux prunes, faite maison, cuite au four (pâte feuilletée)",tarte aux prunes faite maison cuite au four pate feuilletee
1528,de,"Pflaumenwähe/-kuchen, hausgemacht, gebacken (mit Blätterteig)",pflaumenwahe kuchen hausgemacht gebacken mit blatterteig
1528,de,Pflaumenwähe,pflaumenwahe
474,en,"Plum, fresh",plum fresh
474,fr,"Prune, crue",prune crue
474,de,"Pflaume, roh",pflaume roh
1054,en,"Plum, stewed, drained (without addition of sugar)",plum stewed drained without addition of sugar
1054,fr,"Prune, cuite, égouttée (sans adjonction de sucre)",prune cuite egouttee sans adjonction de sucre
1054,de,"Pflaume, gedünstet, abgetropft (ohne Zugabe von Zucker)",pflaume gedunstet abgetropft ohne zugabe von zucker
10546,en,"Polenta nera (made from corn semolina and buckwheat flour,) cooked",polenta nera made from corn semolina and buckwheat flour cooked
10546,fr,"Polenta nera, préparée",polenta nera preparee
10546,de,"Polenta nera (aus Maisgriess und Buchweizenmehl), gekocht",polenta nera aus maisgriess und buchweizenmehl gekocht
13882,en,"Pomegranate, raw",pomegranate raw
13882,fr,"Grenade, crue",grenade crue
13882,de,"Granatapfel, roh",granatapfel roh
12982,en,Pommes Chips,pommes chips
12982,fr,Pommes chips,pommes chips
12982,de,Pommes Chips,pommes chips
424,en,Popcorn,popcorn
424,fr,Popcorn,popcorn
424,fr,Maïs éclaté,mais eclate
424,de,Popcorn,popcorn
424,de,Puffmais,puffmais
1668,en,"Porc piccata, prepared",porc piccata prepared
1668,fr,"Piccata de porc, préparée",piccata de porc preparee
1668,de,"Schweinspiccata, zubereitet",schweinspiccata zubereitet
1102,en,"Pork (average excluding offal, chop, knuckle), raw",pork average excluding offal chop knuckle raw
1102,fr,"Viande de porc (moyenne sans abats ni côtelette ni pied), crue",viande de porc moyenne sans abats ni cotelette ni pied crue
1102,de,"Schweinefleisch (Durchschnitt exkl. Innereien, Kotelett, Haxe), roh",schweinefleisch durchschnitt exkl innereien kotelett haxe roh
594,en,Pork lard,pork lard
594,fr,Saindoux,saindoux
594,de,Schweineschmalz,schweineschmalz
1671,en,"Pork ragout with sauce, prepared",pork ragout with sauce prepared
1671,fr,"Ragoût de porc avec sauce, préparé",ragout de porc avec sauce prepare
1671,de,"Schweinsragout mit Sauce, zubereitet",schweinsragout mit sauce zubereitet
1085,en,Pork sausage (Schweinsbratwurst),pork sausage schweinsbratwurst
1085,fr,Saucisse à rôtir de porc,saucisse a rotir de porc
1085,de,Schweinsbratwurst,schweinsbratwurst
1085,de,Bauernbratwurst,bauernbratwurst
1086,en,Pork sausage (Schweinswurst),pork sausage schweinswurst
1086,fr,Saucisse de porc,saucisse de porc
1086,de,Schweinswurst,schweinswurst
14089,en,"Pork sausage, grilled (without addition of fat and salt)",pork sausage grilled without addition of fat and salt
14089,fr,"Saucisse à rôtir de porc, grillée (sans adjonction de sel ni de graisse)",saucisse a rotir de porc grillee sans adjonction de sel ni de graisse
14089,de,"Schweinsbratwurst, gebraten (ohne Zusatz von Fett und Salz)",schweinsbratwurst gebraten ohne zusatz von fett und salz
13283,en,"Pork, chop, pan fried (without addition of fat and salt)",pork chop pan fried without addition of fat and salt
13283,fr,"Porc, côtelette, grillée (sans adjonction de graisse ni de sel)",porc cotelette grillee sans adjonction de graisse ni de sel
13283,de,"Schwein, Kotelett, gebraten (ohne Zusatz von Fett und Salz)",schwein kotelett gebraten ohne zusatz von fett und salz
8,en,"Pork, chop, raw",pork chop raw
8,fr,"Porc, côtelette, crue",porc cotelette crue
8,de,"Schwein, Kotelett, roh",schwein kotelett roh
13285,en,"Pork, chopped, pan fried (without addition of fat and salt)",pork chopped pan fried without addition of fat and salt
13285,fr,"Porc, émincé, grillé (sans adjonction de graisse ni de sel)",porc emince grille sans adjonction de graisse ni de sel
13285,de,"Schwein, Geschnetzeltes, gebraten (ohne Zusatz von Fett und Salz)",schwein geschnetzeltes gebraten ohne zusatz von fett und salz
40,en,"Pork, chopped, raw",pork chopped raw
40,fr,"Porc, émincé, cru",porc emince cru
40,de,"Schwein, Geschnetzeltes, roh",schwein geschnetzeltes roh
1077,en,"Pork, chuck, medium, roast in oven (without addition of fat and salt)",pork chuck medium roast in oven without addition of fat and salt
1077,fr,"Porc, épaule, rôtie au four ""à point"" (sans adjonction de graisse ni de sel)",porc epaule rotie au four a point sans adjonction de graisse ni de sel
1077,de,"Schwein, Schulter, Braten ""medium"", im Ofen gebraten (ohne Zugabe von Fett und Salz)",schwein schulter braten medium im ofen gebraten ohne zugabe von fett und salz
676,en,"Pork, chuck, roast, raw",pork chuck roast raw
676,fr,"Porc, épaule, rôti, cru",porc epaule roti cru
676,de,"Schwein, Schulter, Braten, roh",schwein schulter braten roh
1079,en,"Pork, chuck, well done, roast in oven (without addition of fat and salt)",pork chuck well done roast in oven without addition of fat and salt
1079,fr,"Porc,  épaule, rôtie au four ""bien cuit""  (sans adjonction de graisse ni de sel)",porc epaule rotie au four bien cuit sans adjonction de graisse ni de sel
1079,de,"Schwein, Schulter, Braten ""well done"", im Ofen gebraten (ohne Zugabe von Fett und Salz)",schwein schulter braten well done im ofen gebraten ohne zugabe von fett und salz
43,en,"Pork, eye of round, raw",pork eye of round raw
43,fr,"Porc, pièce ronde, tranche, crue",porc piece ronde tranche crue
43,de,"Schwein, Runder Mocken, roh",schwein runder mocken roh
43,de,Plätzli,platzli
13269,en,"Pork, filet, pan fried (without addition of fat and salt)",pork filet pan fried without addition of fat and salt
13269,fr,"Porc, filet mignon, rôti (sans adjonction de graisse ni de sel)",porc filet mignon roti sans adjonction de graisse ni de sel
13269,de,"Schwein, Filet, gebraten (ohne Zusatz von Fett und Salz)",schwein filet gebraten ohne zusatz von fett und salz
677,en,"Pork, filet, raw1",pork filet raw1
677,fr,"Porc, filet mignon, cru",porc filet mignon cru
677,de,"Schwein, Filet, roh",schwein filet roh
692,en,"Pork, ham from shoulder, cooked",pork ham from shoulder cooked
692,fr,Jambon cuit de devant,jambon cuit de devant
692,de,Vorderschinken,vorderschinken
13289,en,"Pork, knuckle, braised (without addition of fat and salt)",pork knuckle braised without addition of fat and salt
13289,fr,"Porc, jarret, braisé (sans adjonction de graisse ni de sel)",porc jarret braise sans adjonction de graisse ni de sel
13289,de,"Schwein, Haxe, geschmort (ohne zusatz von Fett und Salz)",schwein haxe geschmort ohne zusatz von fett und salz
678,en,"Pork, knuckle, raw",pork knuckle raw
678,fr,"Porc, jarret, cru",porc jarret cru
678,de,"Schwein, Haxe, roh",schwein haxe roh
689,en,"Pork, liver, raw",pork liver raw
689,fr,"Porc, foie, cru",porc foie cru
689,de,"Schwein, Leber, roh",schwein leber roh
701,en,"Pork, loin, cured, raw",pork loin cured raw
701,fr,"Carré (filet) de porc fumé, cru",carre filet de porc fume cru
701,de,"Rippli (Nierstück), roh",rippli nierstuck roh
42,en,"Pork, loin, raw",pork loin raw
42,fr,"Porc, filet, cru",porc filet cru
42,de,"Schwein, Nierstück, roh",schwein nierstuck roh
7,en,"Pork, minced, raw",pork minced raw
7,fr,"Porc, haché, cru",porc hache cru
7,de,"Schwein, Gehacktes, roh",schwein gehacktes roh
7,de,Hackfleisch,hackfleisch
9,en,"Pork, ragout, raw",pork ragout raw
9,fr,"Porc, ragoût, cru",porc ragout cru
9,de,"Schwein, Voressen, roh",schwein voressen roh
9,de,Ragout,ragout
13270,en,"Pork, round, schnitzel, pan fried (without addition of fat and salt)",pork round schnitzel pan fried without addition of fat and salt
13270,fr,"Porc, noix, tranche, grillée (sans adjonction de graisse ni de sel)",porc noix tranche grillee sans adjonction de graisse ni de sel
13270,de,"Schwein, Eckstück, Plätzli, gebraten (ohne Zusatz von Fett und Salz)",schwein eckstuck platzli gebraten ohne zusatz von fett und salz
679,en,"Pork, round, schnitzel, raw",pork round schnitzel raw
679,fr,"Porc, noix, tranche, crue",porc noix tranche crue
679,de,"Schwein, Eckstück, roh",schwein eckstuck roh
679,de,Plätzli,platzli
39,en,"Pork, spare ribs, raw",pork spare ribs raw
39,fr,"Porc, fricassée, crue",porc fricassee crue
39,de,"Schwein, Brustspitz, roh",schwein brustspitz roh
13284,en,"Pork, throat, pan fried (without addition of fat and salt)",pork throat pan fried without addition of fat and salt
13284,fr,"Porc, cou, steak, grillé (sans adjonction de graisse ni de sel)",porc cou steak grille sans adjonction de graisse ni de sel
13284,de,"Schwein, Hals, Steak, gebraten (ohne Zusatz von Fett und Salz)",schwein hals steak gebraten ohne zusatz von fett und salz
41,en,"Pork, throat, raw",pork throat raw
41,fr,"Porc, cou, steak, cru",porc cou steak cru
41,de,"Schwein, Hals, Steak, roh",schwein hals steak roh
1511,en,"Porridge, prepared (with full fat milk, without addition of sugar)",porridge prepared with full fat milk without addition of sugar
1511,fr,"Porridge, préparé (avec du lait entier, sans adjonction de sucre)",porridge prepare avec du lait entier sans adjonction de sucre
1511,de,"Haferbrei, zubereitet (mit Vollmilch, ohne Zugabe von Zucker)",haferbrei zubereitet mit vollmilch ohne zugabe von zucker
1512,en,"Porridge, prepared (with partially skimmed milk, without addition of sugar)",porridge prepared with partially skimmed milk without addition of sugar
1512,fr,"Porridge, préparé (avec du lait partiellement écrémé, sans adjonction de sucre)",porridge prepare avec du lait partiellement ecreme sans adjonction de sucre
1512,de,"Haferbrei, zubereitet (mit teilentrahmter Milch, ohne Zugabe von Zucker)",haferbrei zubereitet mit teilentrahmter milch ohne zugabe von zucker
516,en,"Port, 18.5 vol%",port 18 5 vol
516,fr,"Vin de Porto, 18.5 vol%",vin de porto 18 5 vol
516,de,"Portwein, 18.5 vol%",portwein 18 5 vol
516,de,Porto,porto
12983,en,Potato chips fat reduced,potato chips fat reduced
12983,fr,Pommes chips à matière grasse réduite,pommes chips a matiere grasse reduite
12983,de,Pommes Chips fettreduziert,pommes chips fettreduziert
860,en,Potato flakes with milk powder and salt (instant mashed potatoes),potato flakes with milk powder and salt instant mashed potatoes
860,fr,"Flocons de pomme de terre, avec poudre de lait et sel (purée instantanée)",flocons de pomme de terre avec poudre de lait et sel puree instantanee
860,de,Kartoffelflocken mit Milchpulver und Salz (Instant-Kartoffelstock),kartoffelflocken mit milchpulver und salz instant kartoffelstock
860,de,Instant-Kartoffelstock,instant kartoffelstock
14197,en,"Potato gnocchi, cooked",potato gnocchi cooked
14197,fr,"Gnocchi de pommes-de-terre, cuits",gnocchi de pommes de terre cuits
14197,de,"Kartoffelgnocchi, gekocht",kartoffelgnocchi gekocht
1516,en,Potato salad with mayonnaise yogurt dressing,potato salad with mayonnaise yogurt dressing
1516,fr,Salade de pommes de terre (sauce mayonnaise et yogourt),salade de pommes de terre sauce mayonnaise et yogourt
1516,de,Kartoffelsalat mit Mayonnaise-Joghurt-Sauce,kartoffelsalat mit mayonnaise joghurt sauce
1517,en,Potato salad with oil and vinagre dressing,potato salad with oil and vinagre dressing
1517,fr,"Salade de pommes de terre, sauce au vinaigre et huile",salade de pommes de terre sauce au vinaigre et huile
1517,de,Kartoffelsalat mit Essig-Öl-Sauce,kartoffelsalat mit essig ol sauce
497,en,Potato starch,potato starch
497,fr,Fécule de pommes de terre,fecule de pommes de terre
497,fr,Amidon de pommes de terre,amidon de pommes de terre
497,de,Kartoffelstärke,kartoffelstarke
14259,en,"Potato, new, with skin, boiled (without salt)",potato new with skin boiled without salt
14259,fr,"Pomme de terre nouvelle, avec peau, cuite à l'eau (sans sel)",pomme de terre nouvelle avec peau cuite a l eau sans sel
14259,de,"Kartoffel, früh, ungeschält, im Wasser gekocht (ohne Salz)",kartoffel fruh ungeschalt im wasser gekocht ohne salz
813,en,"Potato, peeled, raw",potato peeled raw
813,fr,"Pomme de terre, épluchée, crue",pomme de terre epluchee crue
813,de,"Kartoffel, geschält, roh",kartoffel geschalt roh
813,de,Kartoffeln,kartoffeln
1057,en,"Potatoe, peeled, steamed (without addition of salt)",potatoe peeled steamed without addition of salt
1057,fr,"Pomme de terre, épluchée, à la vapeur (sans adjonction de sel)",pomme de terre epluchee a la vapeur sans adjonction de sel
1057,de,"Kartoffel, geschält, gedämpft (ohne Zugabe von Salz)",kartoffel geschalt gedampft ohne zugabe von salz
1057,de,Gschwellti,gschwellti
14258,en,"Potatoe, with skin, baked (without addition of fat and salt)",potatoe with skin baked without addition of fat and salt
14258,fr,"Pomme de terre, avec peau, cuite au four (sans adjonction de graisse ni de sel)",pomme de terre avec peau cuite au four sans adjonction de graisse ni de sel
14258,de,"Kartoffel, ungeschält, im Ofen gebacken (ohne Zugabe von Fett und Salz)",kartoffel ungeschalt im ofen gebacken ohne zugabe von fett und salz
1599,en,"Potatoes au gratin ""dauphinois"", prepared",potatoes au gratin dauphinois prepared
1599,fr,"Gratin de pommes de terre dauphinois, préparé",gratin de pommes de terre dauphinois prepare
1599,de,"Kartoffelgratin dauphinois, zubereitet",kartoffelgratin dauphinois zubereitet
1600,en,"Potatoes au gratin ""savoyard"", prepared",potatoes au gratin savoyard prepared
1600,fr,"Gratin de pommes de terre savoyard, préparé",gratin de pommes de terre savoyard prepare
1600,de,"Kartoffelgratin Savoyer Art, zubereitet",kartoffelgratin savoyer art zubereitet
1100,en,"Poultry (average excluding offal), raw",poultry average excluding offal raw
1100,fr,"Viande de volaille (moyenne sans abats), crue",viande de volaille moyenne sans abats crue
1100,de,"Geflügelfleisch (Durchschnitt exkl. Innereien), roh",geflugelfleisch durchschnitt exkl innereien roh
1109,en,"Poultry with skin (average), raw",poultry with skin average raw
1109,fr,"Viande de volaille avec peau (moyenne), crue",viande de volaille avec peau moyenne crue
1109,de,"Geflügelfleisch mit Haut (Durchschnitt), roh",geflugelfleisch mit haut durchschnitt roh
1108,en,"Poultry without skin (average excluding offal), raw",poultry without skin average excluding offal raw
1108,fr,"Viande de volaille sans peau (moyenne sans abats), crue",viande de volaille sans peau moyenne sans abats crue
1108,de,"Geflügelfleisch ohne Haut (Durchschnitt exkl. Innereien), roh",geflugelfleisch ohne haut durchschnitt exkl innereien roh
14296,en,Pretzel sticks (dry lye pretzel),pretzel sticks dry lye pretzel
14296,fr,"Bretzel, sticks salés, secs",bretzel sticks sales secs
14296,de,"Laugengebäck trocken (Bretzel, Sticks)",laugengeback trocken bretzel sticks
558,en,"Processed cheese, 15% fidm, slice",processed cheese 15 fidm slice
558,fr,"Fromage fondu en tranches, quart-gras",fromage fondu en tranches quart gras
558,de,"Schmelzkäse, Scheibe, viertelfett",schmelzkase scheibe viertelfett
560,en,"Processed cheese, 15% fidm, spreadable",processed cheese 15 fidm spreadable
560,fr,"Fromage fondu à tartiner, quart-gras",fromage fondu a tartiner quart gras
560,de,"Schmelzkäse, streichfähig, viertelfett",schmelzkase streichfahig viertelfett
559,en,"Processed cheese, 45% fidm, slice",processed cheese 45 fidm slice
559,fr,"Fromage fondu en tranches, gras",fromage fondu en tranches gras
559,de,"Schmelzkäse, Scheibe, vollfett",schmelzkase scheibe vollfett
561,en,"Processed cheese, 45% fidm, spreadable",processed cheese 45 fidm spreadable
561,fr,"Fromage fondu à tartiner, gras",fromage fondu a tartiner gras
561,de,"Schmelzkäse, streichfähig, vollfett",schmelzkase streichfahig vollfett
563,en,"Processed cheese, 50% fidm, slice",processed cheese 50 fidm slice
563,fr,"Fromage fondu en tranches, à la crème",fromage fondu en tranches a la creme
563,de,"Schmelzkäse, Scheibe, Rahm",schmelzkase scheibe rahm
565,en,"Processed cheese, 50% fidm, spreadable",processed cheese 50 fidm spreadable
565,fr,"Fromage fondu à tartiner, à la crème",fromage fondu a tartiner a la creme
565,de,"Schmelzkäse, streichfähig, Rahm",schmelzkase streichfahig rahm
1531,en,"Prune plum pie, homemade, baked (with cake dough)",prune plum pie homemade baked with cake dough
1531,fr,"Tarte aux pruneaux, faite maison, cuite au four (pâte brisée)",tarte aux pruneaux faite maison cuite au four pate brisee
1531,de,"Zwetschgenwähe/-kuchen, hausgemacht, gebacken (mit Kuchenteig)",zwetschgenwahe kuchen hausgemacht gebacken mit kuchenteig
1531,de,Zwetschgenwähe,zwetschgenwahe
1529,en,"Prune plum pie, homemade, baked (with puff pastry)",prune plum pie homemade baked with puff pastry
1529,fr,"Tarte aux pruneaux, faite maison, cuite au four (pâte feuilletée)",tarte aux pruneaux faite maison cuite au four pate feuilletee
1529,de,"Zwetschgenwähe/-kuchen, hausgemacht, gebacken (mit Blätterteig)",zwetschgenwahe kuchen hausgemacht gebacken mit blatterteig
1529,de,Zwetschgenwähe,zwetschgenwahe
479,en,"Prune plum, fresh",prune plum fresh
479,fr,"Pruneau, cru",pruneau cru
479,fr,Quetsche,quetsche
479,de,"Zwetschge, roh",zwetschge roh
1056,en,"Prune plum, stewed, drained (without addition of sugar)",prune plum stewed drained without addition of sugar
1056,fr,"Pruneau, cuit, égoutté (sans adjonction de sucre)",pruneau cuit egoutte sans adjonction de sucre
1056,de,"Zwetschge, gedünstet, abgetropft (ohne Zugabe von Zucker)",zwetschge gedunstet abgetropft ohne zugabe von zucker
475,en,"Prune, dried",prune dried
475,fr,"Pruneau, sec",pruneau sec
475,de,"Pflaume, getrocknet",pflaume getrocknet
475,de,Dörrpflaume,dorrpflaume
475,de,Backpflaume,backpflaume
874,en,Prussian cookie,prussian cookie
874,fr,Coeurs de France,coeurs de france
874,de,Prussien,prussien
874,de,Palmiers,palmiers
806,en,"Pudding, caramel",pudding caramel
806,fr,Flan au caramel,flan au caramel
806,fr,Pouding,pouding
806,de,"Pudding, Caramel",pudding caramel
806,de,Flan,flan
810,en,"Pudding, chocolate",pudding chocolate
810,fr,Flan au chocolat,flan au chocolat
810,fr,Pouding,pouding
810,de,"Pudding, Schokolade",pudding schokolade
810,de,Flan,flan
809,en,"Pudding, vanilla",pudding vanilla
809,fr,Flan à la vanille,flan a la vanille
809,fr,Pouding,pouding
809,de,"Pudding, Vanille",pudding vanille
809,de,Flan,flan
13445,en,"Puff pastry (with vegetable fat), raw",puff pastry with vegetable fat raw
13445,fr,"Pâte feuilletée (avec graisse végétale), crue",pate feuilletee avec graisse vegetale crue
13445,de,"Blätterteig (mit pflanzichem Fett), ungebacken",blatterteig mit pflanzichem fett ungebacken
928,en,Puff pastry sticks,puff pastry sticks
928,fr,Flûte feuilletée,flute feuilletee
928,de,Blätterteigstängel,blatterteigstangel
928,de,Flûtes,flutes
904,en,"Puff pastry, home-made (with butter), raw",puff pastry home made with butter raw
904,fr,"Pâte feuillettée, faite maison (au beurre), crue",pate feuillettee faite maison au beurre crue
904,de,"Blätterteig, hausgemacht (Butter), ungebacken",blatterteig hausgemacht butter ungebacken
905,en,"Puff pastry, home-made (with vegetable fat), raw",puff pastry home made with vegetable fat raw
905,fr,"Pâte feuilletée, faite maison (avec graisse végétale), crue",pate feuilletee faite maison avec graisse vegetale crue
905,de,"Blätterteig, hausgemacht (mit pflanzlichem Fett), ungebacken",blatterteig hausgemacht mit pflanzlichem fett ungebacken
14141,en,Puffed or extruded cereals with cocoa or chocolate,puffed or extruded cereals with cocoa or chocolate
14141,fr,"Céréales soufflées ou extrudées, au cacao ou chocolat",cereales soufflees ou extrudees au cacao ou chocolat
14141,de,Gepufftes oder extrudiertes Getreide mit Kakao oder Schokolade,gepufftes oder extrudiertes getreide mit kakao oder schokolade
14137,en,"Puffed rice, crispy",puffed rice crispy
14137,fr,"Riz soufflé, croustillant",riz souffle croustillant
14137,de,"Puffreis, knusprig",puffreis knusprig
14139,en,Puffed wheat with honey or other sugars,puffed wheat with honey or other sugars
14139,fr,"Blé soufflé, au miel ou autres sucres",ble souffle au miel ou autres sucres
14139,de,Gepuffter Weizen mit Honig oder andere Zuckerarten,gepuffter weizen mit honig oder andere zuckerarten
1662,en,"Pumpkin piccata, prepared",pumpkin piccata prepared
1662,fr,"Piccata de courge, préparée",piccata de courge preparee
1662,de,"Kürbis-Piccata, zubereitet",kurbis piccata zubereitet
13404,en,Pumpkin seed oil,pumpkin seed oil
13404,fr,Huile de graines de courge,huile de graines de courge
13404,de,Kürbiskernöl,kurbiskernol
276,en,Pumpkin seeds,pumpkin seeds
276,fr,Graine de courge,graine de courge
276,de,Kürbiskerne,kurbiskerne
480,en,"Pumpkin, raw",pumpkin raw
480,fr,"Courge, crue",courge crue
480,fr,Potiron,potiron
480,fr,Citrouille,citrouille
480,de,"Kürbis, roh",kurbis roh
480,de,Riesenkürbis,riesenkurbis
1020,en,"Pumpkin, steamed (without addition of salt)",pumpkin steamed without addition of salt
1020,fr,"Courge, à la vapeur (sans adjonction de sel)",courge a la vapeur sans adjonction de sel
1020,de,"Kürbis, gedämpft (ohne Zugabe von Salz)",kurbis gedampft ohne zugabe von salz
1541,en,"Quiche Lorraine, baked (with cake dough)",quiche lorraine baked with cake dough
1541,fr,"Quiche Lorraine, cuite au four (pâte brisée)",quiche lorraine cuite au four pate brisee
1541,de,"Quiche Lorraine, gebacken (mit Kuchenteig)",quiche lorraine gebacken mit kuchenteig
1542,en,"Quiche Lorraine, baked (with puff pastry)",quiche lorraine baked with puff pastry
1542,fr,"Quiche Lorraine, cuite au four (pâte feuilletée)",quiche lorraine cuite au four pate feuilletee
1542,de,"Quiche Lorraine, gebacken (mit Blätterteig)",quiche lorraine gebacken mit blatterteig
1055,en,"Quince, cooked, drained (without addition of sugar)",quince cooked drained without addition of sugar
1055,fr,"Coing, cuit, égoutté (sans adjonction de sucre)",coing cuit egoutte sans adjonction de sucre
1055,de,"Quitte, gekocht, abgetropft (ohne Zugabe von Zucker)",quitte gekocht abgetropft ohne zugabe von zucker
476,en,"Quince, fresh",quince fresh
476,fr,"Coing, cru",coing cru
476,de,"Quitte, roh",quitte roh
13396,en,"Quinoa, cooked (without addition of salt and fat)",quinoa cooked without addition of salt and fat
13396,fr,"Quinoa, cuit (sans adjonction de graisse ni de sel)",quinoa cuit sans adjonction de graisse ni de sel
13396,de,"Quinoa, gekocht (ohne Zugabe von Salz und Fett)",quinoa gekocht ohne zugabe von salz und fett
13394,en,"Quinoa, raw",quinoa raw
13394,fr,"Quinoa, cru",quinoa cru
13394,de,"Quinoa, roh",quinoa roh
532,en,Raclette cheese,raclette cheese
532,fr,Fromage à raclette,fromage a raclette
532,de,Raclettekäse,raclettekase
458,en,"Radicchio red, raw",radicchio red raw
458,fr,"Chicorée rouge, crue",chicoree rouge crue
458,fr,Trévise,trevise
458,fr,Salade trévise,salade trevise
458,de,"Cicorino rot, roh",cicorino rot roh
361,en,"Radish, raw",radish raw
361,fr,"Radis blanc, cru",radis blanc cru
361,de,"Rettich, roh",rettich roh
456,en,"Radish, red, raw",radish red raw
456,fr,"Radis rouge, cru",radis rouge cru
456,de,"Radieschen, roh",radieschen roh
456,de,Radisli,radisli
477,en,"Raisins, dried (grape)/ sultanas",raisins dried grape sultanas
477,fr,"Raisin, sec",raisin sec
477,fr,Sultanine,sultanine
477,de,"Rosine, getrocknet",rosine getrocknet
477,de,Weinbeere,weinbeere
477,de,Sultanine,sultanine
600,en,Rapeseed oil,rapeseed oil
600,fr,Huile de colza,huile de colza
600,de,Rapsöl,rapsol
1069,en,"Rapeseed oil HOLL (high oleic, low linolenic)",rapeseed oil holl high oleic low linolenic
1069,fr,"Huile de colza HOLL (high oleic, low linolenic)",huile de colza holl high oleic low linolenic
1069,de,"Rapsöl HOLL (high oleic, low linolenic)",rapsol holl high oleic low linolenic
917,en,Rascal (Shortbread cookie with jam),rascal shortbread cookie with jam
917,fr,Coquin (sablés à la confiture),coquin sables a la confiture
917,de,Spitzbube (Mürbeteiggebäck mit Konfitüre),spitzbube murbeteiggeback mit konfiture
390,en,"Raspberry, raw",raspberry raw
390,fr,"Framboise, crue",framboise crue
390,de,"Himbeere, roh",himbeere roh
1665,en,"Ratatouille, prepared",ratatouille prepared
1665,fr,"Ratatouille, préparée",ratatouille preparee
1665,de,"Ratatouille, zubereitet",ratatouille zubereitet
1117,en,Raw cured meat raw (average),raw cured meat raw average
1117,fr,Produits de salaison crus (moyenne),produits de salaison crus moyenne
1117,de,Rohpökelwaren (Durchschnitt),rohpokelwaren durchschnitt
1114,en,Raw sausages (average),raw sausages average
1114,fr,Saucisses crues (moyenne),saucisses crues moyenne
1114,de,Rohwürste/Dauerwürste (Durchschnitt),rohwurste dauerwurste durchschnitt
1115,en,Raw sausages with interrupted maturation (average),raw sausages with interrupted maturation average
1115,fr,Saucisses crues avec maturation interrompue (moyenne),saucisses crues avec maturation interrompue moyenne
1115,de,Rohwürste mit abgebrochener Reifung (Durchschnitt),rohwurste mit abgebrochener reifung durchschnitt
533,en,Reblochon cheese,reblochon cheese
533,fr,Reblochon,reblochon
533,de,Reblochon,reblochon
364,en,"Red cabbage, raw",red cabbage raw
364,fr,"Chou rouge, cru",chou rouge cru
364,de,"Rotkohl, roh",rotkohl roh
364,de,Rotkraut,rotkraut
364,de,Blaukraut,blaukraut
1022,en,"Red cabbage, stewed (without addition of fat and salt)",red cabbage stewed without addition of fat and salt
1022,fr,"Chou rouge, à l'étuvée (sans adjonction de graisse ni de sel)",chou rouge a l etuvee sans adjonction de graisse ni de sel
1022,de,"Rotkohl, gedünstet (ohne Zugabe von Fett und Salz)",rotkohl gedunstet ohne zugabe von fett und salz
1022,de,Rotkraut,rotkraut
1022,de,Blaukraut,blaukraut
1592,en,"Red currant pie, homemade (with sweet short pastry base)",red currant pie homemade with sweet short pastry base
1592,fr,"Tarte aux groseilles rouges, faite maison (avec pâte brisée sucrée)",tarte aux groseilles rouges faite maison avec pate brisee sucree
1592,fr,Tarte aux raisinets,tarte aux raisinets
1592,de,"Johannisbeerwähe/-kuchen, hausgemacht (mit süssem Mürbeteig)",johannisbeerwahe kuchen hausgemacht mit sussem murbeteig
1595,en,"Red currant pie, homemade, baked (with cake dough)",red currant pie homemade baked with cake dough
1595,fr,"Tarte aux groseilles rouges, faite maison, cuite au four (pâte brisée)",tarte aux groseilles rouges faite maison cuite au four pate brisee
1595,fr,Tarte aux raisinets,tarte aux raisinets
1595,de,"Johannisbeerwähe/-kuchen, hausgemacht, gebacken (mit Kuchenteig)",johannisbeerwahe kuchen hausgemacht gebacken mit kuchenteig
1593,en,"Red currant pie, homemade, baked (with puff pastry)",red currant pie homemade baked with puff pastry
1593,fr,"Tarte aux groseilles rouges, faite maison, cuite au four (pâtes feuilletée)",tarte aux groseilles rouges faite maison cuite au four pates feuilletee
1593,fr,Tarte aux raisinets,tarte aux raisinets
1593,de,"Johannisbeerwähe/-kuchen, hausgmacht, gebacken (mit Blätterteig)",johannisbeerwahe kuchen hausgmacht gebacken mit blatterteig
1593,de,Johannisbeerwähe,johannisbeerwahe
13477,en,"Rhubarb compote, with sugar",rhubarb compote with sugar
13477,fr,"Compote de rhubarbe, sucrée",compote de rhubarbe sucree
13477,de,"Rhabarberkompott, gezuckert",rhabarberkompott gezuckert
1548,en,"Rhubarb pie, homemade, baked (with cake dough)",rhubarb pie homemade baked with cake dough
1548,fr,"Tarte à la rhubarbe, faite maison, cuite au four (pâte brisée)",tarte a la rhubarbe faite maison cuite au four pate brisee
1548,de,"Rhabarberwähe/-kuchen, hausgemacht, gebacken (mit Kuchenteig)",rhabarberwahe kuchen hausgemacht gebacken mit kuchenteig
1548,de,Rhabarberwähe,rhabarberwahe
1547,en,"Rhubarb pie, homemade, baked (with puff pastry)",rhubarb pie homemade baked with puff pastry
1547,fr,"Tarte à la rhubarbe, faite maison, cuite au four (pâte feuilletée)",tarte a la rhubarbe faite maison cuite au four pate feuilletee
1547,de,"Rhabarberwähe/-kuchen, hausgemacht, gebacken (mit Blätterteig)",rhabarberwahe kuchen hausgemacht gebacken mit blatterteig
1547,de,Rhabarberwähe,rhabarberwahe
362,en,"Rhubarb, raw",rhubarb raw
362,fr,"Rhubarbe, crue",rhubarbe crue
362,de,"Rhabarber, roh",rhabarber roh
13450,en,"Rice drink, plain",rice drink plain
13450,fr,"Boisson à base de riz, nature",boisson a base de riz nature
13450,de,"Reisgetränk, nature",reisgetrank nature
14133,en,"Rice drink, plain with calcium fortified",rice drink plain with calcium fortified
14133,fr,"Boisson à base de riz, nature, enrichie en calcium",boisson a base de riz nature enrichie en calcium
14133,de,"Reisgetränk, nature mit Calcium angereichert",reisgetrank nature mit calcium angereichert
1065,en,"Rice parboiled, cooked in salted water (uniodised)",rice parboiled cooked in salted water uniodised
1065,fr,"Riz parboiled, cuit à l'eau salée (sel non iodé)",riz parboiled cuit a l eau salee sel non iode
1065,de,"Reis parboiled, gekocht in Salzwasser (unjodiert)",reis parboiled gekocht in salzwasser unjodiert
419,en,"Rice parboiled, raw",rice parboiled raw
419,fr,"Riz parboiled, sec",riz parboiled sec
419,fr,Riz blanc étuvé,riz blanc etuve
419,de,"Reis parboiled, trocken",reis parboiled trocken
1066,en,"Rice polished, cooked in salted water (uniodised)",rice polished cooked in salted water uniodised
1066,fr,"Riz blanc, cuit à l'eau salée (sel non iodé)",riz blanc cuit a l eau salee sel non iode
1066,de,"Reis poliert, gekocht in Salzwasser (unjodiert)",reis poliert gekocht in salzwasser unjodiert
427,en,"Rice polished, raw",rice polished raw
427,fr,"Riz blanc, sec",riz blanc sec
427,de,"Reis poliert, trocken",reis poliert trocken
1514,en,"Rice pudding, prepared (with full fat milk, without addition of sugar)",rice pudding prepared with full fat milk without addition of sugar
1514,fr,"Riz au lait, préparé (avec du lait entier, sans adjonction de sucre)",riz au lait prepare avec du lait entier sans adjonction de sucre
1514,de,"Milchreis, zubereitet (mit Vollmilch, ohne Zugabe von Zucker)",milchreis zubereitet mit vollmilch ohne zugabe von zucker
1513,en,"Rice pudding, prepared (with partially skimmed milk, without addition of sugar)",rice pudding prepared with partially skimmed milk without addition of sugar
1513,fr,"Riz au lait, préparé (avec du lait partiellement écrémé, sans adjonction de sucre)",riz au lait prepare avec du lait partiellement ecreme sans adjonction de sucre
1513,de,"Milchreis, zubereitet (mit teilentrahmter Milch, ohne Zugabe von Zucker)",milchreis zubereitet mit teilentrahmter milch ohne zugabe von zucker
428,en,"Rice unpolished (wholemeal), raw",rice unpolished wholemeal raw
428,fr,"Riz complet, sec",riz complet sec
428,de,"Reis unpoliert, trocken",reis unpoliert trocken
428,de,Vollkornreis,vollkornreis
1067,en,"Rice unpolished, cooked in salted water (uniodised)",rice unpolished cooked in salted water uniodised
1067,fr,"Riz complet, cuit à l'eau salée (sel non iodé)",riz complet cuit a l eau salee sel non iode
1067,de,"Reis unpoliert, gekocht in Salzwasser (unjodiert)",reis unpoliert gekocht in salzwasser unjodiert
1067,de,Vollkornreis,vollkornreis
14255,en,"Risotto with cheese, homemade",risotto with cheese homemade
14255,fr,"Risotto avec fromage, fait maison",risotto avec fromage fait maison
14255,de,"Risotto mit Käse, hausgemacht",risotto mit kase hausgemacht
10567,en,"Risotto with tomatoes, homemade",risotto with tomatoes homemade
10567,fr,"Risotto aux tomates, fait maison",risotto aux tomates fait maison
10567,de,"Tomatenrisotto, hausgemacht",tomatenrisotto hausgemacht
1584,en,"Risotto without cheese, prepared",risotto without cheese prepared
1584,fr,"Risotto sans fromage, cuit",risotto sans fromage cuit
1584,de,"Risotto ohne Käse, zubereitet",risotto ohne kase zubereitet
1189,en,"Ristretto with coffee cream, no sugar added",ristretto with coffee cream no sugar added
1189,fr,"Ristretto crème, non sucré",ristretto creme non sucre
1189,de,"Ristretto crème, ungezuckert",ristretto creme ungezuckert
1675,en,"Riz Casimir with chicken, prepared",riz casimir with chicken prepared
1675,fr,"Riz Casimir au poulet, préparé",riz casimir au poulet prepare
1675,de,"Riz Casimir mit Poulet, zubereitet",riz casimir mit poulet zubereitet
1677,en,"Riz Casimir with veal, prepared",riz casimir with veal prepared
1677,fr,"Riz casimir de veau, préparé",riz casimir de veau prepare
1677,de,"Riz Casimir mit Kalbfleisch, zubereitet",riz casimir mit kalbfleisch zubereitet
468,en,"Rocket, raw",rocket raw
468,fr,"Roquette, crue",roquette crue
468,fr,Rucola,rucola
468,de,"Rucola, roh",rucola roh
468,de,Rauke,rauke
28,en,"Roe (deer), ragout, raw",roe deer ragout raw
28,fr,"Chevreuil, ragoût (civet), cru",chevreuil ragout civet cru
28,de,"Reh, Ragout, roh",reh ragout roh
28,de,Rehpfeffer,rehpfeffer
29,en,"Roe (deer), schnitzel, raw",roe deer schnitzel raw
29,fr,"Chevreuil, escalope, crue",chevreuil escalope crue
29,de,"Reh, Schnitzel, roh",reh schnitzel roh
13333,en,"Rolled smoked ham, cooked (without addition of fat and salt)",rolled smoked ham cooked without addition of fat and salt
13333,fr,"Jambon roulé, cuit (sans adjonction de graisse ni de sel)",jambon roule cuit sans adjonction de graisse ni de sel
13333,de,"Rollschinken, gekocht (ohne Zusatz von Fett und Salz)",rollschinken gekocht ohne zusatz von fett und salz
805,en,Rollmops (pickled herring),rollmops pickled herring
805,fr,Rollmops,rollmops
805,fr,Hareng au vinaigre,hareng au vinaigre
805,de,Rollmops,rollmops
805,de,"Hering, sauer",hering sauer
718,en,"Rollschinken, cured and smoked pork meat",rollschinken cured and smoked pork meat
718,fr,Jambon roulé,jambon roule
718,de,Rollschinken,rollschinken
441,en,Romaine lettuce (cos lettuce),romaine lettuce cos lettuce
441,fr,"Laitue, crue",laitue crue
441,de,"Lattich, roh",lattich roh
1161,en,"Root and tuber vegetables (average), boiled (without addition of fat and salt)",root and tuber vegetables average boiled without addition of fat and salt
1161,fr,"Légumes racines et tubercules (moyenne), cuits (sans adjonction de graisse ni de sel)",legumes racines et tubercules moyenne cuits sans adjonction de graisse ni de sel
1161,de,"Wurzel- und Knollengemüse (Durchschnitt), gekocht (ohne Zugabe von Fett und Salz)",wurzel und knollengemuse durchschnitt gekocht ohne zugabe von fett und salz
1267,en,"Root and tuber vegetables (average), raw",root and tuber vegetables average raw
1267,fr,"Légumes racines et tubercules (moyenne), crus",legumes racines et tubercules moyenne crus
1267,de,"Wurzel- und Knollengemüse (Durchschnitt), roh",wurzel und knollengemuse durchschnitt roh
1162,en,"Root and tuber vegetables (average), steamed (without addition of salt)",root and tuber vegetables average steamed without addition of salt
1162,fr,"Légumes racines et tubercules (moyenne), à la vapeur (sans adjonction de sel)",legumes racines et tubercules moyenne a la vapeur sans adjonction de sel
1162,de,"Wurzel- und Knollengemüse (Durchschnitt), gedämpft (ohne Zugabe von Salz)",wurzel und knollengemuse durchschnitt gedampft ohne zugabe von salz
1163,en,"Root and tuber vegetables (average), stewed (without addition of fat and salt)",root and tuber vegetables average stewed without addition of fat and salt
1163,fr,"Légumes racines et tubercules (moyenne), à l'étuvée (sans adjonctions de graisse ni de sel)",legumes racines et tubercules moyenne a l etuvee sans adjonctions de graisse ni de sel
1163,de,"Wurzel- und Knollengemüse (Durchschnitt), gedünstet (ohne Zugabe von Fett und Salz)",wurzel und knollengemuse durchschnitt gedunstet ohne zugabe von fett und salz
484,en,Roquefort cheese,roquefort cheese
484,fr,Roquefort,roquefort
484,de,Roquefort,roquefort
14269,en,"Rosemary, dried",rosemary dried
14269,fr,"Romarin, sec",romarin sec
14269,de,"Rosmarin, getrocknet",rosmarin getrocknet
462,en,"Rosemary, fresh",rosemary fresh
462,fr,"Romarin, cru",romarin cru
462,de,"Rosmarin, roh",rosmarin roh
858,en,"Rosti (shredded potatoes), unprepared",rosti shredded potatoes unprepared
858,fr,"Rösti (produit tout prêt, à rôtir)",rosti produit tout pret a rotir
858,de,"Rösti (Fertig-Rösti), ungebraten",rosti fertig rosti ungebraten
930,en,Rusk,rusk
930,fr,Biscotte,biscotte
930,fr,Zwieback,zwieback
930,de,Zwieback,zwieback
929,en,Rusk wholemeal,rusk wholemeal
929,fr,Biscotte complète,biscotte complete
929,fr,Zwieback,zwieback
929,de,"Zwieback, Vollkorn",zwieback vollkorn
1607,en,"Russian salad, prepared",russian salad prepared
1607,fr,"Salade russe, préparée",salade russe preparee
1607,de,"Russischer Salat, zubereitet",russischer salat zubereitet
824,en,Rye bread from Valais,rye bread from valais
824,fr,Pain de seigle valaisan,pain de seigle valaisan
824,de,Walliser Roggenbrot,walliser roggenbrot
846,en,Rye bread with rye grist,rye bread with rye grist
846,fr,Pain au gruau de seigle,pain au gruau de seigle
846,de,Roggenschrotbrot,roggenschrotbrot
830,en,Rye bread with sour dough,rye bread with sour dough
830,fr,Pain de seigle au levain,pain de seigle au levain
830,de,Roggenbrot mit Sauerteig,roggenbrot mit sauerteig
749,en,Rye flour (wholemeal) Type 1800,rye flour wholemeal type 1800
749,fr,"Farine de seigle, complète, type 1800",farine de seigle complete type 1800
749,de,"Roggenmehl, Vollkorn, Schrot, Typ 1800",roggenmehl vollkorn schrot typ 1800
752,en,Rye flour Type 1050,rye flour type 1050
752,fr,"Farine de seigle, type 1050",farine de seigle type 1050
752,de,"Roggenmehl, Ruch, Typ 1050",roggenmehl ruch typ 1050
748,en,Rye flour Type 815,rye flour type 815
748,fr,"Farine de seigle, type 815",farine de seigle type 815
748,de,"Roggenmehl, halbweiss, Typ 815",roggenmehl halbweiss typ 815
589,en,Safflower oil,safflower oil
589,fr,Huile de carthame,huile de carthame
589,fr,Huile de chardon,huile de chardon
589,de,Distelöl,distelol
461,en,"Sage, raw",sage raw
461,fr,"Sauge, crue",sauge crue
461,de,"Salbei, roh",salbei roh
1201,en,"Salad dressing french style, home-made (with rapeseed oil)",salad dressing french style home made with rapeseed oil
1201,fr,"Sauce à salade française, faite maison (avec huile de colza)",sauce a salade francaise faite maison avec huile de colza
1201,de,"Salatsauce französisch, hausgemacht (mit Rapsöl)",salatsauce franzosisch hausgemacht mit rapsol
1200,en,"Salad dressing italian style, home-made (with olive oil)",salad dressing italian style home made with olive oil
1200,fr,"Sauce à salade italienne, faite maison (avec huile d'olive)",sauce a salade italienne faite maison avec huile d olive
1200,de,"Salatsauce italienisch, hausgemacht (mit Olivenöl)",salatsauce italienisch hausgemacht mit olivenol
14273,en,"Salad dressing with yogurt, home-made",salad dressing with yogurt home made
14273,fr,"Sauce à salade au yogourt, faite maison",sauce a salade au yogourt faite maison
14273,de,"Joghurt-Salatsauce, hausgemacht",joghurt salatsauce hausgemacht
13503,en,"Salad dressing, french style",salad dressing french style
13503,fr,"Sauce à salade, française",sauce a salade francaise
13503,de,"Salatsauce, französisch",salatsauce franzosisch
13502,en,"Salad dressing, italienisch style",salad dressing italienisch style
13502,fr,"Sauce à salade, italienne",sauce a salade italienne
13502,de,"Salatsauce, italienisch",salatsauce italienisch
783,en,Salametti,salametti
783,fr,Salametto,salametto
783,de,Salametti,salametti
1091,en,Salami,salami
1091,fr,Salami,salami
1091,de,Salami,salami
1094,en,"Salami ""budget"" type",salami budget type
1094,fr,Salami (ligne budget),salami ligne budget
1094,de,Salami (Billiglinie),salami billiglinie
13354,en,"Salmon, cultured, filet, steamed (without addition of fat and salt)",salmon cultured filet steamed without addition of fat and salt
13354,fr,"Saumon, élevage, filet, à la vapeur (sans adjonction de graisse ni de sel)",saumon elevage filet a la vapeur sans adjonction de graisse ni de sel
13354,de,"Lachs, Zucht, Filet, gedämpft (ohne Zusatz von Fett und Salz)",lachs zucht filet gedampft ohne zusatz von fett und salz
194,en,"Salmon, cultured, raw",salmon cultured raw
194,fr,"Saumon d'élevage, cru",saumon d elevage cru
194,de,"Lachs, Zucht, roh",lachs zucht roh
193,en,"Salmon, smoked",salmon smoked
193,fr,Saumon fumé,saumon fume
193,de,"Lachs, geräuchert",lachs gerauchert
210,en,"Salmon, wild, raw",salmon wild raw
210,fr,"Saumon sauvage, cru",saumon sauvage cru
210,de,"Lachs, Wildfang, roh",lachs wildfang roh
1089,en,Salsiz sausage,salsiz sausage
1089,fr,Salsiz,salsiz
1089,de,Salsiz,salsiz
14088,en,"Salt, himalaya salt",salt himalaya salt
14088,fr,"Sel, de l'Himalaya",sel de l himalaya
14088,de,"Salz, Himalayasalz",salz himalayasalz
14087,en,"Salt, sea salt, fleur de sel",salt sea salt fleur de sel
14087,fr,"Sel, de mer, fleur de sel",sel de mer fleur de sel
14087,de,"Salz, Meersalz, Fleur de sel",salz meersalz fleur de sel
14086,en,"Salt, sea salt, standard, white, without iodine and fluoride added",salt sea salt standard white without iodine and fluoride added
14086,fr,"Sel, de mer, standard, blanc, sans adjonction d'iode et fluor",sel de mer standard blanc sans adjonction d iode et fluor
14086,de,"Salz, Meersalz, Standard, weiss, ohne zugesetztes Jod und Fluor",salz meersalz standard weiss ohne zugesetztes jod und fluor
1687,en,"Saltimbocca, pan fried in rapeseed oil HOLL",saltimbocca pan fried in rapeseed oil holl
1687,fr,"Saltimbocca, grillé à l'huile de colza HOLL",saltimbocca grille a l huile de colza holl
1687,de,"Saltimbocca, gebraten in HOLL-Rapsöl",saltimbocca gebraten in holl rapsol
10562,en,"Samosa, deep-fried",samosa deep fried
10562,fr,"Samosa, frit",samosa frit
10562,de,"Samosa, frittiert",samosa frittiert
1551,en,Sandwich (baguette bread) with cold cuts,sandwich baguette bread with cold cuts
1551,fr,Sandwich (baguette) à la charcuterie,sandwich baguette a la charcuterie
1551,de,Sandwich (Baguette) mit Aufschnitt,sandwich baguette mit aufschnitt
1553,en,Sandwich (baguette bread) with dried meat,sandwich baguette bread with dried meat
1553,fr,Sandwich (baguette) à la viande séchée,sandwich baguette a la viande sechee
1553,de,Sandwich (Baguette) mit Trockenfleisch,sandwich baguette mit trockenfleisch
1557,en,Sandwich (baguette bread) with ham,sandwich baguette bread with ham
1557,fr,Sandwich (baguette) au jambon,sandwich baguette au jambon
1557,de,Sandwich (Baguette) mit Schinken,sandwich baguette mit schinken
1505,en,Sandwich (baguette bread) with luncheon meat,sandwich baguette bread with luncheon meat
1505,fr,Sandwich (baguette) au fromage d'Italie,sandwich baguette au fromage d italie
1505,de,Sandwich (Baguette) mit Fleischkäse,sandwich baguette mit fleischkase
1561,en,Sandwich (baguette bread) with mozzarella,sandwich baguette bread with mozzarella
1561,fr,Sandwich (baguette) à la mozzarella,sandwich baguette a la mozzarella
1561,de,Sandwich (Baguette) mit Mozzarella,sandwich baguette mit mozzarella
1549,en,Sandwich (baguette bread) with raw ham,sandwich baguette bread with raw ham
1549,fr,Sandwich (baguette) au jambon cru,sandwich baguette au jambon cru
1549,de,Sandwich (Baguette) mit Rohschinken,sandwich baguette mit rohschinken
1555,en,Sandwich (baguette bread) with salami,sandwich baguette bread with salami
1555,fr,Sandwich (baguette) au salami,sandwich baguette au salami
1555,de,Sandwich (Baguette) mit Salami,sandwich baguette mit salami
1559,en,Sandwich (baguette bread) with semi hard cheese,sandwich baguette bread with semi hard cheese
1559,fr,Sandwich (baguette) au fromage à pâte mi-dure,sandwich baguette au fromage a pate mi dure
1559,de,Sandwich (Baguette) mit Halbhartkäse,sandwich baguette mit halbhartkase
1521,en,Sandwich (baguette bread) with soft cheese,sandwich baguette bread with soft cheese
1521,fr,Sandwich (baguette) au fromage à pâte molle,sandwich baguette au fromage a pate molle
1521,de,Sandwich (Baguette) mit Weichkäse,sandwich baguette mit weichkase
1552,en,Sandwich (brown bread) with cold cuts,sandwich brown bread with cold cuts
1552,fr,Sandwich (pain bis) à la charcuterie,sandwich pain bis a la charcuterie
1552,de,Sandwich (Ruchbrot) mit Aufschnitt,sandwich ruchbrot mit aufschnitt
1554,en,Sandwich (brown bread) with dried meat,sandwich brown bread with dried meat
1554,fr,Sandwich (pain bis) à la viande séchée,sandwich pain bis a la viande sechee
1554,de,Sandwich (Ruchbrot) mit Trockenfleisch,sandwich ruchbrot mit trockenfleisch
1558,en,Sandwich (brown bread) with ham,sandwich brown bread with ham
1558,fr,Sandwich (pain bis) au jambon,sandwich pain bis au jambon
1558,de,Sandwich (Ruchbrot) mit Schinken,sandwich ruchbrot mit schinken
1506,en,Sandwich (brown bread) with luncheon meat,sandwich brown bread with luncheon meat
1506,fr,Sandwich (pain bis) au fromage d'Italie,sandwich pain bis au fromage d italie
1506,de,Sandwich (Ruchbrot) mit Fleischkäse,sandwich ruchbrot mit fleischkase
1562,en,Sandwich (brown bread) with mozzarella,sandwich brown bread with mozzarella
1562,fr,Sandwich (pain bis) à la mozzarella,sandwich pain bis a la mozzarella
1562,de,Sandwich (Ruchbrot) mit Mozzarella,sandwich ruchbrot mit mozzarella
1550,en,Sandwich (brown bread) with raw ham,sandwich brown bread with raw ham
1550,fr,Sandwich (pain bis) au jambon cru,sandwich pain bis au jambon cru
1550,de,Sandwich (Ruchbrot) mit Rohschinken,sandwich ruchbrot mit rohschinken
1556,en,Sandwich (brown bread) with salami,sandwich brown bread with salami
1556,fr,Sandwich (pain bis) au salami,sandwich pain bis au salami
1556,de,Sandwich (Ruchbrot) mit Salami,sandwich ruchbrot mit salami
1560,en,Sandwich (brown bread) with semi hard cheese,sandwich brown bread with semi hard cheese
1560,fr,Sandwich (pain bis) au fromage à pâte mi-dure,sandwich pain bis au fromage a pate mi dure
1560,de,Sandwich (Ruchbrot) mit Halbhartkäse,sandwich ruchbrot mit halbhartkase
1520,en,Sandwich (brown bread) with soft cheese,sandwich brown bread with soft cheese
1520,fr,Sandwich (pain bis) au fromage à pâte molle,sandwich pain bis au fromage a pate molle
1520,de,Sandwich (Ruchbrot) mit Weichkäse,sandwich ruchbrot mit weichkase
13978,en,"Sardine, in tomatosauce, canned",sardine in tomatosauce canned
13978,fr,"Sardine à la sauce tomate, en conserve",sardine a la sauce tomate en conserve
13978,de,"Sardine, in Tomatensauce, Konserve",sardine in tomatensauce konserve
780,en,Saucisson sausage,saucisson sausage
780,fr,Saucisson,saucisson
780,de,Saucisson,saucisson
13341,en,"Saucisson sausage, cooked (without addition of fat and salt)",saucisson sausage cooked without addition of fat and salt
13341,fr,"Saucisson vaudois, cuit (sans adjonction de graisse ni de sel)",saucisson vaudois cuit sans adjonction de graisse ni de sel
13341,de,"Saucisson, gekocht (ohne Zusatz von Fett und Salz)",saucisson gekocht ohne zusatz von fett und salz
647,en,"Sauerkraut, pickled",sauerkraut pickled
647,fr,"Choucroute, marinée au vinaigre",choucroute marinee au vinaigre
647,de,"Sauerkraut, in Essig eingelegt",sauerkraut in essig eingelegt
647,de,Sauerkohl,sauerkohl
1568,en,"Sausage salad, prepared",sausage salad prepared
1568,fr,"Salade de cervelas, préparée",salade de cervelas preparee
1568,de,"Wurstsalat, zubereitet",wurstsalat zubereitet
1088,en,Sausage Vaudois,sausage vaudois
1088,fr,Saucisson vaudois,saucisson vaudois
1088,de,Saucisson vaudois,saucisson vaudois
1080,en,"Sausage, veal",sausage veal
1080,fr,Saucisse de veau,saucisse de veau
1080,de,Kalbsbratwurst,kalbsbratwurst
14183,en,"Sausage, veal, grilled (without addition of fat and salt)",sausage veal grilled without addition of fat and salt
14183,fr,"Saucisse de veau, grillée (sans adjonction de graisse ni de sel)",saucisse de veau grillee sans adjonction de graisse ni de sel
14183,de,"Kalbsbratwurst, gebraten (ohne Zusatz von Fett und Salz)",kalbsbratwurst gebraten ohne zusatz von fett und salz
14149,en,"Sausage, vegan, made from tofu or soy protein",sausage vegan made from tofu or soy protein
14149,fr,"Saucisse, végétalienne, à base de tofu ou de protéines de soja",saucisse vegetalienne a base de tofu ou de proteines de soja
14149,de,"Wurst, vegan, aus Tofu oder Sojaeiweiss",wurst vegan aus tofu oder sojaeiweiss
14150,en,"Sausage,vegan, made from seitan or wheat protein",sausage vegan made from seitan or wheat protein
14150,fr,"Saucisse, végétalienne, à base de seitan ou de protéines de blé",saucisse vegetalienne a base de seitan ou de proteines de ble
14150,de,"Wurst, vegan, aus Seitan oder Weizeneiweiss",wurst vegan aus seitan oder weizeneiweiss
1543,en,"Savoury cheese quiche, baked (with cake dough)",savoury cheese quiche baked with cake dough
1543,fr,"Gateau au fromage, cuit au four (pâte brisée)",gateau au fromage cuit au four pate brisee
1543,de,"Käsekuchen, gebacken (mit Kuchenteig)",kasekuchen gebacken mit kuchenteig
1543,de,Käsewähe,kasewahe
1544,en,"Savoury cheese quiche, baked (with puff pastry)",savoury cheese quiche baked with puff pastry
1544,fr,"Gateau au fromage, cuit au four (pâte feuilletée)",gateau au fromage cuit au four pate feuilletee
1544,de,"Käsekuchen, gebacken (mit Blätterteig)",kasekuchen gebacken mit blatterteig
1544,de,Käsewähe,kasewahe
454,en,"Savoy cabbage, raw",savoy cabbage raw
454,fr,"Chou frisé (pommé), cru",chou frise pomme cru
454,de,"Wirz, roh",wirz roh
454,de,Wirsingkohl,wirsingkohl
1030,en,"Savoy cabbage, steamed (without addition of salt)",savoy cabbage steamed without addition of salt
1030,fr,"Chou frisé, à la vapeur (sans adjonction de sel)",chou frise a la vapeur sans adjonction de sel
1030,de,"Wirz, gedämpft (ohne Zugabe von Salz)",wirz gedampft ohne zugabe von salz
1030,de,Wirsingkohl,wirsingkohl
552,en,Sbrinz,sbrinz
552,fr,Sbrinz,sbrinz
552,de,Sbrinz,sbrinz
507,en,Schabziger (Swiss green cheese),schabziger swiss green cheese
507,fr,Fromage aux herbes glaronnais,fromage aux herbes glaronnais
507,fr,Schabziger,schabziger
507,de,Glarner Schabziger,glarner schabziger
507,de,Glarner Kräuterkäse,glarner krauterkase
1685,en,Schnitzel bread with cocktail sauce,schnitzel bread with cocktail sauce
1685,fr,Sandwich à l'escalope avec sauce cocktail,sandwich a l escalope avec sauce cocktail
1685,de,Schnitzelbrot mit Cocktailsauce,schnitzelbrot mit cocktailsauce
1685,de,Plätzlibrot,platzlibrot
1686,en,Schnitzel bread with tartare sauce,schnitzel bread with tartare sauce
1686,fr,Sandwich à l'escalope avec sauce tartare,sandwich a l escalope avec sauce tartare
1686,de,Schnitzelbrot mit Tartarsauce,schnitzelbrot mit tartarsauce
1686,de,Plätzlibrot,platzlibrot
791,en,Schützenwurst sausage,schutzenwurst sausage
791,fr,Boule de Bâle,boule de bale
791,de,Schützenwurst,schutzenwurst
1603,en,"Scrambled egg with herbs, prepared",scrambled egg with herbs prepared
1603,fr,"Oeufs brouillés aux herbes, préparés",oeufs brouilles aux herbes prepares
1603,de,"Rührei mit Kräutern, zubereitet",ruhrei mit krautern zubereitet
1605,en,"Scrambled eggs with cheese, prepared",scrambled eggs with cheese prepared
1605,fr,"Oeufs brouillés au fromage, préparés",oeufs brouilles au fromage prepares
1605,de,"Rührei mit Käse, zubereitet",ruhrei mit kase zubereitet
1606,en,"Scrambled eggs with ham, prepared",scrambled eggs with ham prepared
1606,fr,"Oeufs brouillés au jambon, préparés",oeufs brouilles au jambon prepares
1606,de,"Rührei mit Schinken, zubereitet",ruhrei mit schinken zubereitet
1604,en,"Scrambled eggs with mushrooms, prepared",scrambled eggs with mushrooms prepared
1604,fr,"Oeufs brouillés aux champignons, préparés",oeufs brouilles aux champignons prepares
1604,de,"Rührei mit Champignons, zubereitet",ruhrei mit champignons zubereitet
1602,en,"Scrambled eggs, prepared",scrambled eggs prepared
1602,fr,"Oeufs brouillés, préparés",oeufs brouilles prepares
1602,de,"Rührei, zubereitet",ruhrei zubereitet
13466,en,"Seaweed, Nori, dried",seaweed nori dried
13466,fr,"Algue, Nori, séchée",algue nori sechee
13466,de,"Alge, Nori, getrocknet",alge nori getrocknet
13466,de,"Algen, getrocknet",algen getrocknet
1170,en,"Seeds, kernels, nuts (average), unsalted",seeds kernels nuts average unsalted
1170,fr,"Graines oléagineuses et fruits à coque (moyenne), non salés",graines oleagineuses et fruits a coque moyenne non sales
1170,fr,Fruits à coque,fruits a coque
1170,de,"Samen, Kerne, Nüsse (Durchschnitt), ungesalzen",samen kerne nusse durchschnitt ungesalzen
14118,en,Seitan,seitan
14118,fr,Seitan,seitan
14118,de,Seitan,seitan
833,en,Semi-white bread,semi white bread
833,fr,Pain mi-blanc,pain mi blanc
833,de,Halbweissbrot,halbweissbrot
14078,en,Semi-white bread (with iodized salt),semi white bread with iodized salt
14078,fr,Pain mi-blanc (avec sel iodé),pain mi blanc avec sel iode
14078,de,Halbweissbrot (mit jodiertem Kochsalz),halbweissbrot mit jodiertem kochsalz
1463,en,"Semmeli (bread roll, white)",semmeli bread roll white
1463,fr,"Petit pain ""ballon""",petit pain ballon
1463,de,Semmeli,semmeli
14248,en,Semolina pudding with sugar,semolina pudding with sugar
14248,fr,"Flan de semoule, sucré",flan de semoule sucre
14248,de,Griessköpfli mit Zucker,griesskopfli mit zucker
1510,en,"Semolina pudding, prepared (with full fat milk, without addition of sugar)",semolina pudding prepared with full fat milk without addition of sugar
1510,fr,"Semoule, préparée (avec du lait entier, sans adjonction de sucre)",semoule preparee avec du lait entier sans adjonction de sucre
1510,de,"Griessbrei, zubereitet (mit Vollmilch, ohne Zugabe von Zucker)",griessbrei zubereitet mit vollmilch ohne zugabe von zucker
1509,en,"Semolina pudding, prepared (with partially skimmed milk, without addition of sugar)",semolina pudding prepared with partially skimmed milk without addition of sugar
1509,fr,"Semoule, préparée (avec du lait partiellement écrémé, sans adjonction de sucre)",semoule preparee avec du lait partiellement ecreme sans adjonction de sucre
1509,de,"Griessbrei, zubereitet (mit teilentrahmter Milch, ohne Zugabe von Zucker)",griessbrei zubereitet mit teilentrahmter milch ohne zugabe von zucker
1508,en,"Semolina slice, prepared (with full fat milk)",semolina slice prepared with full fat milk
1508,fr,"Tranche de semoule, préparée (avec du lait entier)",tranche de semoule preparee avec du lait entier
1508,de,"Griessschnitte, zubereitet (mit Vollmilch)",griessschnitte zubereitet mit vollmilch
1507,en,"Semolina slice, prepared (with partially skimmed milk)",semolina slice prepared with partially skimmed milk
1507,fr,"Tranche de semoule, préparée (avec du lait partiellement écrémé)",tranche de semoule preparee avec du lait partiellement ecreme
1507,de,"Griessschnitte, zubereitet (mit teilentrahmter Milch)",griessschnitte zubereitet mit teilentrahmter milch
14107,en,Sesame oil,sesame oil
14107,fr,Huile de sésame,huile de sesame
14107,de,Sesamöl,sesamol
280,en,Sesame seeds whole,sesame seeds whole
280,fr,"Graine de sésame, non décortiquée",graine de sesame non decortiquee
280,de,Sesamsamen ungeschält,sesamsamen ungeschalt
408,en,"Sesame seeds, peeled",sesame seeds peeled
408,fr,"Graine de sésame, décortiquée",graine de sesame decortiquee
408,de,"Sesamsamen, geschält",sesamsamen geschalt
14281,en,"Shallot, raw",shallot raw
14281,fr,"Echalote, crue",echalote crue
14281,de,"Schalotte, roh",schalotte roh
1099,en,"Shellfish (average), raw",shellfish average raw
1099,fr,"Crustacés (moyenne), crus",crustaces moyenne crus
1099,de,"Krustentiere (Durchschnitt), roh",krustentiere durchschnitt roh
515,en,"Sherry, 18.5 vol%",sherry 18 5 vol
515,fr,"Sherry, 18.5 vol%",sherry 18 5 vol
515,de,"Sherry, 18.5 vol%",sherry 18 5 vol
515,de,Jerez,jerez
875,en,"Short bread cookie (Sablé), homemade",short bread cookie sable homemade
875,fr,"Sablé, au beurre, fait maison",sable au beurre fait maison
875,de,"Sablé, Butter, hausgemacht",sable butter hausgemacht
14044,en,"Short pastry base (with butter), sweet, baked",short pastry base with butter sweet baked
14044,fr,"Pâte brisée sucrée (au beurre), cuite",pate brisee sucree au beurre cuite
14044,fr,"Pâte sablée (au beurre), cuite",pate sablee au beurre cuite
14044,de,"Mürbeteig (mit Butter), süss, gebacken",murbeteig mit butter suss gebacken
14043,en,"Short pastry base (with butter), sweet, raw",short pastry base with butter sweet raw
14043,fr,"Pâte brisée sucrée (au beurre), crue",pate brisee sucree au beurre crue
14043,fr,"Pâte sablée (au beurre), crue",pate sablee au beurre crue
14043,de,"Mürbeteig (mit Butter), süss, ungebacken",murbeteig mit butter suss ungebacken
14045,en,"Short pastry base (with vegetable fat), sweet, baked",short pastry base with vegetable fat sweet baked
14045,fr,"Pâte brisée sucrée (à la graisse végétale), cuite",pate brisee sucree a la graisse vegetale cuite
14045,fr,"Pâte sablée (à la graisse végétale), cuite",pate sablee a la graisse vegetale cuite
14045,de,"Mürbeteig (mit pflanzlichem Fett), süss, gebacken",murbeteig mit pflanzlichem fett suss gebacken
909,en,"Short pastry base (with vegetable fat), sweet, raw",short pastry base with vegetable fat sweet raw
909,fr,"Pâte brisée sucrée (avec graisse végétale), crue",pate brisee sucree avec graisse vegetale crue
909,fr,"Pâte sablée (avec graisse végétale), crue",pate sablee avec graisse vegetale crue
909,de,"Mürbeteig (mit pflanzlichem Fett), süss, ungebacken",murbeteig mit pflanzlichem fett suss ungebacken
1498,en,"Shrimp cocktail, prepared",shrimp cocktail prepared
1498,fr,"Cocktail de crevettes, préparé",cocktail de crevettes prepare
1498,de,"Crevettencocktail, zubereitet",crevettencocktail zubereitet
14293,en,"Shrimp, peeled, cooked",shrimp peeled cooked
14293,fr,"Crevette, décortiquée, cuite",crevette decortiquee cuite
14293,de,"Garnele, geschält, gekocht",garnele geschalt gekocht
766,en,"Shrimp, peeled, raw (fresh or frozen)",shrimp peeled raw fresh or frozen
766,fr,"Crevette, décortiquée, crue (fraîche ou surgelée)",crevette decortiquee crue fraiche ou surgelee
766,de,"Garnele, geschält, roh (frisch oder tiefgekuhlt)",garnele geschalt roh frisch oder tiefgekuhlt
766,de,Shrimp,shrimp
766,de,Scampi,scampi
766,de,Crevetten,crevetten
578,en,Skimmed milk powder,skimmed milk powder
578,fr,Lait écrémé en poudre,lait ecreme en poudre
578,de,Magermilchpulver,magermilchpulver
954,en,Soft caramel candies,soft caramel candies
954,fr,Caramel mou,caramel mou
954,de,"Weichkaramellen, Bonbons",weichkaramellen bonbons
1197,en,Soft cheese (average without fat reduced products),soft cheese average without fat reduced products
1197,fr,Fromage à pâte molle (moyenne sans produits allégés en matière grasse),fromage a pate molle moyenne sans produits alleges en matiere grasse
1197,de,Weichkäse (Durchschnitt ohne fettreduzierte Varianten),weichkase durchschnitt ohne fettreduzierte varianten
13391,en,"Soft cheese, 45 to 54.9% fidm",soft cheese 45 to 54 9 fidm
13391,fr,"Fromage affiné à pâte molle, gras",fromage affine a pate molle gras
13391,de,"Weichkäse, vollfett",weichkase vollfett
631,en,"Soft cheese, 60% fidm",soft cheese 60 fidm
631,fr,"Fromage à pâte molle, double crème",fromage a pate molle double creme
631,de,"Weichkäse, Doppelrahm",weichkase doppelrahm
13392,en,"Soft cheese, at least 55% fidm",soft cheese at least 55 fidm
13392,fr,"Fromage affiné à pâte molle, à la crème",fromage affine a pate molle a la creme
13392,de,"Weichkäse, Rahm",weichkase rahm
485,en,"Soft cheese, Mascarpone",soft cheese mascarpone
485,fr,Mascarpone,mascarpone
485,de,Mascarpone,mascarpone
595,en,"Soft drink, with flavor, sweetened",soft drink with flavor sweetened
595,fr,"Limonade, avec arômes, sucrée",limonade avec aromes sucree
595,de,"Limonade, mit Aroma, gezuckert",limonade mit aroma gezuckert
13924,en,Soft goat's cheese,soft goat s cheese
13924,fr,"Fromage de chèvre, à pâte molle",fromage de chevre a pate molle
13924,de,Weichkäse aus Ziegenmilch,weichkase aus ziegenmilch
10561,en,"Somosa, baked",somosa baked
10561,fr,"Samosa, cuit au four",samosa cuit au four
10561,de,"Samosa, gebacken",samosa gebacken
892,en,"Sorbet, fruit",sorbet fruit
892,fr,"Sorbet, aux fruits",sorbet aux fruits
892,de,"Sorbet, Frucht",sorbet frucht
574,en,Sour cream (crème fraîche) 35% fat,sour cream creme fraiche 35 fat
574,fr,Crème acidulée,creme acidulee
574,fr,Crème fraîche,creme fraiche
574,de,Sauerrahm,sauerrahm
574,de,Crème fraîche,creme fraiche
575,en,Sour cream 15% fat,sour cream 15 fat
575,fr,Demie-crème acidulé,demie creme acidule
575,de,Saurer Halbrahm,saurer halbrahm
14223,en,"Soy drink, chocolate",soy drink chocolate
14223,fr,"Boisson à base de soja, au chocolat",boisson a base de soja au chocolat
14223,de,"Sojagetränk, Schokolade",sojagetrank schokolade
13456,en,Soy sauce,soy sauce
13456,fr,Sauce soja,sauce soja
13456,de,Sojasauce,sojasauce
72,en,"Soya drink, plain",soya drink plain
72,fr,"Boisson à base de soja, nature",boisson a base de soja nature
72,de,"Sojagetränk, nature",sojagetrank nature
14129,en,"Soya drink, plain, with calcium and vitamin fortified",soya drink plain with calcium and vitamin fortified
14129,fr,"Boisson à base de soja, nature, enrichie en calcium et vitamines",boisson a base de soja nature enrichie en calcium et vitamines
14129,de,"Sojagetränk, nature, mit Calcium and Vitaminen angereichert",sojagetrank nature mit calcium and vitaminen angereichert
996,en,"Soya flour, defatted",soya flour defatted
996,fr,"Farine de soja, dégraissée",farine de soja degraissee
996,de,"Sojamehl, entfettet",sojamehl entfettet
995,en,"Soya flour, full fat",soya flour full fat
995,fr,"Farine de soja, entière",farine de soja entiere
995,de,"Sojamehl, vollfett",sojamehl vollfett
14147,en,"Soya, textured (pieces, minced), dried",soya textured pieces minced dried
14147,fr,"Soja texturé (granulés, émincé), sec",soja texture granules emince sec
14147,de,"Soja, texturiert (Granulat, Schnetzel), trocken",soja texturiert granulat schnetzel trocken
603,en,Soybean oil,soybean oil
603,fr,Huile de soja,huile de soja
603,de,Sojaöl,sojaol
466,en,Soybean sprouts,soybean sprouts
466,fr,"Pousses de soja, crues",pousses de soja crues
466,de,"Sojasprossen, roh",sojasprossen roh
466,de,Sojakeime,sojakeime
1061,en,"Soybean, cooked (without addition of fat and salt)",soybean cooked without addition of fat and salt
1061,fr,"Fève de soja, cuite (sans adjonction de graisse ni de sel)",feve de soja cuite sans adjonction de graisse ni de sel
1061,de,"Sojabohne, gekocht (ohne Zugabe von Fett und Salz)",sojabohne gekocht ohne zugabe von fett und salz
442,en,"Soybean, dried",soybean dried
442,fr,"Fève de soja, sèche",feve de soja seche
442,de,"Sojabohne, getrocknet",sojabohne getrocknet
551,en,"Sparkling wine, champagne",sparkling wine champagne
551,fr,Vin blanc mousseux (p.ex. Champagne),vin blanc mousseux p ex champagne
551,de,Schaumwein,schaumwein
551,de,Sekt,sekt
551,de,Prosecco,prosecco
551,de,Champagner,champagner
1399,en,Spätzle flour,spatzle flour
1399,fr,Farine à spätzli,farine a spatzli
1399,de,Knöpflimehl,knopflimehl
1399,de,Spätzlimehl,spatzlimehl
14180,en,"Spätzli, cooked, drained, homemade",spatzli cooked drained homemade
14180,fr,"Spätzli, cuits, égouttés, faits maison",spatzli cuits egouttes faits maison
14180,de,"Spätzli, gekocht, abgetropft, hausgemacht",spatzli gekocht abgetropft hausgemacht
14198,en,"Spätzli, fried (without added fat and salt)",spatzli fried without added fat and salt
14198,fr,"Spätzli, grillés (sans adjonction de graisse ni de sel)",spatzli grilles sans adjonction de graisse ni de sel
14198,de,Spätzli gebraten (ohne Zugabe von Fett und Salz),spatzli gebraten ohne zugabe von fett und salz
14184,en,"Spätzli, fried with butter",spatzli fried with butter
14184,fr,"Spätzli, rôtis au beurre",spatzli rotis au beurre
14184,de,Spätzli gebraten mit Butter,spatzli gebraten mit butter
1043,en,"Spelt, fine flour (type 550)",spelt fine flour type 550
1043,fr,"Farine d'épeautre blanche, type 550",farine d epeautre blanche type 550
1043,de,"Dinkelmehl, weiss, Typ 550",dinkelmehl weiss typ 550
1041,en,"Spelt, flour ""Ruch"" (type 1100)",spelt flour ruch type 1100
1041,fr,"Farine d'épeautre bise, type 1100",farine d epeautre bise type 1100
1041,de,"Dinkelmehl, Ruch, Typ 1100",dinkelmehl ruch typ 1100
1042,en,"Spelt, wholemeal flour (type 1900)",spelt wholemeal flour type 1900
1042,fr,"Farine d'épeautre, complète, type 1900",farine d epeautre complete type 1900
1042,de,"Dinkelmehl, Vollkorn, Typ 1900",dinkelmehl vollkorn typ 1900
14240,en,"Spinach in cream sauce, cooked",spinach in cream sauce cooked
14240,fr,"Epinards à la crème, cuits",epinards a la creme cuits
14240,de,"Rahmspinat, gekocht",rahmspinat gekocht
1566,en,"Spinach quiche, baked (with cake dough)",spinach quiche baked with cake dough
1566,fr,"Gateau aux épinards, cuit au four (pâte brisée)",gateau aux epinards cuit au four pate brisee
1566,de,"Spinatkuchen, gebacken (mit Kuchenteig)",spinatkuchen gebacken mit kuchenteig
1566,de,Spinatwähe,spinatwahe
1567,en,"Spinach quiche, baked (with puff pastry)",spinach quiche baked with puff pastry
1567,fr,"Gateau aux épinards, cuit au four (pâte feuilletée)",gateau aux epinards cuit au four pate feuilletee
1567,de,"Spinatkuchen, gebacken (mit Blätterteig)",spinatkuchen gebacken mit blatterteig
1567,de,Spinatwähe,spinatwahe
365,en,"Spinach, raw",spinach raw
365,fr,"Épinard, cru",epinard cru
365,de,"Spinat, roh",spinat roh
1025,en,"Spinach, steamed (without addition of salt)",spinach steamed without addition of salt
1025,fr,"Épinard, à la vapeur (sans adjonction de sel)",epinard a la vapeur sans adjonction de sel
1025,de,"Spinat, gedämpft (ohne Zugabe von Salz)",spinat gedampft ohne zugabe von salz
646,en,"Spirits, 40 vol% (e.g. Vodka, gin)",spirits 40 vol e g vodka gin
646,fr,"Eaux-de-vie, 40 % vol (p.ex. Vodka, Gin)",eaux de vie 40 vol p ex vodka gin
646,de,"Spirituosen 40 vol% (z.B. Vodka, Gin)",spirituosen 40 vol z b vodka gin
518,en,"Spirits, grain, 40% vol (e.g. whisky)",spirits grain 40 vol e g whisky
518,fr,"Eau-de-vie de céréales, 40% vol (p.ex. Whisky)",eau de vie de cereales 40 vol p ex whisky
518,de,"Branntwein aus Getreide, 40 vol% (z.B. Whisky)",branntwein aus getreide 40 vol z b whisky
518,de,Getreideschnaps,getreideschnaps
644,en,"Spirits, Kirsch, Cherry Schnaps",spirits kirsch cherry schnaps
644,fr,Eau-de-vie de cerises (Kirsch),eau de vie de cerises kirsch
644,de,Kirsch,kirsch
644,de,Kirschbranntwein,kirschbranntwein
644,de,Kirschwasser,kirschwasser
644,de,Kirschschnaps,kirschschnaps
644,de,Kirschenbrand,kirschenbrand
520,en,"Spirits, sugar cane (e.g. rum)",spirits sugar cane e g rum
520,fr,Eau-de-vie de canne à sucre (p.ex. Rhum),eau de vie de canne a sucre p ex rhum
520,de,Branntwein aus Zuckerrohr (z.B. Rum),branntwein aus zuckerrohr z b rum
520,de,Zuckerrohrschnaps,zuckerrohrschnaps
519,en,"Spirits, wine (e.g. cognac, brandy)",spirits wine e g cognac brandy
519,fr,"Eau-de-vie de vin (p. ex. Cognac, brandy)",eau de vie de vin p ex cognac brandy
519,de,"Branntwein aus Wein (z.B.Cognac, Brandy)",branntwein aus wein z b cognac brandy
14207,en,"Spreadable cream cheese preparation (around 20 % fat), plain",spreadable cream cheese preparation around 20 fat plain
14207,fr,"Préparation au fromage frais, à tartiner (~20% de graisse), nature",preparation au fromage frais a tartiner 20 de graisse nature
14207,de,"Frischkäsezubereitung zum Streichen (rund 20% Fett), nature",frischkasezubereitung zum streichen rund 20 fett nature
14061,en,"Spring roll, deep fried",spring roll deep fried
14061,fr,"Rouleau de printemps, frit",rouleau de printemps frit
14061,fr,Nem,nem
14061,de,"Frühlingsrolle, frittiert",fruhlingsrolle frittiert
1656,en,"Squash slices, breaded, prepared",squash slices breaded prepared
1656,fr,"Tranches de courge, panées, préparées",tranches de courge panees preparees
1656,de,"Kürbisscheiben, paniert, zubereitet",kurbisscheiben paniert zubereitet
764,en,"Squid, raw",squid raw
764,fr,"Calamar, cru",calamar cru
764,de,"Kalmar, roh",kalmar roh
764,de,Seppia,seppia
764,de,Polpo,polpo
764,de,Calamare,calamare
764,de,Tintenfisch,tintenfisch
792,en,St. Gall Schüblig sausage,st gall schublig sausage
792,fr,Schüblig de Saint-Gall,schublig de saint gall
792,de,St. Galler Schüblig,st galler schublig
570,en,St. Paulin cheese,st paulin cheese
570,fr,St. Paulin,st paulin
570,de,St. Paulin,st paulin
385,en,"Strawberry, fresh",strawberry fresh
385,fr,"Fraise, crue",fraise crue
385,de,"Erdbeere, roh",erdbeere roh
13418,en,"Strudel dough, raw",strudel dough raw
13418,fr,"Pâte à strudel, crue",pate a strudel crue
13418,de,"Strudelteig, ungebacken",strudelteig ungebacken
465,en,"Sugar loaf chicory, raw",sugar loaf chicory raw
465,fr,"Chicorée pain de sucre, crue",chicoree pain de sucre crue
465,de,"Zuckerhutsalat, roh",zuckerhutsalat roh
438,en,"Sugar pea, raw",sugar pea raw
438,fr,"Pois mange-tout, cru",pois mange tout cru
438,fr,Pois gourmand,pois gourmand
438,de,"Kefe, roh",kefe roh
438,de,Kiefelerbse,kiefelerbse
438,de,Zuckerschote,zuckerschote
1012,en,"Sugar pea, steamed (without addition of salt)",sugar pea steamed without addition of salt
1012,fr,"Pois mange-tout, à la vapeur (sans adjonction de sel)",pois mange tout a la vapeur sans adjonction de sel
1012,de,"Kefe, gedämpft (ohne Zugabe von Salz)",kefe gedampft ohne zugabe von salz
1012,de,Kiefelerbse,kiefelerbse
1012,de,Zuckerschote,zuckerschote
471,en,"Sugar, brown",sugar brown
471,fr,"Sucre, roux, complet",sucre roux complet
471,de,"Zucker, braun",zucker braun
470,en,"Sugar, white",sugar white
470,fr,"Sucre, blanc",sucre blanc
470,fr,Saccharose,saccharose
470,de,"Zucker, weiss",zucker weiss
470,de,Saccharose,saccharose
470,de,Kristallzucker,kristallzucker
598,en,Sunflower oil,sunflower oil
598,fr,Huile de tournesol,huile de tournesol
598,de,Sonnenblumenöl,sonnenblumenol
1068,en,"Sunflower oil HO (high oleic), refined",sunflower oil ho high oleic refined
1068,fr,"Huile de tournesol HO, raffinée",huile de tournesol ho raffinee
1068,de,"Sonnenblumenöl HO (high oleic), raffiniert",sonnenblumenol ho high oleic raffiniert
281,en,Sunflower seeds,sunflower seeds
281,fr,Graine de tournesol,graine de tournesol
281,de,Sonnenblumenkerne,sonnenblumenkerne
770,en,Surimi,surimi
770,fr,Surimi,surimi
770,de,Surimi,surimi
1033,en,"Sweet corn (canned), heated (without addition of salt)",sweet corn canned heated without addition of salt
1033,fr,"Maïs doux  (conserve), réchauffé (sans adjonction de sel)",mais doux conserve rechauffe sans adjonction de sel
1033,de,"Zuckermais (Konserve), aufgewärmt (ohne Zugabe von Salz)",zuckermais konserve aufgewarmt ohne zugabe von salz
632,en,Sweet corn canned,sweet corn canned
632,fr,"Maïs doux (grains), conserve",mais doux grains conserve
632,de,Zuckermais (Konserve),zuckermais konserve
633,en,"Sweet corn cob, pickled",sweet corn cob pickled
633,fr,Maïs doux (petits épis) au vinaigre,mais doux petits epis au vinaigre
633,de,"Maiskölbchen, in Essig eingelegt",maiskolbchen in essig eingelegt
432,en,"Sweet corn, raw",sweet corn raw
432,fr,"Maïs doux, cru",mais doux cru
432,fr,Mais sucré,mais sucre
432,de,"Mais, roh",mais roh
432,de,Zuckermais,zuckermais
432,de,Gemüsemais,gemusemais
432,de,"Maiskörner, roh",maiskorner roh
1032,en,"Sweet corn, steamed",sweet corn steamed
1032,fr,"Maïs doux, à la vapeur (sans adjonction de sel)",mais doux a la vapeur sans adjonction de sel
1032,de,"Mais, gedämpft (ohne Zugabe von Salz)",mais gedampft ohne zugabe von salz
1032,de,Zuckermais,zuckermais
1032,de,Gemüsemais,gemusemais
14262,en,"Sweet potato, baked (without addition of fat and salt)",sweet potato baked without addition of fat and salt
14262,fr,"Patate douce, cuite au four (sans adjonction de graisse ni de sel)",patate douce cuite au four sans adjonction de graisse ni de sel
14262,de,"Süsskartoffel, im Ofen gebacken (ohne Zubage von Fett und Salz)",susskartoffel im ofen gebacken ohne zubage von fett und salz
13406,en,"Sweet potato, raw",sweet potato raw
13406,fr,"Patate douce, crue",patate douce crue
13406,de,"Süsskartoffel, roh",susskartoffel roh
13407,en,"Sweet potato, steamed (without addition of salt)",sweet potato steamed without addition of salt
13407,fr,"Patate douce, à la vapeur (sans adjonction de sel)",patate douce a la vapeur sans adjonction de sel
13407,de,"Süsskartoffel, gedämpft (ohne Zugabe von Salz)",susskartoffel gedampft ohne zugabe von salz
602,en,Sweet whey,sweet whey
602,fr,"Petit lait, doux",petit lait doux
602,de,"Molke, süss",molke suss
602,de,Süssmolke,sussmolke
450,en,"Swiss chard, raw",swiss chard raw
450,fr,"Bette, crue",bette crue
450,fr,Côte de bette,cote de bette
450,de,"Mangold, roh",mangold roh
450,de,Krautstiele,krautstiele
1016,en,"Swiss chard, steamed (without addition of salt)",swiss chard steamed without addition of salt
1016,fr,"Bette, à la vapeur (sans adjonction de sel)",bette a la vapeur sans adjonction de sel
1016,de,"Mangold, gedämpft (ohne Zugabe von Salz)",mangold gedampft ohne zugabe von salz
1016,de,Krautstiel,krautstiel
569,en,Syrup undiluted,syrup undiluted
569,fr,Sirop concentré,sirop concentre
569,de,Sirup unverdünnt,sirup unverdunnt
1132,en,"Syrup, ready to drink (dilution 1:5.5)",syrup ready to drink dilution 1 5 5
1132,fr,Sirop preparé (dilué en proportion 1:5.5),sirop prepare dilue en proportion 1 5 5
1132,de,Sirup zubereitet (verdünnt im Verhältnis 1:5.5),sirup zubereitet verdunnt im verhaltnis 1 5 5
762,en,Table salt iodized,table salt iodized
762,fr,Sel de cuisine avec iode,sel de cuisine avec iode
762,de,Kochsalz mit Jod,kochsalz mit jod
10457,en,Table salt iodized and fluoridized,table salt iodized and fluoridized
10457,fr,Sel de cuisine avec iode et fluor,sel de cuisine avec iode et fluor
10457,de,Kochsalz mit Jod und Fluor,kochsalz mit jod und fluor
10457,de,Speisesalz,speisesalz
634,en,Table salt without iodine and fluoride,table salt without iodine and fluoride
634,fr,Sel de cuisine sans iode ni fluor,sel de cuisine sans iode ni fluor
634,de,Kochsalz ohne Jod und Fluor,kochsalz ohne jod und fluor
634,de,Speisesalz,speisesalz
1609,en,"Taboulé, prepared (with Bulgur)",taboule prepared with bulgur
1609,fr,"Taboulé, préparé (avec Boulgour)",taboule prepare avec boulgour
1609,de,"Taboulé, zubereitet (mit Bulgur)",taboule zubereitet mit bulgur
1610,en,"Taboulé, prepared (with Couscous)",taboule prepared with couscous
1610,fr,"Taboulé, préparé (avec Couscous)",taboule prepare avec couscous
1610,de,"Taboulé, zubereitet (mit Couscous)",taboule zubereitet mit couscous
1684,en,"Tartare sauce with rapeseed mayonnaise, home-made",tartare sauce with rapeseed mayonnaise home made
1684,fr,"Sauce tartare, avec mayonnaise à l'huile de colza, faite maison",sauce tartare avec mayonnaise a l huile de colza faite maison
1684,de,"Tartarsauce mit Rapsöl-Mayonnaise, hausgemacht",tartarsauce mit rapsol mayonnaise hausgemacht
14231,en,Tarte au citron,tarte au citron
14231,fr,Tarte au citron,tarte au citron
14231,de,Tarte au citron,tarte au citron
803,en,"Tea, no sugar added",tea no sugar added
803,fr,"Thé, non sucré",the non sucre
803,de,"Tee, ungezuckert",tee ungezuckert
14251,en,"Tempeh, plain",tempeh plain
14251,fr,"Tempeh, nature",tempeh nature
14251,de,"Tempeh, nature",tempeh nature
774,en,Terrine de campagne,terrine de campagne
774,fr,Terrine de campagne,terrine de campagne
774,fr,Pâté de campagne,pate de campagne
774,de,Terrine de Campagne,terrine de campagne
774,de,Pâté de campagne,pate de campagne
796,en,"Terrine, game meat",terrine game meat
796,fr,Terrine de gibier,terrine de gibier
796,de,Wildfleischterrine,wildfleischterrine
495,en,Tête de Moine,tete de moine
495,fr,Tête de Moine,tete de moine
495,de,Tête de Moine,tete de moine
13956,en,Thickened pear juice,thickened pear juice
13956,fr,Jus de poire concentré,jus de poire concentre
13956,de,Birnendicksaft,birnendicksaft
1496,en,"Thin pancakes with bacon, prepared",thin pancakes with bacon prepared
1496,fr,"Crêpe fine au lard, préparée",crepe fine au lard preparee
1496,de,"Crêpes mit Speck, zubereitet",crepes mit speck zubereitet
1489,en,"Thin pancakes with camembert cheese, prepared",thin pancakes with camembert cheese prepared
1489,fr,"Crêpe fine au camembert, préparée",crepe fine au camembert preparee
1489,de,"Crêpes mit Camembert, zubereitet",crepes mit camembert zubereitet
1495,en,"Thin pancakes with ham, prepared",thin pancakes with ham prepared
1495,fr,"Crêpe fine au jambon, préparée",crepe fine au jambon preparee
1495,de,"Crêpes mit Schinken, zubereitet",crepes mit schinken zubereitet
1491,en,"Thin pancakes with mushrooms, prepared",thin pancakes with mushrooms prepared
1491,fr,"Crêpe fine aux champignons, préparée",crepe fine aux champignons preparee
1491,de,"Crêpes mit Champignonfüllung, zubereitet",crepes mit champignonfullung zubereitet
1494,en,"Thin pancakes with Nutella, prepared",thin pancakes with nutella prepared
1494,fr,"Crêpe fine à la Nutella, préparée",crepe fine a la nutella preparee
1494,de,"Crêpes mit Nutella, zubereitet",crepes mit nutella zubereitet
1488,en,"Thin pancakes with sugar and cinnamon, prepared",thin pancakes with sugar and cinnamon prepared
1488,fr,"Crêpe fine au sucre et cannelle, préparée",crepe fine au sucre et cannelle preparee
1488,de,"Crêpes mit Zimt und Zucker, zubereitet",crepes mit zimt und zucker zubereitet
1493,en,"Thin pancakes with vegetable filling, prepared",thin pancakes with vegetable filling prepared
1493,fr,"Crêpe fine aux légumes, préparée",crepe fine aux legumes preparee
1493,de,"Crêpes mit Gemüsefüllung, zubereitet",crepes mit gemusefullung zubereitet
1487,en,"Thin pancakes, prepared",thin pancakes prepared
1487,fr,"Crêpe fine nature, préparée",crepe fine nature preparee
1487,de,"Crêpes nature, zubereitet",crepes nature zubereitet
460,en,"Thyme, fresh",thyme fresh
460,fr,"Thym, cru",thym cru
460,de,"Thymian, roh",thymian roh
556,en,"Tilsiter, pasteurized milk, at least 45% fidm",tilsiter pasteurized milk at least 45 fidm
556,fr,"Tilsit au lait pasteurisé, gras",tilsit au lait pasteurise gras
556,de,"Tilsiter, pasteurisiert, vollfett",tilsiter pasteurisiert vollfett
557,en,"Tilsiter, raw milk, at least 45% fidm",tilsiter raw milk at least 45 fidm
557,fr,"Tilsit au lait cru, gras",tilsit au lait cru gras
557,de,"Tilsiter, Rohmilch, vollfett",tilsiter rohmilch vollfett
14023,en,Tiramisu,tiramisu
14023,fr,Tramisu,tramisu
14023,de,Tiramisu,tiramisu
14120,en,"Tofu ferm, plain (produced with calcium salt)",tofu ferm plain produced with calcium salt
14120,fr,"Tofu, ferme, nature (produit avec un sel de calcium)",tofu ferme nature produit avec un sel de calcium
14120,de,"Tofu, fest, nature (hergestellt mit Calciumsalz)",tofu fest nature hergestellt mit calciumsalz
14119,en,"Tofu, ferm, plain (produced with nigari)",tofu ferm plain produced with nigari
14119,fr,"Tofu, ferme, nature (produit avec du nigari)",tofu ferme nature produit avec du nigari
14119,de,"Tofu, fest, nature (hergestellt mit Nigari)",tofu fest nature hergestellt mit nigari
13437,en,"Tofu, firm, plain (average)",tofu firm plain average
13437,fr,"Tofu, ferme, nature (moyenne)",tofu ferme nature moyenne
13437,de,"Tofu, fest, nature (Durchschnitt)",tofu fest nature durchschnitt
14167,en,"Tofu, firm, plain (average), roasted (without addition of fat and salt)",tofu firm plain average roasted without addition of fat and salt
14167,fr,"Tofu, ferme, nature (moyenne), grillé (sans adjonction de graisse ni de sel)",tofu ferme nature moyenne grille sans adjonction de graisse ni de sel
14167,de,"Tofu, fest, nature (Durchschnitt), gebraten (ohne Zugabe von Fett und Salz)",tofu fest nature durchschnitt gebraten ohne zugabe von fett und salz
13438,en,"Tofu, silken (soft), plain",tofu silken soft plain
13438,fr,"Tofu, soyeux (mou), nature",tofu soyeux mou nature
13438,de,"Tofu, seidig (weich), nature",tofu seidig weich nature
13438,de,"Seidentofu, nature",seidentofu nature
14090,en,"Tofu, smoked (average)",tofu smoked average
14090,fr,"Tofu, fumé (moyenne)",tofu fume moyenne
14090,de,"Tofu, geräuchert (Durchschnitt)",tofu gerauchert durchschnitt
14168,en,"Tofu, smoked (average), roasted (without addition of fat and salt)",tofu smoked average roasted without addition of fat and salt
14168,fr,"Tofu, fumé (moyenne), grillé (sans adjonction de graisse ni de sel)",tofu fume moyenne grille sans adjonction de graisse ni de sel
14168,de,"Tofu, geräuchert (Durchschnitt), gebraten (ohne Zugabe von Fett und Salz)",tofu gerauchert durchschnitt gebraten ohne zugabe von fett und salz
14122,en,"Tofu, smoked (produced with calcium salt)",tofu smoked produced with calcium salt
14122,fr,"Tofu, fumé (produit avec un sel de calcium)",tofu fume produit avec un sel de calcium
14122,de,"Tofu, geräuchert (hergestellt mit Calciumsalz)",tofu gerauchert hergestellt mit calciumsalz
14121,en,"Tofu, smoked (produced with nigari)",tofu smoked produced with nigari
14121,fr,"Tofu, fumé (produit avec du nigari)",tofu fume produit avec du nigari
14121,de,"Tofu, geräuchert (hergestellt mit Nigari)",tofu gerauchert hergestellt mit nigari
564,en,Tomato juice,tomato juice
564,fr,Jus de tomate,jus de tomate
564,de,Tomatensaft,tomatensaft
636,en,Tomato paste,tomato paste
636,fr,Concentré de tomates,concentre de tomates
636,fr,Purée de tomates,puree de tomates
636,de,Tomatenpüree,tomatenpuree
636,de,Tomatenmark,tomatenmark
1618,en,"Tomato quiche, baked (with cake dough)",tomato quiche baked with cake dough
1618,fr,"Gateu aux tomates, cuit au four (pâte brisée)",gateu aux tomates cuit au four pate brisee
1618,de,"Tomatenkuchen, gebacken (mit Kuchenteig)",tomatenkuchen gebacken mit kuchenteig
1618,de,Tomatenwähe,tomatenwahe
1617,en,"Tomato quiche, baked (with puff pastry)",tomato quiche baked with puff pastry
1617,fr,"Gateau aux tomates, cuit au four (pâte feuilletée)",gateau aux tomates cuit au four pate feuilletee
1617,de,"Tomatenkuchen, gebacken (mit Blätterteig)",tomatenkuchen gebacken mit blatterteig
1617,de,Tomatenwähe,tomatenwahe
667,en,Tomato sauce,tomato sauce
667,fr,Sauce tomate,sauce tomate
667,de,Tomatensauce,tomatensauce
670,en,Tomato soup,tomato soup
670,fr,Soupe de tomate,soupe de tomate
670,fr,Potage,potage
670,de,Tomatensuppe,tomatensuppe
13463,en,"Tomato, dried",tomato dried
13463,fr,"Tomate, séchée",tomate sechee
13463,de,"Tomate, getrocknet",tomate getrocknet
13490,en,"Tomato, dried, in oil, drained",tomato dried in oil drained
13490,fr,"Tomate, séchée, à l'huile, égouttée",tomate sechee a l huile egouttee
13490,de,"Tomate, getrocknet, in Öl eingelegt, abgetropft",tomate getrocknet in ol eingelegt abgetropft
637,en,"Tomato, peeled (pelati), canned",tomato peeled pelati canned
637,fr,"Tomate, pelée, conserve",tomate pelee conserve
637,de,"Tomate, geschält (Konserve)",tomate geschalt konserve
637,de,Pelati,pelati
348,en,"Tomato, raw",tomato raw
348,fr,"Tomate, crue",tomate crue
348,de,"Tomate, roh",tomate roh
1027,en,"Tomato, stewed (without addition of fat and salt)",tomato stewed without addition of fat and salt
1027,fr,"Tomate, à l'étuvée (sans adjonction de graisse ni de sel)",tomate a l etuvee sans adjonction de graisse ni de sel
1027,de,"Tomate, gedünstet (ohne Zugabe von Fett und Salz)",tomate gedunstet ohne zugabe von fett und salz
615,en,Tomme cheese,tomme cheese
615,fr,Tomme,tomme
615,de,Tomme,tomme
10378,en,"Tongue (average of veal and beef), raw",tongue average of veal and beef raw
10378,fr,"Langue (moyenne de veau et boeuf), crue",langue moyenne de veau et boeuf crue
10378,de,"Zunge (Durchschnitt aus Kalb und Rind), roh",zunge durchschnitt aus kalb und rind roh
932,en,"Tortilla chips, corn-based",tortilla chips corn based
932,fr,Chips de maïs,chips de mais
932,de,Mais-Chips (Apérogebäck),mais chips aperogeback
289,en,"Trout, raw",trout raw
289,fr,"Truite, crue",truite crue
289,fr,Truite de rivière,truite de riviere
289,de,"Forelle, roh",forelle roh
289,de,Bachforelle,bachforelle
13976,en,"Trout, smoked",trout smoked
13976,fr,"Truite, fumée",truite fumee
13976,de,"Forelle, geräuchert",forelle gerauchert
13349,en,"Trout, whole, boiled (without addition of fat and salt)",trout whole boiled without addition of fat and salt
13349,fr,"Truite, entière, bouillie (sans adjonction de graisse ni de sel)",truite entiere bouillie sans adjonction de graisse ni de sel
13349,de,"Forelle, ganz, gekocht (ohne Zusatz von Fett und Salz)",forelle ganz gekocht ohne zusatz von fett und salz
418,en,"Tuna in oil, drained",tuna in oil drained
418,fr,"Thon à l'huile, égoutté",thon a l huile egoutte
418,de,"Thon im Öl, abgetropft",thon im ol abgetropft
417,en,"Tuna in water, drained",tuna in water drained
417,fr,"Thon au naturel, égoutté",thon au naturel egoutte
417,fr,Thon à l'eau,thon a l eau
417,de,"Thon im Wasser, abgetropft",thon im wasser abgetropft
1613,en,Tuna salad on oil-vinagre-dressing (made from tuna in water),tuna salad on oil vinagre dressing made from tuna in water
1613,fr,"Salade de thon au naturel, sauce au vinaigre et huile",salade de thon au naturel sauce au vinaigre et huile
1613,de,Thonsalat an Essig-Öl-Sauce (aus Thon im Wasser),thonsalat an essig ol sauce aus thon im wasser
14291,en,"Turkey breast, cured, cooked, sliced",turkey breast cured cooked sliced
14291,fr,"Poitrine de dinde, salée, cuite, en tranches",poitrine de dinde salee cuite en tranches
14291,de,"Trutenbrust, gepökelt, gekocht, in Scheiben",trutenbrust gepokelt gekocht in scheiben
713,en,"Turkey, breast (schnitzel, ground), raw",turkey breast schnitzel ground raw
713,fr,"Dinde, poitrine, escalope ou émincé, cru",dinde poitrine escalope ou emince cru
713,de,"Truthahn, Brust, Schnitzel oder Geschnetzeltes, roh",truthahn brust schnitzel oder geschnetzeltes roh
13275,en,"Turkey, brest, schnitzel, ground, pan fried (without addition of fat and salt)",turkey brest schnitzel ground pan fried without addition of fat and salt
13275,fr,"Dinde, poitrine, escalope ou émincé, grillé (sans adjonction de graisse ni de sel)",dinde poitrine escalope ou emince grille sans adjonction de graisse ni de sel
13275,de,"Truthahn, Brust, Schnitzel oder Geschnetzeltes, gebraten (ohne Zusatz von Fett und Salz)",truthahn brust schnitzel oder geschnetzeltes gebraten ohne zusatz von fett und salz
887,en,Tyrolese cake,tyrolese cake
887,fr,Cake tyrolien,cake tyrolien
887,de,Tirolercake,tirolercake
14003,en,Tzatziki,tzatziki
14003,fr,Tzatziki,tzatziki
14003,de,Tzatziki,tzatziki
536,en,Vacherin Fribourgeois,vacherin fribourgeois
536,fr,Vacherin fribourgeois,vacherin fribourgeois
536,de,Freiburger Vacherin,freiburger vacherin
534,en,Vacherin Mont d'or,vacherin mont d or
534,fr,Vacherin Mont d'Or,vacherin mont d or
534,de,Vacherin Mont d'Or,vacherin mont d or
13413,en,"Vanille cream, home-made, cooked",vanille cream home made cooked
13413,fr,"Crème à la vanille, faite maison, cuite",creme a la vanille faite maison cuite
13413,de,"Vanillecrème, hausgemacht, gekocht",vanillecreme hausgemacht gekocht
1106,en,"Veal (average excluding offal, chop), raw",veal average excluding offal chop raw
1106,fr,"Viande de veau (moyenne sans abats ni côtelette), crue",viande de veau moyenne sans abats ni cotelette crue
1106,de,"Kalbfleisch (Durchschnitt exkl. Innereien, Kotelett), roh",kalbfleisch durchschnitt exkl innereien kotelett roh
1676,en,"Veal chopped with curry sauce, homemade",veal chopped with curry sauce homemade
1676,fr,"Emincé de veau à la sauce curry, fait maison",emince de veau a la sauce curry fait maison
1676,de,"Kalbsgeschnetzeltes an Currysauce, hausgemacht",kalbsgeschnetzeltes an currysauce hausgemacht
1667,en,"Veal piccata, prepared",veal piccata prepared
1667,fr,"Piccata de veau, préparée",piccata de veau preparee
1667,de,"Kalbspiccata, zubereitet",kalbspiccata zubereitet
1669,en,"Veal ragout with gravy, prepared",veal ragout with gravy prepared
1669,fr,"Ragoût de veau avec sauce, préparé",ragout de veau avec sauce prepare
1669,de,"Kalbsragout mit Sauce, zubereitet",kalbsragout mit sauce zubereitet
1669,de,Voressen,voressen
13316,en,"Veal schnitzel, pan fried (without addition of fat and salt)",veal schnitzel pan fried without addition of fat and salt
13316,fr,"Veau, escalope, grillée (sans adjonction de graisse ni de sel)",veau escalope grillee sans adjonction de graisse ni de sel
13316,de,"Kalbsplätzli, gebraten (ohne Zugabe von Fett und Salz)",kalbsplatzli gebraten ohne zugabe von fett und salz
1681,en,"Veal schnitzel, pan fried in rapeseed oil HOLL",veal schnitzel pan fried in rapeseed oil holl
1681,fr,"Escalope de veau, grillée à l'huile de colza HOLL",escalope de veau grillee a l huile de colza holl
1681,de,"Kalbsplätzli, gebraten in HOLL-Rapsöl",kalbsplatzli gebraten in holl rapsol
1071,en,"Veal, breast, cooked (without addition of fat and salt)",veal breast cooked without addition of fat and salt
1071,fr,"Veau, poitrine, cuite (sans adjonction de graisse ni de sel)",veau poitrine cuite sans adjonction de graisse ni de sel
1071,de,"Kalb, Brust, gekocht (ohne Zugabe von Fett und Salz)",kalb brust gekocht ohne zugabe von fett und salz
1,en,"Veal, breast, raw",veal breast raw
1,fr,"Veau, poitrine, crue",veau poitrine crue
1,de,"Kalb, Brust, roh",kalb brust roh
2,en,"Veal, chop, raw",veal chop raw
2,fr,"Veau, côtelette, crue",veau cotelette crue
2,de,"Kalb, Kotelett, roh",kalb kotelett roh
13325,en,"Veal, chopped, pan fried  (without addition of fat and salt)",veal chopped pan fried without addition of fat and salt
13325,fr,"Veau, émincé, grillé (sans adjonction de graisse ni de sel)",veau emince grille sans adjonction de graisse ni de sel
13325,de,"Kalb, Geschnetzeltes, gebraten (ohne Zugabe von Fett und Salz)",kalb geschnetzeltes gebraten ohne zugabe von fett und salz
13,en,"Veal, chopped, raw",veal chopped raw
13,fr,"Veau, émincé, cru",veau emince cru
13,de,"Kalb, Geschnetzeltes, roh",kalb geschnetzeltes roh
14,en,"Veal, eye of round, raw",veal eye of round raw
14,fr,"Veau, pièce ronde, tranche, crue",veau piece ronde tranche crue
14,de,"Kalb, Runder Mocken, roh",kalb runder mocken roh
14,de,Saftplätzli,saftplatzli
660,en,"Veal, filet, raw",veal filet raw
660,fr,"Veau, filet, cru",veau filet cru
660,de,"Kalb, Filet, roh",kalb filet roh
3,en,"Veal, filet, steak, raw",veal filet steak raw
3,fr,"Veau, filet, steak, cru",veau filet steak cru
3,de,"Kalb, Nierstück, Steak, roh",kalb nierstuck steak roh
673,en,"Veal, kidney, raw",veal kidney raw
673,fr,"Veau, rognon, cru",veau rognon cru
673,de,"Kalb, Niere, roh",kalb niere roh
13377,en,"Veal, knuckle, braised (whitout addition of fat and salt)",veal knuckle braised whitout addition of fat and salt
13377,fr,"Veau, jarret, braisé (sans adjonction de graisse ni de sel)",veau jarret braise sans adjonction de graisse ni de sel
13377,fr,Ossobuco,ossobuco
13377,de,"Kalb, Haxe, geschmort (ohne Zugabe von Fett und Salz)",kalb haxe geschmort ohne zugabe von fett und salz
661,en,"Veal, knuckle, raw",veal knuckle raw
661,fr,"Veau, jarret, cru",veau jarret cru
661,fr,Ossobuco,ossobuco
661,de,"Kalb, Haxe, roh",kalb haxe roh
10,en,"Veal, liver, raw",veal liver raw
10,fr,"Veau, foie, cru",veau foie cru
10,de,"Kalb, Leber, roh",kalb leber roh
11,en,"Veal, minced, raw",veal minced raw
11,fr,"Veau, haché, cru",veau hache cru
11,de,"Kalb, Gehacktes, roh",kalb gehacktes roh
11,de,Hackfleisch,hackfleisch
15,en,"Veal, ragout, raw",veal ragout raw
15,fr,"Veau, ragoût, cru",veau ragout cru
15,de,"Kalb, Voressen, roh",kalb voressen roh
15,de,Ragout,ragout
662,en,"Veal, round, schnitzel, raw",veal round schnitzel raw
662,fr,"Veau, noix, escalope, crue",veau noix escalope crue
662,de,"Kalb, Eckstück, roh",kalb eckstuck roh
662,de,Plätzli,platzli
1073,en,"Veal, shoulder, roast in oven (without addition of fat and salt)",veal shoulder roast in oven without addition of fat and salt
1073,fr,"Veau, épaule, rôti, cuit au four (sans adjonction de graisse ni de sel)",veau epaule roti cuit au four sans adjonction de graisse ni de sel
1073,de,"Kalb, Schulter, Braten, im Ofen gebraten (ohne Zugabe von Fett und Salz)",kalb schulter braten im ofen gebraten ohne zugabe von fett und salz
658,en,"Veal, shoulder, roast, raw",veal shoulder roast raw
658,fr,"Veau, épaule, rôti, cru",veau epaule roti cru
658,de,"Kalb, Schulter, Braten, roh",kalb schulter braten roh
672,en,"Veal, sweetbread, raw",veal sweetbread raw
672,fr,"Veau, ris, cru",veau ris cru
672,de,"Kalb, Milken, roh",kalb milken roh
672,de,Bries,bries
674,en,"Veal, tongue, raw",veal tongue raw
674,fr,"Veau, langue, crue",veau langue crue
674,de,"Kalb, Zunge, roh",kalb zunge roh
13324,en,"Veal,steak, pan fried (without addition of fat and salt)",veal steak pan fried without addition of fat and salt
13324,fr,"Veau, filet, steak, grillé (sans adjonction de graisse ni sel)",veau filet steak grille sans adjonction de graisse ni sel
13324,de,"Kalb, Nierstück, Steak, gebraten (ohne Zugabe von Fett und Salz)",kalb nierstuck steak gebraten ohne zugabe von fett und salz
1580,en,"Vegetable au gratin, baked",vegetable au gratin baked
1580,fr,Gratin de légumes,gratin de legumes
1580,de,"Gemüsegratin, gebacken",gemusegratin gebacken
1666,en,"Vegetable lasagne, prepared",vegetable lasagne prepared
1666,fr,"Lasagne aux légumes, préparée",lasagne aux legumes preparee
1666,de,"Gemüselasagne, zubereitet",gemuselasagne zubereitet
14193,en,"Vegetables (average), boiled (without addition of salt and fat)",vegetables average boiled without addition of salt and fat
14193,fr,"Légumes (moyenne), cuits",legumes moyenne cuits
14193,de,"Gemüse (Durchschnitt), gekocht (ohne Zugabe von Salz und Fett)",gemuse durchschnitt gekocht ohne zugabe von salz und fett
1152,en,"Vegetables (average), raw",vegetables average raw
1152,fr,"Légumes (moyenne), crus",legumes moyenne crus
1152,de,"Gemüse (Durchschnitt), roh",gemuse durchschnitt roh
514,en,"Vermouth, 15 vol%",vermouth 15 vol
514,fr,"Vermouth, 15 vol% (p.e. Martini)",vermouth 15 vol p e martini
514,de,"Wermut, 15 vol%",wermut 15 vol
514,de,Wermutwein,wermutwein
514,de,Wermuth,wermuth
514,de,Vermouth,vermouth
1202,en,Vinaigrette dressing (with rapeseed oil),vinaigrette dressing with rapeseed oil
1202,fr,Vinaigrette (avec huile de colza),vinaigrette avec huile de colza
1202,de,Vinaigrette (mit Rapsöl),vinaigrette mit rapsol
1693,en,Vinegar,vinegar
1693,fr,Vinaigre,vinaigre
1693,de,Essig,essig
1199,en,"Vinegar-oil-salad dressing, home-made (with rapeseed oil)",vinegar oil salad dressing home made with rapeseed oil
1199,fr,"Sauce à salade ""huile-vinaigre"", faite maison (avec huile de colza)",sauce a salade huile vinaigre faite maison avec huile de colza
1199,de,"Essig-Öl-Salatsauce, hausgemacht (mit Rapsöl)",essig ol salatsauce hausgemacht mit rapsol
1680,en,Vitello tonnato with garnish,vitello tonnato with garnish
1680,fr,Vitello tonnato avec garniture,vitello tonnato avec garniture
1680,de,Vitello tonnato mit Garnitur,vitello tonnato mit garnitur
1679,en,Vitello tonnato without garnish,vitello tonnato without garnish
1679,fr,Vitello tonnato sans garniture,vitello tonnato sans garniture
1679,de,Vitello tonnato ohne Garnitur,vitello tonnato ohne garnitur
14304,en,"Wafer, filled and coated with chocolate",wafer filled and coated with chocolate
14304,fr,Gaufrette fourrée et enrobée de chocolat,gaufrette fourree et enrobee de chocolat
14304,de,"Waffelguetzli, gefüllt, mit Schokoladenüberzug",waffelguetzli gefullt mit schokoladenuberzug
14016,en,"Waffle, fresh",waffle fresh
14016,fr,"Gaufre, fraîche",gaufre fraiche
14016,de,"Waffel, frisch",waffel frisch
271,en,Walnut,walnut
271,fr,Noix,noix
271,de,Baumnuss,baumnuss
271,de,Walnuss,walnuss
13402,en,Walnut oil,walnut oil
13402,fr,Huile de noix,huile de noix
13402,de,Baumnussöl,baumnussol
10542,en,Wasabi Paste,wasabi paste
10542,fr,Pâte wasabi,pate wasabi
10542,de,Wasabi Paste,wasabi paste
371,en,"Water cress, raw",water cress raw
371,fr,"Cresson, cru",cresson cru
371,de,"Brunnenkresse, roh",brunnenkresse roh
893,en,Water ice,water ice
893,fr,Glace à l'eau,glace a l eau
893,de,Wassereis,wassereis
893,de,Wasserglacé,wasserglace
402,en,"Watermelon, fresh",watermelon fresh
402,fr,"Pastèque, crue",pasteque crue
402,de,"Wassermelone, roh",wassermelone roh
822,en,"Weggli, bread roll made with butter",weggli bread roll made with butter
822,fr,Petit pain au lait,petit pain au lait
822,de,Butterweggli,butterweggli
1273,en,Weisswurst (veal sausage),weisswurst veal sausage
1273,fr,Saucisse blanche,saucisse blanche
1273,de,Weisswurst,weisswurst
431,en,"Wheat bran, raw",wheat bran raw
431,fr,Son de blé,son de ble
431,de,Weizenkleie,weizenkleie
431,de,Speisekleie,speisekleie
204,en,"Wheat flour, bakery, type 550",wheat flour bakery type 550
204,fr,"Farine de blé (farine blanche), type 550",farine de ble farine blanche type 550
204,fr,Froment,froment
204,de,"Weizenmehl (Backmehl), Typ 550",weizenmehl backmehl typ 550
203,en,"Wheat flour, high ash, type 1100",wheat flour high ash type 1100
203,fr,"Farine de blé (farine bise), type 1100",farine de ble farine bise type 1100
203,fr,Froment,froment
203,de,"Weizenmehl, Ruch, Typ 1100",weizenmehl ruch typ 1100
207,en,"Wheat flour, semi white, type 720",wheat flour semi white type 720
207,fr,"Farine de blé (farine mi-blanche), type 720",farine de ble farine mi blanche type 720
207,fr,Froment,froment
207,de,"Weizenmehl, halbweiss, Typ 720",weizenmehl halbweiss typ 720
205,en,"Wheat flour, white, type 400",wheat flour white type 400
205,fr,"Farine de blé (farine fleur), type 400",farine de ble farine fleur type 400
205,fr,Froment,froment
205,de,"Weizenmehl, weiss, Typ 400",weizenmehl weiss typ 400
206,en,"Wheat flour, wholemeal, type 1700",wheat flour wholemeal type 1700
206,fr,"Farine de blé, complète, type 1700",farine de ble complete type 1700
206,fr,Froment,froment
206,de,"Weizenmehl, Vollkorn, Typ 1700",weizenmehl vollkorn typ 1700
430,en,Wheat germ,wheat germ
430,fr,Germe de blé,germe de ble
430,de,Weizenkeime,weizenkeime
593,en,Wheat germ oil,wheat germ oil
593,fr,Huile de germes de blé,huile de germes de ble
593,de,Weizenkeimöl,weizenkeimol
1588,en,"Wheat risotto, cooked",wheat risotto cooked
1588,fr,"Potée au blé, cuite",potee au ble cuite
1588,de,"Weizenotto, gekocht",weizenotto gekocht
897,en,Wheat starch,wheat starch
897,fr,Amidon de blé,amidon de ble
897,fr,Amidon de froment,amidon de froment
897,de,Weizenstärke,weizenstarke
939,en,Wheat wolemeal flakes,wheat wolemeal flakes
939,fr,"Blé, flocons complets",ble flocons complets
939,de,"Weizenflocken, Vollkorn",weizenflocken vollkorn
734,en,"Wheat, soft, whole grain",wheat soft whole grain
734,fr,"Blé tendre, grains entiers",ble tendre grains entiers
734,fr,Froment,froment
734,de,"Weizen (Weichweizen), ganzes Korn",weizen weichweizen ganzes korn
823,en,White bread,white bread
823,fr,Pain blanc,pain blanc
823,de,Weissbrot,weissbrot
828,en,White bread from Ticino,white bread from ticino
828,fr,Pain tessinois,pain tessinois
828,de,Tessinerbrot,tessinerbrot
453,en,"White cabbage, raw",white cabbage raw
453,fr,"Chou blanc, cru",chou blanc cru
453,de,"Weisskohl, roh",weisskohl roh
453,de,Weisskabis,weisskabis
1028,en,"White cabbage, steamed (without addition of salt)",white cabbage steamed without addition of salt
1028,fr,"Chou blanc, à la vapeur (sans adjonction de sel)",chou blanc a la vapeur sans adjonction de sel
1028,de,"Weisskohl, gedämpft (ohne Zugabe von Salz)",weisskohl gedampft ohne zugabe von salz
1029,en,"White cabbage, stewed (without addition of fat and salt)",white cabbage stewed without addition of fat and salt
1029,fr,"Chou blanc, à l'étuvée (sans adjonction de graisse ni de sel)",chou blanc a l etuvee sans adjonction de graisse ni de sel
1029,de,"Weisskohl, gedünstet (ohne Zugabe von Fett und Salz)",weisskohl gedunstet ohne zugabe von fett und salz
211,en,"Whitefish, raw",whitefish raw
211,fr,"Corégone / Lavaret, cru",coregone lavaret cru
211,fr,Féra,fera
211,fr,Palée,palee
211,de,"Felche, roh",felche roh
585,en,Whole milk powder,whole milk powder
585,fr,Lait entier en poudre,lait entier en poudre
585,de,Vollmilchpulver,vollmilchpulver
14126,en,"Whole milk, 3.5 % Fat, UHT",whole milk 3 5 fat uht
14126,fr,"Lait entier, standardisé, 3.5 % de matière grasse, UHT",lait entier standardise 3 5 de matiere grasse uht
14126,de,"Vollmilch, standardisiert, 3.5% Fett, UHT",vollmilch standardisiert 3 5 fett uht
62,en,"Whole milk, pasteurized",whole milk pasteurized
62,fr,"Lait entier, pasteurisé",lait entier pasteurise
62,de,"Vollmilch, pasteurisiert",vollmilch pasteurisiert
63,en,"Whole milk, UHT",whole milk uht
63,fr,"Lait entier, UHT",lait entier uht
63,de,"Vollmilch, UHT",vollmilch uht
1064,en,"Wholemeal pasta egg-free, cooked in salted water (uniodised)",wholemeal pasta egg free cooked in salted water uniodised
1064,fr,"Pâtes alimentaires au blé complet, cuites à l'eau salée (sel non iodé)",pates alimentaires au ble complet cuites a l eau salee sel non iode
1064,de,"Teigwaren ohne Ei, Vollkorn, gekocht im Salzwasser (unjodiert)",teigwaren ohne ei vollkorn gekocht im salzwasser unjodiert
801,en,"Wholemeal pasta egg-free, dry",wholemeal pasta egg free dry
801,fr,"Pâtes alimentaires au blé complet, sèches",pates alimentaires au ble complet seches
801,de,"Teigwaren ohne Ei, Vollkorn, trocken",teigwaren ohne ei vollkorn trocken
802,en,Wholemeal rice waffles,wholemeal rice waffles
802,fr,Gallette de riz complet,gallette de riz complet
802,de,Vollkornreiswaffel,vollkornreiswaffel
14278,en,Wholemeal rice waffles with honey or fruit,wholemeal rice waffles with honey or fruit
14278,fr,"Galette de riz complet, au miel ou aux fruits",galette de riz complet au miel ou aux fruits
14278,de,Vollkornreiswaffel mit Honig oder Früchten,vollkornreiswaffel mit honig oder fruchten
14277,en,Wholemeal rice waffles with sweet coating,wholemeal rice waffles with sweet coating
14277,fr,"Galette de riz complet, avec nappage sucré",galette de riz complet avec nappage sucre
14277,de,Vollkornreiswaffel mit süssem Überzug,vollkornreiswaffel mit sussem uberzug
821,en,Wholewheat bread,wholewheat bread
821,fr,Pain complet de froment,pain complet de froment
821,fr,Pain graham,pain graham
821,de,Weizenvollkornbrot,weizenvollkornbrot
821,de,Grahambrot,grahambrot
1082,en,Wienerli (Swiss sausage),wienerli swiss sausage
1082,fr,Saucisse de Vienne,saucisse de vienne
1082,fr,Wienerli,wienerli
1082,de,Wienerli,wienerli
14221,en,Wienerli (Swiss sausage) in pastry,wienerli swiss sausage in pastry
14221,fr,Saucisse de Vienne en cage,saucisse de vienne en cage
14221,fr,Wienerli en cage,wienerli en cage
14221,fr,Saucisse de Vienne en croûte,saucisse de vienne en croute
14221,de,Wienerli im Teig,wienerli im teig
1589,en,"Wienerli (Swiss sausage), cooked",wienerli swiss sausage cooked
1589,fr,"Saucisse de Vienne, cuite",saucisse de vienne cuite
1589,fr,Wienerli,wienerli
1589,de,"Wienerli, gekocht",wienerli gekocht
489,en,"Wild boar, raw",wild boar raw
489,fr,"Sanglier (moyenne), cru",sanglier moyenne cru
489,de,"Wildschwein (Durchschnitt), roh",wildschwein durchschnitt roh
509,en,"Wine red, 12 vol%",wine red 12 vol
509,fr,"Vin rouge, 12 vol%",vin rouge 12 vol
509,de,"Wein rot, 12 vol%",wein rot 12 vol
509,de,Rotwein,rotwein
10477,en,"Wine red, 13.5 vol%",wine red 13 5 vol
10477,fr,"Vin rouge, 13.5 vol%",vin rouge 13 5 vol
10477,de,"Wein rot, 13.5 vol%",wein rot 13 5 vol
10477,de,Rotwein,rotwein
508,en,"Wine red, 9 vol%",wine red 9 vol
508,fr,"Vin rouge, 9 vol%",vin rouge 9 vol
508,de,"Wein rot, 9 vol%",wein rot 9 vol
508,de,Rotwein,rotwein
510,en,"Wine white, 11 vol%",wine white 11 vol
510,fr,"Vin blanc, 11 vol%",vin blanc 11 vol
510,de,"Wein weiss, 11 vol%",wein weiss 11 vol
510,de,Weisswein,weisswein
511,en,"Wine white, 12.5 vol%",wine white 12 5 vol
511,fr,"Vin blanc, 12.5 vol%",vin blanc 12 5 vol
511,de,"Wein weiss, 12.5 vol%",wein weiss 12 5 vol
511,de,Weisswein,weisswein
10478,en,"Wine white, spritzer, sour",wine white spritzer sour
10478,fr,Vin blanc dilué avec de l'eau gazeuse,vin blanc dilue avec de l eau gazeuse
10478,de,"Wein weiss, gespritzt, sauer",wein weiss gespritzt sauer
10479,en,"Wine white, spritzer, sweet",wine white spritzer sweet
10479,fr,Vin blanc dilué avec de la limonade,vin blanc dilue avec de la limonade
10479,de,"Wein weiss, gespritzt, süss",wein weiss gespritzt suss
13939,en,Worcestershire sauce,worcestershire sauce
13939,fr,Sauce Worcester,sauce worcester
13939,de,Worcester Sauce,worcester sauce
763,en,"Yeast (baking), pressed",yeast baking pressed
763,fr,"Levure de boulangerie, pressée",levure de boulangerie pressee
763,de,"Bäckerhefe, gepresst",backerhefe gepresst
763,de,Bierhefe,bierhefe
910,en,"Yeast dough (with butter), sweet, raw",yeast dough with butter sweet raw
910,fr,"Pâte lévée (avec beurre), sucrée, crue",pate levee avec beurre sucree crue
910,de,"Hefeteig (mit Butter), süss, ungebacken",hefeteig mit butter suss ungebacken
1177,en,"Yeast dough (with vegetable fat), sweet, raw",yeast dough with vegetable fat sweet raw
1177,fr,"Pâte lévée (avec graisse végétale), sucrée, crue",pate levee avec graisse vegetale sucree crue
1177,de,"Hefeteig (mit pflanzlichem Fett), süss, ungebacken",hefeteig mit pflanzlichem fett suss ungebacken
839,en,"Yeast, dried",yeast dried
839,fr,"Levure de bière, séchée",levure de biere sechee
839,de,"Bierhefe, getrocknet",bierhefe getrocknet
839,de,Bäckerhefe,backerhefe
839,de,Trockenhefe,trockenhefe
839,de,Hefepulver,hefepulver
403,en,"Yellow plum, fresh",yellow plum fresh
403,fr,"Mirabelle, crue",mirabelle crue
403,de,"Mirabelle, roh",mirabelle roh
1192,en,Yoghurt with added sugar (average),yoghurt with added sugar average
1192,fr,Yogourt sucré (moyenne),yogourt sucre moyenne
1192,de,"Joghurt, gezuckert (Durchschnitt)",joghurt gezuckert durchschnitt
58,en,"Yogurt Bifidus, plain",yogurt bifidus plain
58,fr,"Yogourt bifidus, nature",yogourt bifidus nature
58,fr,Yaourt,yaourt
58,de,"Joghurt Bifidus, nature",joghurt bifidus nature
14135,en,Yogurt butter,yogurt butter
14135,fr,Beurre au yogourt,beurre au yogourt
14135,de,Joghurt-Butter,joghurt butter
1612,en,Yogurt dressing (without oil),yogurt dressing without oil
1612,fr,Sauce à salade au yogourt (sans huile),sauce a salade au yogourt sans huile
1612,de,Joghurt-Salatsauce (ohne Öl),joghurt salatsauce ohne ol
590,en,"Yogurt flavored, low fat, with sweetener",yogurt flavored low fat with sweetener
590,fr,"Yogourt maigre avec arômes, édulcoré",yogourt maigre avec aromes edulcore
590,fr,Yaourt,yaourt
590,de,"Joghurt mit Aroma, mager, mit Süssstoffen",joghurt mit aroma mager mit sussstoffen
52,en,Yogurt natural,yogurt natural
52,fr,"Yogourt, nature",yogourt nature
52,fr,Yaourt,yaourt
52,de,"Joghurt, nature",joghurt nature
14174,en,"Yogurt substitute, almond based, with fruits or flavour, with sugar",yogurt substitute almond based with fruits or flavour with sugar
14174,fr,"Substitut de yogourt, à base d'amande, aux fruits ou aromatisé, sucré",substitut de yogourt a base d amande aux fruits ou aromatise sucre
14174,de,"Joghurtalternative aus Mandel, mit Früchten oder Aroma, gezuckert",joghurtalternative aus mandel mit fruchten oder aroma gezuckert
14171,en,"Yogurt substitute, based on almond, plain",yogurt substitute based on almond plain
14171,fr,"Substitut de yogourt, à base d'amande, nature",substitut de yogourt a base d amande nature
14171,de,"Joghurtalternative aus Mandel, nature",joghurtalternative aus mandel nature
14170,en,"Yogurt substitute, based on coconut, plain",yogurt substitute based on coconut plain
14170,fr,"Substitut de yogourt, à base de noix de coco, nature",substitut de yogourt a base de noix de coco nature
14170,de,"Joghurtalternative aus Kokosnuss, nature",joghurtalternative aus kokosnuss nature
14172,en,"Yogurt substitute, based on coconut, with fruits or flavour, with sugar",yogurt substitute based on coconut with fruits or flavour with sugar
14172,fr,"Substitut de yogourt, à base de noix de coco, aux fruits ou aromatisé, sucré",substitut de yogourt a base de noix de coco aux fruits ou aromatise sucre
14172,de,"Joghurtalternative aus Kokosnuss, mit Früchten oder Aroma, gezuckert",joghurtalternative aus kokosnuss mit fruchten oder aroma gezuckert
13451,en,"Yogurt substitute, soy-based, plain",yogurt substitute soy based plain
13451,fr,"Substitut de yogourt, à base de soja, nature",substitut de yogourt a base de soja nature
13451,de,"Joghurtalternative aus Soja, nature",joghurtalternative aus soja nature
13452,en,"Yogurt substitute, soy-based, plain, with calcium and vitamin fortified",yogurt substitute soy based plain with calcium and vitamin fortified
13452,fr,"Substitut de yogourt, à base de soja, nature, enrichi en calcium et vitamines",substitut de yogourt a base de soja nature enrichi en calcium et vitamines
13452,de,"Joghurtalternative aus Soja, nature, mit Calcium und Vitaminen angereichert",joghurtalternative aus soja nature mit calcium und vitaminen angereichert
13453,en,"Yogurt substitute, soy-based, with fruits or flavour, with sugar",yogurt substitute soy based with fruits or flavour with sugar
13453,fr,"Substitut de yogourt, à base de soja, aux fruits ou arômes, sucré",substitut de yogourt a base de soja aux fruits ou aromes sucre
13453,de,"Joghurtalternative aus Soja, mit Früchten oder Aroma, gezuckert",joghurtalternative aus soja mit fruchten oder aroma gezuckert
13454,en,"Yogurt substitute, soy-based. with fruit or flavour, with sugar, with calcium and vitamins fortified",yogurt substitute soy based with fruit or flavour with sugar with calcium and vitamins fortified
13454,fr,"Substitut de yogourt, à base de soja, aux fruits ou arômes, sucré, enrichi en calcium et vitamines",substitut de yogourt a base de soja aux fruits ou aromes sucre enrichi en calcium et vitamines
13454,de,"Joghurtalternative aus Soja, mit Früchten oder Aroma, gezuckert, mit Calcium und Vitaminen angereichert",joghurtalternative aus soja mit fruchten oder aroma gezuckert mit calcium und vitaminen angereichert
14204,en,"Yogurt with cream, plain",yogurt with cream plain
14204,fr,"Yogourt à la crème, nature",yogourt a la creme nature
14204,de,"Joghurt mit Rahm, nature",joghurt mit rahm nature
14205,en,"Yogurt with cream, with fruits or flavour, sweetened",yogurt with cream with fruits or flavour sweetened
14205,fr,"Yogourt à la crème, aux fruits ou aromatisé, sucré",yogourt a la creme aux fruits ou aromatise sucre
14205,de,"Joghurt mit Rahm, mit Früchten oder Aroma, gezuckert",joghurt mit rahm mit fruchten oder aroma gezuckert
588,en,"Yogurt with fruit, low fat, with sweetener",yogurt with fruit low fat with sweetener
588,fr,"Yogourt maigre aux fruits, édulcoré",yogourt maigre aux fruits edulcore
588,fr,Yaourt,yaourt
588,de,"Joghurt mit Früchten, mager, mit Süssstoffen",joghurt mit fruchten mager mit sussstoffen
54,en,"Yogurt, chocolate",yogurt chocolate
54,fr,Yogourt au chocolat,yogourt au chocolat
54,fr,Yaourt,yaourt
54,de,"Joghurt, Schokolade",joghurt schokolade
55,en,"Yogurt, hazelnut",yogurt hazelnut
55,fr,Yogourt aux noisettes,yogourt aux noisettes
55,fr,Yaourt,yaourt
55,de,"Joghurt, Haselnuss",joghurt haselnuss
587,en,"Yogurt, low fat",yogurt low fat
587,fr,"Yogourt, nature, maigre",yogourt nature maigre
587,fr,Yaourt,yaourt
587,de,"Joghurt, nature, mager",joghurt nature mager
57,en,"Yogurt, mocca",yogurt mocca
57,fr,Yogourt au café,yogourt au cafe
57,fr,Yaourt,yaourt
57,de,"Joghurt, Mokka",joghurt mokka
99,en,"Yogurt, mocca, organic",yogurt mocca organic
99,fr,"Yogourt au café, bio",yogourt au cafe bio
99,fr,Yaourt,yaourt
99,de,"Joghurt, Mokka, Bio",joghurt mokka bio
53,en,"Yogurt, strawberry",yogurt strawberry
53,fr,Yogourt aux fraises,yogourt aux fraises
53,fr,Yaourt,yaourt
53,de,"Joghurt, Erdbeer",joghurt erdbeer
56,en,"Yogurt, vanilla",yogurt vanilla
56,fr,Yogourt à la vanille,yogourt a la vanille
56,fr,Yaourt,yaourt
56,de,"Joghurt, Vanille",joghurt vanille
759,en,Zampone,zampone
759,en,Stuffed porc foot,stuffed porc foot
759,fr,Zampone,zampone
759,de,Zampone,zampone
759,de,Gefüllter Schweinsfuss,gefullter schweinsfuss
506,en,Ziger white,ziger white
506,fr,Sérac,serac
506,de,Ziger weiss,ziger weiss
1661,en,"Zucchini piccata, prepared",zucchini piccata prepared
1661,fr,"Piccata de courgette, préparée",piccata de courgette preparee
1661,de,"Zucchetti-Piccata, zubereitet",zucchetti piccata zubereitet
1657,en,"Zucchini slices, breaded, prepared",zucchini slices breaded prepared
1657,fr,"Tranches de courgette, panées, préparées",tranches de courgette panees preparees
1657,de,"Zucchettischeiben, paniert, zubereitet",zucchettischeiben paniert zubereitet
367,en,"Zucchini, raw",zucchini raw
367,fr,"Courgette, crue",courgette crue
367,de,"Zucchetti, roh",zucchetti roh
367,de,Zucchini,zucchini
1654,en,"Zucchini, steamed (without addition of salt)",zucchini steamed without addition of salt
1654,fr,"Courgette, à la vapeur (sans adjonction de sel)",courgette a la vapeur sans adjonction de sel
1654,de,"Zucchetti, gedämpft (ohne Zugabe von Salz)",zucchetti gedampft ohne zugabe von salz
1031,en,"Zucchini, stewed (without addition of fat and salt)",zucchini stewed without addition of fat and salt
1031,fr,"Courgette, à l'étuvée (sans sel ni graisse)",courgette a l etuvee sans sel ni graisse
1031,de,"Zucchetti, gedünstet (ohne Zugabe von Fett und Salz)",zucchetti gedunstet ohne zugabe von fett und salz
1031,de,Zucchini,zucchini
